age,sys,dia,hr,temp,symptoms,conds,risk
50,177,87,81,39.6,,asthma|hypertension,2
85,103,107,139,37.9,dizziness,,2
72,167,76,83,36.1,dizziness,hypertension,0
67,155,63,108,37.5,,hypertension|asthma,1
20,130,92,91,38.2,fever,,0
49,122,66,123,38.0,chest pain|fever,hypertension|diabetes,2
42,170,63,113,37.0,dizziness|breathlessness,diabetes|hypertension,1
56,166,99,116,39.9,fever,,1
76,105,64,87,38.5,fever|breathlessness,diabetes,0
27,130,108,65,37.6,fever|chest pain,,0
27,102,96,122,39.2,,asthma|diabetes,2
62,151,81,113,37.8,,,1
89,186,68,140,36.8,fever|chest pain,hypertension,2
37,160,73,135,37.0,,asthma|hypertension,2
71,116,82,101,39.5,,asthma,1
42,121,96,100,36.6,fever|breathlessness,asthma,0
49,134,67,67,36.8,breathlessness,hypertension,0
64,159,63,110,37.4,dizziness,,1
70,103,76,111,38.4,breathlessness,,1
58,116,81,122,36.6,fever,,2
57,184,89,87,38.4,breathlessness,,2
38,186,67,60,38.5,,diabetes,2
57,164,63,137,38.1,breathlessness|chest pain,,2
85,137,72,60,37.7,chest pain,diabetes|asthma,0
49,100,89,77,36.1,dizziness|chest pain,hypertension,0
40,113,103,99,37.2,dizziness|fever,diabetes,0
19,160,82,95,36.8,fever|dizziness,diabetes,0
21,140,63,82,38.6,,diabetes|asthma,1
30,100,90,102,39.0,fever|chest pain,hypertension|asthma,1
81,111,63,93,36.1,fever|breathlessness,,0
47,172,106,86,39.3,,diabetes|hypertension,2
67,167,101,118,36.4,breathlessness,,1
76,176,104,130,38.6,breathlessness,hypertension|asthma,2
72,190,100,109,38.0,chest pain,,2
54,184,88,64,39.3,,hypertension,2
24,175,84,93,38.0,fever|breathlessness,,2
69,139,89,121,39.4,fever|dizziness,hypertension|asthma,2
49,128,66,113,37.3,dizziness,asthma|diabetes,1
53,161,61,83,39.8,chest pain|dizziness,asthma,1
53,128,83,110,36.4,,,1
83,186,92,113,36.2,,hypertension|diabetes,2
64,105,104,118,36.5,,diabetes,1
27,180,89,110,37.9,breathlessness,diabetes|hypertension,2
37,180,94,113,38.1,,diabetes|asthma,2
28,162,66,107,39.3,breathlessness|chest pain,,1
75,148,108,106,36.7,breathlessness,diabetes,1
72,154,98,97,38.6,fever|breathlessness,diabetes,1
81,156,90,109,39.9,,asthma,1
68,135,108,68,39.8,fever|chest pain,,1
55,161,82,119,39.3,,asthma|diabetes,1
36,108,87,60,37.2,fever|breathlessness,asthma|hypertension,0
61,134,93,107,37.3,chest pain|dizziness,diabetes,1
58,137,102,124,36.9,dizziness|fever,diabetes|asthma,2
24,140,62,126,38.5,,,2
25,120,90,121,38.2,fever,asthma|hypertension,2
21,133,89,60,37.9,breathlessness,diabetes|hypertension,0
51,187,82,109,38.6,,diabetes|hypertension,2
61,146,67,92,38.8,breathlessness|fever,asthma|diabetes,1
71,105,89,114,37.0,fever,hypertension|asthma,1
74,151,96,89,39.6,breathlessness,,1
76,152,62,99,39.7,dizziness,asthma|hypertension,1
71,171,79,114,36.9,,diabetes|hypertension,2
66,144,62,137,36.6,dizziness,asthma|hypertension,2
37,120,60,96,38.9,fever|breathlessness,,1
67,178,105,88,39.0,,hypertension,2
90,173,86,109,38.2,,diabetes|hypertension,2
29,173,68,115,39.8,chest pain|fever,asthma|hypertension,2
89,154,72,104,36.7,breathlessness|chest pain,,1
81,114,93,63,38.8,breathlessness,,1
24,170,79,107,36.7,breathlessness|chest pain,hypertension|diabetes,1
38,149,99,65,37.6,fever,,0
44,155,97,128,38.9,fever|breathlessness,diabetes,2
63,111,86,65,37.3,,asthma,0
43,176,101,84,38.0,,diabetes|hypertension,2
22,142,83,88,39.2,,hypertension,1
46,141,102,127,36.6,dizziness|chest pain,,2
34,105,67,125,39.2,fever|dizziness,diabetes,2
44,190,103,93,36.2,,diabetes,2
18,150,81,95,38.9,breathlessness|chest pain,diabetes,1
60,118,66,135,36.1,fever,diabetes|hypertension,2
31,172,109,140,39.4,dizziness|chest pain,,2
44,145,88,67,38.7,breathlessness|dizziness,,1
60,148,78,126,36.1,fever,,2
61,148,75,104,38.8,chest pain|breathlessness,hypertension,1
69,185,92,106,39.1,dizziness|chest pain,,2
82,187,92,126,38.6,,asthma,2
55,102,64,139,38.3,,hypertension|diabetes,2
68,182,103,132,39.2,dizziness|breathlessness,diabetes,2
39,139,110,138,36.2,breathlessness|chest pain,diabetes,2
69,136,65,132,36.5,chest pain,,2
29,125,70,130,39.7,chest pain|fever,,2
87,133,94,76,39.4,fever,diabetes,1
81,188,95,137,39.2,,diabetes|asthma,2
28,111,64,60,37.4,,hypertension|diabetes,0
27,121,83,62,39.9,breathlessness,asthma|hypertension,1
34,190,65,74,39.0,dizziness,,2
24,178,78,94,36.9,dizziness,asthma,2
81,115,86,66,36.2,breathlessness,asthma,0
54,109,62,120,36.9,dizziness,hypertension|diabetes,1
73,186,68,126,38.2,chest pain,diabetes,2
48,147,80,128,38.8,,,2
73,176,66,95,36.7,fever,asthma|hypertension,2
37,137,76,138,38.3,chest pain|breathlessness,diabetes,2
35,150,88,68,36.3,breathlessness|dizziness,hypertension,0
34,142,70,106,36.8,chest pain|breathlessness,diabetes,1
88,128,90,113,39.4,chest pain,asthma|diabetes,1
67,102,83,68,36.5,dizziness|fever,diabetes,0
80,164,87,123,37.9,chest pain|breathlessness,,2
82,125,68,89,39.4,fever|dizziness,,1
59,139,104,77,39.6,dizziness,asthma|diabetes,1
44,111,92,75,38.1,chest pain|fever,hypertension,0
31,100,65,64,38.0,chest pain,diabetes,0
45,123,62,62,39.4,dizziness,asthma|diabetes,1
40,165,102,139,36.4,chest pain,diabetes,2
30,157,101,96,37.8,dizziness,hypertension|diabetes,0
47,170,87,124,36.3,breathlessness,diabetes|asthma,2
51,188,75,62,36.9,dizziness|breathlessness,,2
38,155,81,78,39.7,,hypertension,1
79,168,75,94,37.4,fever,diabetes,0
59,189,62,128,39.8,breathlessness|chest pain,,2
71,168,67,105,37.9,fever|chest pain,asthma,1
82,167,96,71,37.5,,,0
37,183,96,123,39.1,fever,hypertension|asthma,2
30,127,83,139,38.4,fever,asthma|diabetes,2
37,190,87,132,36.7,breathlessness|fever,hypertension|asthma,2
36,130,72,86,37.2,fever,,0
52,107,79,86,36.8,fever|breathlessness,,0
47,130,81,89,38.6,dizziness,hypertension,1
32,114,102,91,37.3,dizziness,hypertension|diabetes,0
30,165,83,127,39.2,fever|chest pain,diabetes|asthma,2
26,127,63,118,39.0,,hypertension,1
52,172,64,140,37.4,breathlessness,,2
26,105,70,99,39.5,chest pain|breathlessness,,1
80,133,66,116,37.5,breathlessness,hypertension|asthma,1
26,190,71,103,37.4,fever|breathlessness,,2
79,186,104,116,37.9,chest pain,diabetes,2
33,129,60,88,39.7,,,1
27,174,83,136,37.8,chest pain,hypertension|asthma,2
51,186,78,116,37.6,chest pain|dizziness,,2
23,119,109,137,38.1,chest pain,,2
18,106,92,92,39.4,,,1
47,166,64,140,37.3,fever|dizziness,asthma|diabetes,2
62,158,108,128,37.6,,hypertension,2
45,158,84,102,38.7,,diabetes,1
74,136,92,107,37.3,chest pain,hypertension,1
18,165,83,88,36.5,breathlessness,asthma,0
49,190,102,71,36.3,fever|breathlessness,diabetes,2
39,101,86,77,36.1,,hypertension|diabetes,0
56,173,71,134,39.1,breathlessness|dizziness,,2
34,144,91,124,37.4,,hypertension,2
44,141,68,137,37.2,fever,hypertension,2
66,144,85,76,40.0,dizziness,asthma,1
77,128,87,102,38.5,fever,diabetes|asthma,1
85,125,61,115,39.3,fever|breathlessness,,1
47,162,89,139,38.2,dizziness|breathlessness,diabetes,2
34,142,60,111,37.4,,asthma,1
46,170,86,65,38.7,breathlessness,diabetes,1
90,130,94,95,39.1,fever|dizziness,hypertension|diabetes,1
32,164,60,82,37.8,,diabetes,0
35,102,93,100,37.8,chest pain,diabetes,0
41,138,94,96,39.6,,hypertension,1
73,184,105,84,37.7,dizziness,asthma|diabetes,2
86,107,86,120,38.1,chest pain|breathlessness,diabetes|asthma,1
32,174,78,77,38.0,,,2
74,172,89,92,36.4,,,2
65,132,100,68,37.3,breathlessness|chest pain,asthma,0
36,188,104,132,37.0,breathlessness|fever,diabetes|hypertension,2
52,120,62,79,38.5,breathlessness|dizziness,diabetes|hypertension,0
48,187,66,121,36.6,,diabetes,2
83,183,90,102,37.4,chest pain,diabetes,2
25,137,65,114,37.5,,,1
43,118,88,82,36.4,chest pain,diabetes,0
71,131,82,130,37.8,chest pain,diabetes,2
47,173,75,82,39.4,fever,diabetes,2
51,137,70,93,37.4,chest pain,hypertension|diabetes,0
46,104,76,109,38.0,fever|chest pain,asthma|diabetes,1
51,140,80,66,36.5,breathlessness,hypertension,0
38,111,65,97,37.3,dizziness|breathlessness,diabetes,0
82,185,86,91,37.6,fever,,2
22,119,91,88,39.9,chest pain|fever,,1
29,179,101,93,39.0,,asthma|diabetes,2
86,164,71,106,36.3,,hypertension|asthma,1
26,181,90,137,38.5,breathlessness|dizziness,,2
77,108,103,126,36.5,,diabetes|hypertension,2
62,161,81,77,38.4,chest pain|fever,,0
27,185,88,115,39.1,,,2
56,177,105,113,36.7,dizziness,diabetes,2
22,135,68,93,36.9,fever,,0
45,170,98,111,37.1,,diabetes,1
74,175,60,124,38.6,breathlessness,diabetes|asthma,2
56,111,102,119,36.5,fever,,1
60,149,98,67,38.6,,,1
71,105,77,76,39.5,fever|chest pain,diabetes|asthma,1
23,165,68,104,37.4,,,1
69,147,68,113,39.1,,diabetes,1
76,186,94,128,36.7,,diabetes,2
87,140,85,101,36.5,,hypertension,1
46,133,102,73,38.9,chest pain,hypertension|asthma,1
36,109,104,112,37.5,breathlessness,diabetes,1
40,147,99,112,36.1,,diabetes|asthma,1
87,182,78,87,39.8,chest pain,diabetes|asthma,2
69,164,68,99,39.2,,diabetes|asthma,1
23,129,105,133,37.7,breathlessness,hypertension,2
44,155,94,125,36.5,fever|chest pain,asthma|diabetes,2
41,134,93,75,37.4,,,0
33,101,77,90,36.3,dizziness,diabetes|hypertension,0
65,118,97,66,38.8,chest pain|breathlessness,hypertension,1
79,169,90,63,39.9,fever|dizziness,hypertension,1
28,174,87,84,38.6,chest pain,hypertension,2
46,107,108,140,39.6,breathlessness|chest pain,,2
32,117,106,77,37.0,,diabetes,0
45,162,61,77,39.7,chest pain|breathlessness,asthma,1
36,190,66,65,37.7,,diabetes|hypertension,2
82,190,62,124,38.3,fever,asthma,2
79,178,68,81,38.7,,asthma,2
78,112,81,74,38.6,chest pain|fever,asthma|hypertension,1
41,163,87,82,38.9,fever|dizziness,asthma|hypertension,1
84,127,84,124,37.6,breathlessness,,2
65,111,73,62,37.0,,asthma|hypertension,0
67,127,78,104,38.8,,asthma,1
50,105,80,125,37.1,,hypertension,2
38,131,106,116,39.5,chest pain,diabetes,1
48,106,94,131,39.5,breathlessness,diabetes,2
55,175,102,126,38.4,fever|breathlessness,asthma,2
40,123,68,121,38.0,,,2
58,127,86,107,36.9,fever,diabetes|hypertension,1
48,162,107,119,39.7,dizziness|fever,diabetes,1
20,112,63,67,37.6,,hypertension,0
90,181,103,106,39.0,breathlessness,,2
59,101,62,137,38.1,,,2
51,152,80,126,39.3,,,2
70,110,69,71,36.2,,,0
29,102,76,121,38.5,breathlessness,asthma|diabetes,2
56,175,89,104,38.2,,hypertension,2
82,129,100,60,39.5,,diabetes,1
57,189,93,97,36.2,,,2
84,158,98,98,38.3,fever|chest pain,asthma|diabetes,0
37,172,105,63,37.8,breathlessness,hypertension,2
34,154,107,126,37.9,fever|chest pain,,2
72,132,68,122,37.6,breathlessness|chest pain,hypertension,2
35,148,76,75,36.3,chest pain|fever,asthma,0
63,141,83,133,36.5,,,2
74,151,108,87,38.8,,asthma,1
59,183,69,122,38.1,chest pain|fever,,2
88,167,65,81,36.7,breathlessness|fever,hypertension|asthma,0
63,101,98,104,38.7,fever,asthma|hypertension,1
49,122,73,127,36.8,,hypertension,2
74,137,85,135,36.0,,asthma,2
62,105,92,138,39.2,,hypertension|diabetes,2
51,130,65,62,37.1,fever,asthma,0
83,132,69,77,36.9,,,0
89,159,98,122,39.3,fever|dizziness,hypertension|diabetes,2
46,139,61,102,38.9,,asthma|hypertension,1
69,137,64,94,36.8,chest pain,asthma|hypertension,0
58,187,102,67,39.4,fever,diabetes|hypertension,2
51,103,83,84,36.4,fever|dizziness,,0
54,121,67,140,37.5,fever,,2
56,187,65,111,37.8,fever|breathlessness,,2
54,133,96,63,38.6,fever,diabetes,1
49,105,81,121,39.8,,asthma|hypertension,2
69,158,70,84,36.6,fever,asthma|diabetes,0
42,105,62,132,37.0,,hypertension,2
22,104,64,85,38.3,,asthma,0
85,130,96,90,36.5,fever,,0
67,168,109,60,37.5,fever|chest pain,,0
83,190,72,99,36.5,dizziness|chest pain,diabetes|hypertension,2
41,189,97,79,39.0,chest pain|fever,asthma,2
76,181,106,105,38.5,chest pain|fever,asthma|hypertension,2
25,112,103,88,36.2,breathlessness,asthma,0
27,123,99,88,38.8,fever|dizziness,hypertension,1
84,119,76,80,39.7,,diabetes,1
39,166,66,112,38.4,fever,,1
84,189,66,135,38.3,dizziness,,2
44,171,98,93,38.7,chest pain|fever,,2
63,157,62,114,36.4,dizziness,,1
25,127,97,73,36.2,breathlessness|fever,,0
56,153,79,138,39.4,,,2
23,108,71,136,38.4,,diabetes|hypertension,2
75,138,66,87,36.9,fever|dizziness,hypertension,0
36,142,63,80,38.6,fever,,1
85,160,77,110,39.4,fever,asthma,1
18,123,88,125,36.9,,asthma|diabetes,2
42,144,65,86,38.4,fever|dizziness,diabetes,0
69,109,101,88,36.5,,hypertension|asthma,0
46,155,100,89,36.7,,asthma,0
42,176,99,80,37.8,chest pain,,2
52,134,110,82,39.8,breathlessness|dizziness,,1
19,137,60,73,37.5,,diabetes|asthma,0
89,154,94,113,39.2,breathlessness|dizziness,,1
31,148,80,129,38.0,,,2
18,135,60,104,39.5,,hypertension|asthma,1
85,142,96,97,38.2,,,0
79,154,92,111,37.9,,,1
19,105,98,89,38.9,,hypertension|diabetes,1
63,162,99,72,38.8,breathlessness,asthma|diabetes,1
36,174,64,109,37.7,chest pain,hypertension|diabetes,2
39,140,64,132,38.2,breathlessness|chest pain,diabetes,2
90,167,88,127,37.7,chest pain|breathlessness,diabetes,2
79,177,71,116,37.0,dizziness,asthma|hypertension,2
27,167,95,91,37.9,chest pain|fever,asthma|diabetes,0
86,140,63,97,38.0,dizziness|fever,hypertension|diabetes,0
56,156,75,126,37.6,chest pain,hypertension,2
62,113,74,107,39.4,dizziness,asthma,1
77,133,78,128,39.0,breathlessness|dizziness,diabetes,2
43,110,110,88,39.2,breathlessness|dizziness,,1
77,175,67,72,38.4,,,2
61,146,79,76,39.9,dizziness|breathlessness,diabetes|asthma,1
45,122,73,112,36.2,,asthma|hypertension,1
29,124,93,61,36.6,fever|breathlessness,,0
77,145,95,119,37.2,fever|breathlessness,,1
20,120,110,97,36.9,fever,,0
25,167,72,105,38.5,breathlessness|fever,hypertension,1
56,126,104,128,37.3,chest pain,asthma,2
39,118,98,123,37.0,chest pain|fever,asthma|diabetes,2
60,135,81,83,38.1,,diabetes|asthma,0
21,141,66,108,38.0,breathlessness,diabetes|hypertension,1
33,108,79,124,37.0,dizziness|fever,,2
34,119,102,64,37.4,,diabetes,0
55,150,69,132,37.0,,diabetes|hypertension,2
22,122,99,100,39.0,,hypertension,1
58,107,106,101,39.5,,,1
39,180,65,87,38.7,,,2
46,174,100,71,39.4,breathlessness,,2
80,102,78,80,37.5,dizziness,asthma,0
50,188,63,88,39.3,fever,hypertension|diabetes,2
43,127,108,102,38.5,fever,,1
77,179,109,91,39.3,,,2
55,125,100,80,38.7,,hypertension|asthma,1
28,165,80,86,37.2,breathlessness|chest pain,diabetes|hypertension,0
44,137,77,134,37.8,chest pain|fever,,2
63,112,103,90,39.2,breathlessness,,1
70,182,74,109,36.8,breathlessness|chest pain,,2
60,178,107,109,38.1,breathlessness|dizziness,,2
51,159,69,84,39.6,dizziness,,1
32,169,60,68,38.7,,hypertension,1
67,104,64,131,37.8,dizziness,diabetes,2
30,127,89,91,37.9,,,0
48,129,62,115,36.5,,hypertension,1
84,167,79,123,36.2,,diabetes|hypertension,2
23,106,104,140,37.7,fever|dizziness,diabetes,2
87,177,106,86,37.1,,,2
66,186,74,129,37.4,dizziness,asthma|hypertension,2
29,132,110,70,37.6,,diabetes|asthma,0
27,180,66,71,37.0,chest pain|dizziness,,2
63,170,84,101,38.5,chest pain,diabetes,1
31,180,102,74,37.5,fever,hypertension,2
90,133,99,64,37.2,,,0
38,178,86,118,37.3,,hypertension,2
28,113,88,63,37.1,fever,diabetes|hypertension,0
68,152,98,130,38.7,fever|chest pain,,2
47,160,75,77,38.5,,asthma,0
60,135,72,66,37.9,chest pain|breathlessness,hypertension|diabetes,0
50,160,64,74,39.4,dizziness,,1
46,106,60,101,39.2,dizziness,asthma,1
81,157,61,86,37.7,breathlessness|dizziness,,0
54,150,105,110,36.3,chest pain|dizziness,diabetes,1
32,103,100,84,37.6,,hypertension,0
70,100,107,136,39.6,fever|dizziness,,2
66,137,78,91,38.7,chest pain,,1
76,172,83,103,39.3,breathlessness,hypertension,2
77,143,108,118,37.5,chest pain|breathlessness,asthma,1
73,179,72,119,38.4,,asthma|diabetes,2
65,116,105,103,37.4,dizziness|breathlessness,,1
40,125,82,69,37.0,dizziness,,0
86,113,68,62,39.2,dizziness|chest pain,,1
30,190,84,130,37.1,chest pain|fever,hypertension|asthma,2
59,142,72,100,39.8,breathlessness,hypertension,1
18,129,94,105,38.7,chest pain,,1
38,183,76,121,38.1,,diabetes,2
52,133,88,86,36.5,chest pain|breathlessness,hypertension,0
68,141,110,123,37.1,chest pain|breathlessness,,2
64,156,95,69,38.3,breathlessness|dizziness,hypertension|asthma,0
43,175,78,91,39.4,,diabetes,2
31,133,60,79,37.4,breathlessness,asthma,0
83,123,96,97,37.7,dizziness|breathlessness,diabetes|asthma,0
40,132,89,106,38.8,dizziness|fever,asthma,1
42,165,85,67,37.8,,hypertension,0
54,190,62,101,38.8,fever|breathlessness,diabetes|asthma,2
34,131,85,95,39.6,chest pain,asthma|hypertension,1
36,169,89,83,39.1,,,1
53,163,106,62,37.7,fever|dizziness,asthma,0
39,169,68,136,37.3,,hypertension,2
58,144,93,127,37.3,chest pain,hypertension,2
90,127,60,115,39.9,chest pain|breathlessness,asthma,1
64,168,109,88,39.8,,,1
52,111,76,135,37.0,breathlessness,diabetes|hypertension,2
78,179,100,98,36.5,,hypertension|diabetes,2
19,124,103,63,38.6,,hypertension,1
54,158,77,97,39.7,,asthma|diabetes,1
33,131,84,63,38.9,,hypertension|asthma,1
22,133,81,64,38.7,chest pain|dizziness,,1
75,159,74,96,37.7,fever,hypertension,0
88,183,76,117,39.4,breathlessness,asthma|diabetes,2
46,182,64,76,38.4,,hypertension,2
40,105,90,137,36.2,,diabetes,2
66,121,87,106,39.5,chest pain|dizziness,,1
35,159,78,129,37.6,dizziness,diabetes,2
72,178,74,84,36.6,breathlessness|dizziness,,2
87,113,88,138,39.8,fever,hypertension,2
33,137,105,117,37.1,dizziness|breathlessness,,1
53,122,77,136,39.8,chest pain|dizziness,hypertension,2
51,121,66,114,37.8,,diabetes|asthma,1
37,161,62,136,37.3,dizziness,asthma,2
21,184,85,81,39.7,dizziness|fever,,2
65,128,70,92,39.4,chest pain|breathlessness,asthma|diabetes,1
81,170,102,136,40.0,,,2
25,110,103,133,38.8,,diabetes,2
89,121,73,64,36.9,chest pain,asthma|hypertension,0
89,174,77,121,36.2,,diabetes|hypertension,2
88,171,76,114,36.9,chest pain,diabetes|hypertension,2
49,170,89,96,36.5,,hypertension,0
20,118,86,64,36.2,chest pain,,0
45,130,86,66,37.5,,,0
30,186,108,133,37.5,fever|dizziness,,2
72,151,60,115,38.4,fever|dizziness,asthma,1
46,181,104,60,38.2,fever|chest pain,asthma,2
65,116,107,102,39.9,,,1
78,149,61,74,40.0,fever,hypertension,1
82,115,60,130,36.7,fever,hypertension,2
71,149,75,75,38.0,chest pain,,0
49,168,103,99,38.9,chest pain,hypertension,1
65,122,73,61,39.1,chest pain,,1
33,125,82,109,37.3,breathlessness|dizziness,diabetes|hypertension,1
35,131,62,66,36.9,,,0
74,118,67,114,38.6,dizziness,asthma,1
38,100,73,120,36.6,chest pain,,1
55,124,63,109,38.5,fever|chest pain,,1
66,137,65,100,38.3,,diabetes|hypertension,0
76,188,105,137,39.8,chest pain|breathlessness,,2
18,108,70,107,36.1,dizziness,diabetes,1
53,128,85,99,38.8,,,1
37,149,110,139,38.3,,,2
63,170,79,128,39.6,chest pain,hypertension,2
63,149,101,110,38.8,,asthma,1
58,104,106,127,38.5,dizziness|breathlessness,diabetes,2
72,117,78,93,36.5,chest pain|fever,asthma,0
55,152,108,126,36.3,,asthma,2
54,139,99,109,38.5,breathlessness|dizziness,asthma|diabetes,1
20,137,104,92,39.1,fever|chest pain,hypertension|diabetes,1
65,102,86,113,36.4,chest pain|fever,,1
54,110,70,115,38.7,chest pain|breathlessness,diabetes,1
84,121,80,136,38.3,,,2
36,190,81,98,36.3,fever,asthma|diabetes,2
30,129,83,84,39.4,fever,,1
63,140,92,139,39.0,,asthma,2
68,157,70,133,38.1,dizziness,asthma,2
74,103,106,84,39.7,chest pain,diabetes|hypertension,1
70,152,66,84,38.0,chest pain,hypertension,0
56,179,109,69,37.1,dizziness|fever,asthma|hypertension,2
76,101,99,119,39.4,dizziness|chest pain,hypertension,1
28,122,85,117,39.8,chest pain|fever,,1
78,133,63,107,40.0,fever|dizziness,hypertension|asthma,1
27,118,96,129,37.3,,,2
70,125,70,136,38.4,,diabetes|asthma,2
68,143,71,134,38.9,fever|chest pain,hypertension,2
48,129,86,66,38.2,,hypertension,0
34,150,74,127,36.2,fever|dizziness,,2
27,163,60,104,39.1,,,1
50,140,74,84,36.1,breathlessness|dizziness,diabetes,0
63,159,88,135,37.4,fever|dizziness,asthma|hypertension,2
72,186,89,86,37.7,breathlessness|dizziness,hypertension,2
20,156,64,82,36.4,breathlessness|fever,,0
26,103,72,92,38.0,fever|breathlessness,,0
36,122,107,75,38.0,chest pain|breathlessness,,0
30,178,95,121,38.4,,,2
20,100,105,109,37.1,fever|breathlessness,asthma|diabetes,1
33,147,68,63,37.6,chest pain|breathlessness,,0
30,186,62,130,38.3,fever,asthma,2
63,140,94,114,36.2,,diabetes,1
72,139,75,120,37.0,fever,asthma|hypertension,1
82,151,104,133,36.4,fever,asthma,2
50,140,61,136,37.6,,,2
24,187,100,80,39.4,fever|breathlessness,hypertension|asthma,2
20,183,105,89,39.5,chest pain|fever,asthma|diabetes,2
40,153,73,88,39.0,,,1
57,153,91,133,39.5,breathlessness|dizziness,asthma,2
42,172,82,96,39.6,fever,,2
48,146,61,82,39.0,breathlessness,,1
65,131,68,127,37.2,fever|dizziness,hypertension,2
63,189,89,139,36.0,chest pain|dizziness,,2
81,180,103,123,36.5,chest pain,diabetes|hypertension,2
88,188,93,71,37.1,,hypertension,2
79,116,82,91,38.8,chest pain|dizziness,diabetes,1
73,146,79,94,38.1,fever|chest pain,diabetes|hypertension,0
90,158,80,124,36.7,,diabetes,2
76,182,105,70,38.3,,hypertension|asthma,2
60,128,90,115,40.0,chest pain,,1
30,119,79,136,37.3,,diabetes,2
66,188,67,84,36.5,,diabetes,2
55,180,88,85,38.1,breathlessness,,2
42,149,81,109,37.5,,hypertension|diabetes,1
30,108,98,106,36.7,fever|chest pain,asthma|hypertension,1
20,130,64,78,36.8,,,0
38,127,90,67,36.7,breathlessness|dizziness,,0
28,176,66,123,38.9,dizziness|fever,,2
85,166,74,121,37.8,,hypertension,2
65,123,73,82,39.1,fever,,1
21,182,90,64,37.0,,diabetes|hypertension,2
69,154,83,89,38.3,breathlessness,diabetes|asthma,0
40,155,63,89,39.5,chest pain|breathlessness,diabetes,1
44,186,98,98,38.5,,diabetes|hypertension,2
80,157,76,134,36.0,fever|breathlessness,,2
18,138,90,70,36.5,,asthma,0
69,126,64,140,39.1,fever,diabetes|asthma,2
69,183,84,76,37.7,fever,hypertension|asthma,2
75,165,110,118,37.0,chest pain|dizziness,diabetes,1
58,106,101,122,37.5,,asthma|diabetes,2
67,180,78,101,38.7,fever,asthma|hypertension,2
69,118,80,76,37.8,chest pain,,0
76,152,82,83,39.2,chest pain|dizziness,,1
55,134,71,100,37.7,breathlessness,asthma,0
71,151,84,71,37.2,dizziness,hypertension|asthma,0
83,160,88,99,37.4,,hypertension|asthma,0
62,125,76,102,39.2,breathlessness,asthma,1
50,169,75,115,37.9,fever|dizziness,hypertension,1
30,152,67,62,36.5,,,0
87,155,76,118,37.4,breathlessness|dizziness,hypertension|asthma,1
88,189,79,66,36.2,dizziness,diabetes|hypertension,2
81,189,110,122,36.3,,hypertension|asthma,2
86,168,107,138,38.8,fever,,2
64,134,90,71,37.9,,diabetes|hypertension,0
71,125,101,137,36.4,dizziness|fever,asthma|diabetes,2
41,160,82,111,37.9,dizziness|breathlessness,hypertension|diabetes,1
42,122,74,71,37.8,,asthma|hypertension,0
74,134,101,82,36.8,breathlessness|chest pain,hypertension,0
60,100,105,63,39.3,,asthma,1
43,183,89,71,40.0,,asthma,2
21,139,84,121,36.7,,diabetes|hypertension,2
24,128,76,69,36.4,dizziness|breathlessness,hypertension|asthma,0
38,127,93,106,36.9,chest pain|breathlessness,,1
39,137,84,112,38.8,,,1
28,139,102,122,36.7,fever|breathlessness,asthma,2
80,185,100,129,38.3,breathlessness,,2
90,179,104,139,39.6,breathlessness|dizziness,asthma,2
57,121,102,112,38.6,chest pain|breathlessness,diabetes|hypertension,1
72,166,64,76,37.3,,,0
28,152,89,134,36.4,fever,hypertension|asthma,2
24,178,81,70,36.3,dizziness|fever,,2
69,177,110,136,38.0,chest pain,asthma|diabetes,2
18,142,89,98,36.1,,hypertension|asthma,0
18,188,96,63,38.6,,asthma,2
31,181,110,76,36.8,dizziness,hypertension|asthma,2
57,124,104,112,37.7,dizziness|breathlessness,asthma|diabetes,1
27,163,65,135,37.5,,diabetes|asthma,2
73,177,90,99,38.5,fever|dizziness,,2
60,101,78,62,39.9,breathlessness|fever,,1
51,123,88,84,36.7,dizziness,diabetes|asthma,0
28,106,106,129,36.3,dizziness|fever,,2
80,141,109,101,40.0,chest pain,hypertension,1
48,175,64,117,37.0,,asthma,2
33,184,106,72,39.8,,asthma|hypertension,2
35,108,73,74,38.2,breathlessness|chest pain,,0
73,131,68,100,37.6,,diabetes|asthma,0
55,164,71,80,37.4,fever|breathlessness,diabetes|asthma,0
27,131,67,77,37.8,dizziness|chest pain,,0
49,174,60,71,36.5,breathlessness|fever,hypertension,2
67,125,105,77,36.2,,,0
84,143,103,114,36.5,,,1
90,108,85,111,37.6,,hypertension,1
68,161,106,87,38.4,,hypertension,0
86,123,105,105,37.8,,diabetes,1
89,120,80,130,37.4,fever,hypertension,2
50,102,90,68,37.7,chest pain|breathlessness,,0
28,187,82,111,38.3,fever|dizziness,,2
85,190,93,102,37.6,chest pain,diabetes,2
78,167,80,75,37.3,dizziness,,0
27,100,60,107,36.1,,,1
53,113,68,93,37.8,chest pain|breathlessness,asthma|hypertension,0
61,190,77,99,39.7,,asthma,2
20,160,101,75,38.2,dizziness,asthma|diabetes,0
18,123,61,77,38.9,fever|breathlessness,diabetes,1
20,144,106,98,36.3,,hypertension|asthma,0
82,103,72,104,39.9,,,1
62,115,71,103,36.5,dizziness|fever,,1
36,146,63,113,36.3,fever,hypertension|diabetes,1
48,159,83,99,38.7,breathlessness|fever,diabetes|hypertension,1
40,115,99,97,39.7,fever,diabetes,1
54,150,60,111,36.8,fever|breathlessness,,1
53,180,78,81,39.2,breathlessness,,2
74,143,76,72,39.8,,,1
31,105,78,138,38.2,fever|breathlessness,,2
74,140,61,84,37.5,chest pain,hypertension,0
26,142,106,60,38.8,,asthma|diabetes,1
29,190,63,72,39.8,breathlessness|dizziness,asthma|hypertension,2
89,177,110,63,37.0,fever,asthma|hypertension,2
27,126,107,98,38.9,breathlessness|fever,asthma,1
84,116,81,77,36.5,dizziness|breathlessness,hypertension|diabetes,0
82,163,71,85,39.9,dizziness,asthma|diabetes,1
87,120,74,82,38.0,,diabetes,0
25,174,78,135,37.0,dizziness,,2
33,181,102,137,36.2,chest pain|fever,asthma|diabetes,2
31,177,95,111,37.0,,,2
56,148,93,62,36.5,dizziness|breathlessness,asthma|hypertension,0
28,179,98,121,36.5,fever|dizziness,diabetes,2
47,132,62,114,37.5,chest pain|fever,,1
42,103,74,121,39.2,fever,,2
45,101,67,122,38.9,fever,hypertension|asthma,2
86,151,85,79,38.7,breathlessness|fever,diabetes|asthma,1
21,149,80,121,37.7,,diabetes,2
18,162,79,63,37.7,fever|breathlessness,,0
61,149,98,61,36.6,dizziness,asthma,0
87,166,87,83,36.5,breathlessness|chest pain,hypertension|diabetes,0
83,185,100,107,37.3,,,2
77,155,86,93,36.9,fever,asthma|hypertension,0
34,153,84,62,39.9,dizziness|breathlessness,,1
35,170,105,118,38.4,fever,diabetes|hypertension,1
83,163,92,136,37.5,breathlessness|dizziness,hypertension|diabetes,2
89,117,79,130,36.8,,,2
77,184,108,67,37.6,breathlessness,,2
53,131,74,138,38.0,fever,asthma|hypertension,2
51,125,90,128,38.7,,,2
55,140,104,91,40.0,,asthma|diabetes,1
34,115,70,60,38.9,,hypertension,1
78,152,65,113,38.0,dizziness,asthma|diabetes,1
38,170,61,76,38.3,chest pain|fever,hypertension|diabetes,0
83,140,101,100,39.4,chest pain|fever,diabetes,1
30,144,108,109,39.4,dizziness|breathlessness,asthma|diabetes,1
84,140,74,123,38.8,fever|chest pain,diabetes|asthma,2
29,117,105,97,37.2,dizziness|chest pain,,0
61,117,92,81,39.2,breathlessness,,1
46,100,81,100,36.0,,diabetes|hypertension,0
25,106,76,78,38.3,,hypertension,0
39,167,89,130,38.5,dizziness|breathlessness,,2
55,164,85,109,37.5,breathlessness,hypertension,1
50,149,101,94,37.0,dizziness|breathlessness,asthma|hypertension,0
71,137,87,84,36.8,,asthma|hypertension,0
86,143,73,96,36.5,,,0
42,149,89,113,37.7,chest pain|fever,diabetes,1
42,172,101,112,40.0,chest pain,asthma|hypertension,2
65,182,85,69,39.9,breathlessness|dizziness,asthma,2
28,143,78,118,36.9,breathlessness,,1
87,155,82,117,38.9,dizziness|fever,,1
37,168,73,92,38.7,dizziness|breathlessness,hypertension,1
44,149,64,61,38.6,,hypertension,1
62,152,76,139,37.9,,hypertension,2
42,127,100,83,39.6,,asthma,1
39,102,106,96,36.0,chest pain|fever,hypertension|asthma,0
33,120,69,85,36.5,dizziness,diabetes|asthma,0
74,163,87,83,39.8,fever|breathlessness,diabetes|asthma,1
87,189,71,60,38.1,dizziness|chest pain,asthma,2
32,182,60,129,36.5,,,2
54,166,100,60,38.1,dizziness,,0
49,161,77,96,38.1,fever,hypertension,0
64,116,68,119,36.0,,diabetes|asthma,1
68,140,71,88,36.6,breathlessness|dizziness,asthma|hypertension,0
26,119,91,132,39.8,chest pain|breathlessness,,2
41,116,101,73,38.6,fever,,1
65,156,84,60,37.0,dizziness|fever,hypertension|asthma,0
78,158,110,132,36.0,dizziness|breathlessness,hypertension,2
89,134,79,78,39.8,dizziness,,1
72,121,70,64,40.0,,hypertension,1
46,130,93,103,38.8,fever,hypertension|diabetes,1
31,187,66,103,38.0,dizziness,,2
26,156,86,70,38.2,breathlessness|fever,hypertension|asthma,0
27,181,73,93,38.3,,diabetes|hypertension,2
37,133,67,106,39.8,chest pain,asthma,1
66,129,105,61,38.5,,,0
54,118,67,104,38.2,,asthma|hypertension,1
40,126,79,70,36.7,fever|chest pain,hypertension,0
21,101,82,67,38.6,,hypertension,1
89,122,104,94,38.6,,,1
57,188,62,88,37.8,dizziness|chest pain,,2
26,133,91,111,37.0,chest pain,hypertension|diabetes,1
37,181,85,132,37.6,dizziness,,2
60,173,92,117,37.9,chest pain,diabetes,2
47,157,106,96,39.9,,asthma,1
79,132,82,95,37.0,chest pain,,0
33,187,74,67,38.0,,diabetes,2
57,132,100,72,38.3,dizziness,diabetes|hypertension,0
39,133,107,98,36.8,dizziness|fever,,0
32,107,99,113,38.1,dizziness,,1
55,100,60,95,39.2,,diabetes,1
50,142,99,67,38.8,breathlessness,hypertension|asthma,1
72,143,100,70,38.4,,hypertension,0
88,136,67,116,39.7,,hypertension,1
51,171,108,106,36.0,dizziness,,2
45,182,82,98,37.6,breathlessness,diabetes|hypertension,2
75,187,96,113,38.2,breathlessness,diabetes|asthma,2
55,113,94,85,38.0,fever,,0
23,145,93,103,39.9,fever|dizziness,asthma,1
77,125,103,139,36.2,dizziness|breathlessness,asthma|hypertension,2
83,156,110,139,36.6,fever|breathlessness,hypertension,2
42,156,92,109,36.9,,,1
53,188,80,78,37.2,breathlessness|dizziness,,2
22,188,92,67,39.6,chest pain,diabetes,2
22,144,93,64,39.0,dizziness|breathlessness,,1
41,163,65,116,38.8,,,1
56,104,64,104,37.1,breathlessness|chest pain,hypertension,1
54,128,95,78,38.5,fever|breathlessness,diabetes|asthma,0
40,129,63,106,36.7,dizziness|fever,asthma|diabetes,1
45,177,70,117,39.0,breathlessness,hypertension,2
77,102,89,100,39.7,fever,,1
62,175,105,102,38.0,chest pain,hypertension,2
83,124,101,131,37.5,fever,diabetes|hypertension,2
71,112,64,128,39.9,breathlessness|dizziness,hypertension,2
81,147,84,64,39.6,dizziness,diabetes|hypertension,1
39,151,67,140,37.5,chest pain,,2
81,185,67,63,36.8,chest pain|dizziness,,2
64,162,85,65,37.4,chest pain,diabetes|hypertension,0
79,157,64,65,36.3,chest pain,,0
65,176,71,112,37.0,,,2
51,184,65,132,37.7,chest pain,asthma,2
58,101,77,126,38.8,fever,hypertension|asthma,2
79,118,65,93,36.6,breathlessness,asthma|hypertension,0
42,187,72,116,39.7,dizziness|fever,hypertension|diabetes,2
83,119,66,91,38.8,breathlessness|chest pain,asthma|hypertension,1
90,123,74,60,37.8,breathlessness|dizziness,,0
22,111,104,68,36.6,fever,,0
64,128,67,121,37.6,chest pain,hypertension,2
27,153,108,125,39.2,dizziness|chest pain,diabetes|asthma,2
66,117,60,92,39.3,,asthma,1
25,177,71,97,38.4,dizziness,hypertension,2
58,151,102,107,36.5,dizziness,asthma|diabetes,1
63,119,85,103,36.2,chest pain,hypertension,1
37,168,72,94,38.5,chest pain,hypertension,0
46,170,89,77,36.2,,hypertension,0
21,130,70,113,39.8,breathlessness|fever,asthma,1
45,104,86,61,39.6,,diabetes|asthma,1
63,169,64,89,37.7,fever,diabetes|asthma,0
87,168,90,115,38.7,dizziness,hypertension|diabetes,1
78,141,106,66,38.1,fever|chest pain,,0
66,174,106,123,36.5,chest pain,diabetes|asthma,2
43,162,94,131,37.5,dizziness|fever,asthma|diabetes,2
39,101,69,62,37.9,,asthma|diabetes,0
69,137,106,128,37.4,breathlessness|dizziness,,2
32,181,69,76,39.8,breathlessness|dizziness,,2
88,167,99,77,39.7,breathlessness,,1
24,146,87,75,37.4,,,0
22,111,76,117,39.8,chest pain,hypertension|asthma,1
90,104,82,112,38.4,breathlessness|dizziness,hypertension,1
80,109,62,79,38.0,,,0
49,111,97,109,38.5,chest pain,asthma,1
19,137,94,95,36.6,chest pain|fever,,0
57,133,82,117,37.3,,asthma,1
86,141,106,118,36.8,chest pain,,1
63,100,85,80,39.3,fever|chest pain,diabetes|hypertension,1
72,173,90,106,39.2,,diabetes,2
67,169,76,116,37.7,,asthma,1
45,153,95,110,36.2,breathlessness|fever,,1
25,106,110,74,38.9,,diabetes|asthma,1
81,188,68,138,36.3,,,2
64,159,68,79,37.5,dizziness,,0
66,172,92,89,38.8,chest pain,,2
54,174,76,77,39.2,fever|dizziness,hypertension|asthma,2
46,142,60,74,39.3,breathlessness|dizziness,diabetes,1
20,186,65,65,37.7,fever,diabetes|asthma,2
42,161,74,106,38.5,chest pain,asthma|diabetes,1
88,165,74,102,38.6,chest pain,,1
59,171,107,95,38.1,,,2
61,114,102,130,37.5,fever|dizziness,hypertension,2
57,176,74,78,36.6,fever,hypertension,2
28,138,98,126,39.8,dizziness|breathlessness,diabetes,2
85,152,73,113,38.4,breathlessness|fever,asthma,1
85,153,63,136,39.5,breathlessness|dizziness,hypertension|asthma,2
76,135,70,111,36.5,,asthma|diabetes,1
46,155,108,127,36.3,,asthma|diabetes,2
45,189,94,139,38.3,dizziness|fever,,2
86,118,73,133,38.9,breathlessness|dizziness,hypertension|asthma,2
26,140,97,96,37.0,fever|dizziness,diabetes,0
83,148,71,79,39.2,,,1
45,101,91,108,38.9,,,1
53,133,94,87,39.4,,hypertension,1
37,103,86,93,37.7,,asthma|hypertension,0
56,157,104,134,37.8,,asthma|diabetes,2
55,110,108,122,38.3,breathlessness|fever,,2
54,136,109,138,36.6,dizziness,asthma|diabetes,2
75,106,62,139,39.4,breathlessness,diabetes|asthma,2
26,108,100,111,39.3,,,1
70,179,108,121,37.1,fever,hypertension,2
90,101,82,130,39.3,,hypertension|diabetes,2
29,119,74,133,39.7,dizziness|fever,,2
69,164,101,66,39.9,,,1
19,121,65,110,37.3,chest pain|dizziness,diabetes,1
87,190,65,69,38.9,breathlessness,hypertension,2
26,147,91,136,39.6,fever|breathlessness,asthma|diabetes,2
87,187,76,69,39.6,dizziness|fever,diabetes,2
41,123,77,102,38.0,dizziness|fever,hypertension,1
72,103,62,112,39.3,dizziness,diabetes,1
27,139,73,115,39.4,fever|dizziness,hypertension|asthma,1
22,189,87,113,39.0,breathlessness|fever,,2
46,144,89,105,38.7,fever,,1
55,133,76,88,36.0,breathlessness|dizziness,,0
26,186,75,111,38.6,dizziness|breathlessness,,2
77,110,109,85,39.1,dizziness|chest pain,hypertension,1
63,128,65,80,39.7,chest pain|dizziness,asthma,1
39,177,107,131,39.8,,,2
28,111,75,76,38.2,breathlessness,asthma|hypertension,0
18,185,64,94,38.4,chest pain,diabetes,2
42,141,89,91,38.3,dizziness,,0
34,150,88,62,37.3,breathlessness|fever,diabetes|asthma,0
51,127,104,118,36.4,chest pain|fever,,1
51,113,98,68,37.8,,hypertension,0
45,113,106,105,39.6,breathlessness,,1
19,110,62,139,38.8,breathlessness|dizziness,hypertension,2
81,162,81,61,40.0,,asthma,1
27,142,87,85,37.1,fever|dizziness,diabetes,0
69,149,93,80,39.1,fever,asthma,1
44,109,74,115,39.6,,,1
52,167,100,138,38.4,fever|dizziness,hypertension|diabetes,2
41,122,88,104,36.4,breathlessness,,1
32,116,67,110,39.0,breathlessness,hypertension,1
22,171,110,103,39.7,breathlessness,,2
65,180,94,137,38.4,,diabetes,2
44,145,88,102,37.3,dizziness,diabetes|asthma,1
80,156,87,139,36.8,breathlessness,hypertension,2
45,138,100,88,38.5,,hypertension,0
75,147,94,128,39.8,,,2
41,104,65,93,38.6,,hypertension|diabetes,1
26,150,90,117,38.4,chest pain|fever,,1
61,110,61,65,38.3,breathlessness|chest pain,,0
44,132,63,92,39.0,chest pain,,1
89,149,77,102,37.3,dizziness,,1
56,142,81,120,36.9,chest pain|breathlessness,asthma|diabetes,1
33,170,72,71,39.2,breathlessness|fever,,1
19,140,99,73,38.2,fever|chest pain,asthma|hypertension,0
41,169,88,73,38.9,chest pain,hypertension|asthma,1
41,111,83,100,39.3,dizziness,hypertension|asthma,1
32,105,81,92,38.5,dizziness|breathlessness,,0
72,136,60,121,39.5,fever|dizziness,,2
61,125,94,84,36.1,chest pain|dizziness,diabetes|hypertension,0
88,185,93,111,37.0,,,2
30,144,79,111,38.2,,diabetes|hypertension,1
61,145,91,131,37.2,dizziness,hypertension,2
19,121,104,89,39.7,chest pain,diabetes,1
90,118,88,105,36.0,,,1
38,174,101,125,39.0,chest pain|breathlessness,hypertension|diabetes,2
52,172,75,62,36.0,,,2
30,124,92,78,36.4,fever,hypertension,0
34,150,92,117,36.7,,hypertension|asthma,1
29,159,60,137,38.1,fever,,2
34,159,88,80,37.5,dizziness|fever,,0
42,111,96,114,40.0,dizziness|fever,diabetes|asthma,1
19,123,72,89,36.4,fever|breathlessness,,0
69,144,100,121,39.1,chest pain|dizziness,asthma,2
51,177,99,69,36.8,dizziness|chest pain,hypertension|asthma,2
33,181,84,61,39.8,dizziness|breathlessness,,2
46,115,60,68,36.9,,hypertension,0
60,187,82,94,37.0,dizziness|fever,asthma,2
45,165,79,72,38.5,,diabetes|hypertension,0
22,109,100,106,37.9,,asthma|diabetes,1
89,176,71,96,39.2,,diabetes|hypertension,2
68,155,94,115,39.1,,hypertension,1
53,187,65,108,38.4,dizziness|breathlessness,hypertension,2
88,188,104,130,36.1,dizziness|breathlessness,diabetes,2
20,183,96,83,37.8,dizziness,asthma,2
70,157,93,116,39.8,chest pain,asthma,1
49,172,66,103,38.8,breathlessness|fever,hypertension,2
23,139,62,121,39.6,,diabetes,2
84,161,75,113,37.1,dizziness|fever,,1
73,121,72,108,37.1,,hypertension|asthma,1
28,139,66,121,37.8,dizziness|breathlessness,diabetes|hypertension,2
67,157,88,64,36.4,,hypertension|diabetes,0
27,190,100,130,39.9,dizziness,diabetes|asthma,2
24,107,82,65,37.8,,hypertension,0
47,168,69,86,36.8,dizziness,hypertension,0
61,190,73,118,40.0,,diabetes,2
50,120,62,100,39.1,,diabetes,1
77,141,66,100,38.8,fever|breathlessness,,1
74,133,75,113,38.6,dizziness|chest pain,asthma|hypertension,1
66,142,86,69,39.8,breathlessness,hypertension,1
33,127,80,107,36.6,,hypertension,1
25,143,72,88,36.8,fever|chest pain,,0
59,165,110,75,38.2,chest pain|fever,hypertension|asthma,0
41,170,64,85,38.4,dizziness,diabetes,0
68,166,61,136,36.7,,,2
23,111,106,134,38.4,fever,hypertension|diabetes,2
37,126,107,139,36.4,fever,diabetes,2
23,136,71,98,36.7,,asthma|diabetes,0
84,122,96,75,39.7,chest pain,,1
46,128,65,69,36.3,,hypertension|diabetes,0
38,186,99,84,36.9,,hypertension|asthma,2
56,179,70,98,39.4,chest pain,,2
46,151,76,78,39.6,fever,diabetes,1
85,143,85,137,37.3,dizziness,hypertension,2
30,148,76,65,36.8,dizziness,asthma|diabetes,0
64,108,77,123,36.2,breathlessness,diabetes|hypertension,2
55,156,67,85,39.1,fever,hypertension|asthma,1
49,181,83,65,38.4,,asthma|diabetes,2
22,104,87,83,38.3,fever|chest pain,hypertension,0
57,170,76,68,36.4,dizziness|breathlessness,diabetes,0
71,171,73,60,37.9,breathlessness,hypertension|asthma,2
74,139,64,112,39.5,dizziness,,1
82,185,95,63,37.1,breathlessness,,2
85,183,61,114,39.0,fever|breathlessness,,2
68,145,71,73,37.6,,,0
71,166,105,137,37.4,,diabetes|hypertension,2
28,143,102,137,38.1,breathlessness,hypertension|asthma,2
35,174,75,75,37.4,,,2
49,152,64,103,37.6,,hypertension,1
85,128,101,63,38.6,,asthma,1
84,141,91,98,36.9,breathlessness|fever,diabetes,0
64,186,96,98,38.8,breathlessness,,2
56,141,107,78,36.9,,asthma,0
28,159,100,119,39.7,dizziness|fever,,1
30,121,64,67,38.4,,,0
78,146,76,69,39.8,fever|chest pain,,1
39,169,104,76,39.0,,asthma,1
80,128,88,83,36.8,,hypertension|diabetes,0
45,107,99,64,38.2,breathlessness,hypertension|asthma,0
79,146,67,61,36.3,,hypertension|diabetes,0
71,190,103,73,37.7,dizziness,,2
42,105,110,65,38.9,,,1
56,115,66,135,37.9,dizziness,diabetes|asthma,2
35,150,82,63,40.0,breathlessness,diabetes|hypertension,1
53,146,79,83,37.7,,hypertension,0
28,130,104,76,37.5,,diabetes|asthma,0
72,116,98,93,36.3,fever|dizziness,,0
72,187,77,63,36.9,,,2
65,163,110,61,38.2,,hypertension|diabetes,0
83,101,101,135,39.9,fever,hypertension,2
67,182,75,69,37.0,breathlessness,diabetes,2
49,185,96,115,37.9,fever|chest pain,,2
78,125,82,85,36.7,,,0
44,145,63,118,36.6,fever|dizziness,diabetes,1
58,173,81,84,39.1,chest pain,diabetes,2
81,110,73,96,37.1,breathlessness|dizziness,asthma,0
85,122,84,68,39.1,breathlessness,diabetes,1
46,163,70,84,36.0,chest pain,hypertension,0
36,182,86,115,39.6,fever|chest pain,hypertension,2
27,182,68,87,37.3,fever|chest pain,hypertension|asthma,2
50,149,99,129,38.1,dizziness|fever,diabetes,2
23,140,107,76,38.0,breathlessness,diabetes|hypertension,0
25,132,75,115,36.3,fever,diabetes|hypertension,1
43,150,87,65,37.7,breathlessness,hypertension,0
65,145,81,108,36.5,dizziness|breathlessness,,1
81,101,99,107,37.0,dizziness,hypertension,1
75,145,88,137,36.8,dizziness|breathlessness,,2
51,184,84,110,36.4,,asthma,2
78,109,61,115,37.1,,hypertension,1
69,106,76,86,39.8,breathlessness|chest pain,hypertension|asthma,1
38,185,82,101,37.7,chest pain|dizziness,,2
22,172,92,135,36.8,fever|breathlessness,hypertension|diabetes,2
37,169,68,131,39.7,fever|breathlessness,diabetes|hypertension,2
45,109,91,106,39.3,chest pain,hypertension|diabetes,1
86,167,89,117,37.9,,asthma,1
60,111,79,85,39.3,,diabetes,1
46,172,85,103,36.8,,hypertension,2
55,186,102,115,39.3,,diabetes,2
21,161,89,88,38.9,dizziness,diabetes|hypertension,1
75,118,66,63,39.0,chest pain,diabetes|asthma,1
30,121,107,125,36.5,breathlessness|chest pain,,2
18,144,96,113,38.7,chest pain,asthma|diabetes,1
84,162,93,72,37.7,,diabetes|asthma,0
21,173,90,109,39.1,breathlessness|chest pain,,2
89,121,68,135,39.8,chest pain|fever,,2
89,106,91,102,36.0,dizziness|fever,hypertension,1
30,140,61,103,39.6,,,1
60,134,67,94,38.7,chest pain,diabetes,1
33,180,78,103,36.9,chest pain|breathlessness,,2
37,136,66,129,38.7,,,2
58,129,92,73,39.0,,diabetes,1
43,130,73,64,37.3,,hypertension,0
81,145,90,123,39.6,breathlessness,,2
68,122,77,108,36.6,breathlessness,diabetes,1
27,178,75,132,36.5,,,2
80,166,65,71,39.6,breathlessness|dizziness,asthma,1
62,102,85,89,39.1,chest pain,diabetes|asthma,1
74,122,74,118,38.1,dizziness|breathlessness,,1
58,123,93,120,36.9,fever,hypertension,1
79,160,69,138,39.7,chest pain,,2
76,118,99,69,36.8,,hypertension|asthma,0
70,153,77,81,37.6,fever|chest pain,diabetes,0
23,117,76,123,37.7,,diabetes|hypertension,2
32,155,84,77,37.9,,,0
29,164,92,93,37.5,breathlessness|chest pain,hypertension,0
72,109,60,87,39.7,breathlessness|fever,,1
66,150,71,75,39.6,dizziness|breathlessness,diabetes|hypertension,1
42,118,61,105,36.5,breathlessness,diabetes,1
44,182,77,89,37.0,chest pain|fever,hypertension,2
41,131,72,75,38.0,,hypertension|diabetes,0
80,160,90,91,36.3,,asthma,0
43,165,104,102,39.4,dizziness,asthma|hypertension,1
71,144,73,131,36.3,dizziness|breathlessness,,2
31,109,109,135,38.0,,hypertension|asthma,2
63,150,86,109,36.3,fever,hypertension,1
77,114,110,61,39.2,breathlessness|chest pain,diabetes|asthma,1
19,184,103,92,38.3,,,2
21,167,79,94,39.9,,,1
74,108,60,94,39.1,chest pain|fever,hypertension,1
41,181,91,75,38.7,fever,diabetes,2
48,186,98,80,39.7,breathlessness|chest pain,hypertension,2
65,166,62,123,38.1,fever|breathlessness,diabetes|asthma,2
48,129,93,80,37.9,,,0
29,137,75,86,36.6,dizziness|breathlessness,asthma,0
71,142,74,122,38.1,breathlessness,hypertension,2
29,150,69,111,38.1,fever|chest pain,,1
74,179,74,66,38.2,fever|chest pain,diabetes,2
74,108,80,125,39.7,breathlessness|chest pain,diabetes,2
47,104,76,61,38.4,,hypertension|asthma,0
61,186,110,136,39.9,dizziness|chest pain,,2
36,125,78,81,39.6,,diabetes,1
26,150,90,88,39.6,fever|dizziness,hypertension|asthma,1
53,126,70,115,39.4,dizziness|chest pain,diabetes,1
23,165,90,110,37.4,dizziness|breathlessness,asthma|diabetes,1
67,173,93,124,39.0,,,2
65,113,78,114,39.4,fever,,1
83,141,64,116,36.2,,,1
82,158,69,117,39.7,,diabetes,1
25,172,64,131,37.3,,,2
59,147,77,132,37.5,dizziness,,2
35,103,110,126,39.1,fever,,2
87,167,89,120,39.1,fever,diabetes|hypertension,1
71,131,101,65,39.8,chest pain,diabetes,1
43,108,96,112,39.6,dizziness,,1
73,120,110,87,39.1,,hypertension,1
82,168,67,65,37.0,,diabetes,0
47,160,99,138,36.5,,,2
28,173,61,126,37.6,,diabetes,2
87,177,91,125,37.8,,diabetes,2
50,177,74,88,38.0,fever|dizziness,hypertension,2
18,117,80,62,36.8,,hypertension|diabetes,0
71,158,110,107,36.2,,diabetes,1
63,169,105,119,38.7,,diabetes|hypertension,1
50,125,99,122,36.2,fever,,2
64,172,61,64,36.9,fever,,2
22,145,73,98,37.9,dizziness,hypertension,0
49,133,88,98,38.5,dizziness,asthma|hypertension,0
31,179,109,88,36.1,,hypertension,2
68,108,106,110,36.9,fever|chest pain,hypertension,1
57,190,70,76,38.8,breathlessness|dizziness,diabetes,2
24,142,89,79,39.4,fever|dizziness,diabetes,1
87,170,78,106,38.5,breathlessness|chest pain,,1
68,113,63,117,39.4,,,1
78,126,78,119,37.9,fever,hypertension|asthma,1
26,186,76,73,38.7,dizziness|breathlessness,diabetes|asthma,2
86,115,97,79,39.5,breathlessness|fever,asthma|diabetes,1
83,177,72,72,39.1,chest pain,asthma|diabetes,2
51,143,69,66,37.1,,,0
53,135,76,87,37.8,,hypertension,0
58,166,73,67,36.8,chest pain,diabetes,0
71,140,65,132,38.4,,asthma,2
20,106,86,98,38.1,breathlessness,,0
23,137,89,132,36.4,breathlessness|chest pain,,2
87,174,93,120,39.9,,diabetes,2
60,117,60,93,37.2,,hypertension|asthma,0
49,127,102,68,39.9,dizziness|fever,,1
31,123,71,90,38.5,fever,asthma,0
87,112,105,127,37.5,breathlessness|fever,,2
22,105,96,139,38.2,fever,diabetes|hypertension,2
73,170,77,88,40.0,,asthma|diabetes,1
29,132,98,139,38.4,fever,diabetes,2
37,132,60,62,38.9,,,1
31,164,98,129,36.1,,asthma,2
55,186,90,73,36.3,breathlessness,,2
18,188,71,92,39.4,dizziness,hypertension|diabetes,2
82,101,76,65,38.6,,hypertension,1
37,105,105,98,36.6,breathlessness,diabetes,0
48,112,102,96,38.8,chest pain,,1
22,141,65,96,39.5,fever|chest pain,diabetes,1
30,110,94,110,39.9,,asthma|hypertension,1
74,134,71,90,39.5,,asthma|hypertension,1
52,114,95,91,37.0,,asthma,0
77,129,101,129,37.4,breathlessness,hypertension,2
23,190,100,125,39.7,fever,hypertension,2
77,120,81,82,39.2,breathlessness,diabetes|hypertension,1
82,112,88,77,37.1,fever|dizziness,,0
42,186,64,67,39.3,,diabetes,2
35,113,83,138,38.8,,hypertension,2
73,146,96,126,36.2,fever|chest pain,,2
76,152,88,135,39.8,fever,asthma,2
61,137,72,111,37.2,chest pain|breathlessness,,1
77,120,88,107,36.3,fever,,1
50,168,81,92,40.0,,asthma|diabetes,1
72,163,74,120,37.5,,hypertension|diabetes,1
28,103,76,78,37.3,dizziness|fever,diabetes|asthma,0
34,184,75,107,37.4,fever|dizziness,diabetes|asthma,2
54,130,109,77,37.2,dizziness,hypertension|asthma,0
71,111,78,73,37.4,chest pain|fever,,0
61,159,80,79,38.6,chest pain|dizziness,,1
30,137,101,86,39.2,breathlessness|fever,asthma,1
18,150,105,117,36.6,breathlessness|fever,,1
56,115,77,92,39.8,chest pain,asthma|diabetes,1
40,107,71,106,36.1,dizziness,hypertension|asthma,1
39,128,103,122,37.6,breathlessness|fever,,2
88,152,97,117,36.5,chest pain,asthma|hypertension,1
38,120,110,95,38.4,fever,,0
49,183,63,131,37.7,breathlessness|fever,hypertension,2
42,105,79,76,38.9,,,1
82,154,100,66,36.6,,hypertension,0
33,116,67,67,38.4,dizziness|fever,diabetes|asthma,0
34,181,66,73,40.0,dizziness|breathlessness,diabetes,2
21,189,108,89,38.1,breathlessness,,2
47,132,86,125,38.4,,diabetes|asthma,2
21,158,60,115,36.7,fever,hypertension|asthma,1
34,116,99,133,37.4,,diabetes|asthma,2
20,162,97,105,39.9,fever|chest pain,,1
26,138,101,140,38.8,fever|dizziness,asthma,2
63,117,60,117,37.1,fever,,1
40,151,62,132,37.9,breathlessness,,2
49,112,79,72,36.9,,asthma,0
72,149,97,60,37.8,chest pain,hypertension|asthma,0
82,139,101,97,36.4,breathlessness|chest pain,diabetes|hypertension,0
81,165,72,136,40.0,breathlessness|dizziness,asthma,2
33,166,72,92,38.9,chest pain,hypertension|diabetes,1
19,150,77,79,36.6,breathlessness,diabetes|hypertension,0
26,172,74,116,36.6,,diabetes|asthma,2
20,171,90,61,39.8,,,2
24,109,100,61,36.4,,hypertension,0
22,189,89,119,36.4,fever|dizziness,hypertension|diabetes,2
45,147,78,107,37.2,,,1
85,109,110,135,38.2,dizziness,,2
36,122,99,96,39.7,chest pain|dizziness,,1
63,101,110,89,39.1,,hypertension|diabetes,1
54,167,62,108,39.6,chest pain,,1
38,162,80,73,37.0,fever|dizziness,,0
58,123,65,136,38.5,,hypertension|asthma,2
82,180,82,65,37.7,dizziness|chest pain,hypertension|asthma,2
59,171,95,71,36.0,dizziness,,2
49,131,109,115,38.5,chest pain,hypertension,1
53,178,73,131,37.1,chest pain|dizziness,,2
82,170,100,89,38.3,chest pain,hypertension,0
28,162,75,82,37.9,dizziness,,0
25,128,98,83,37.3,,diabetes,0
71,107,61,64,39.2,,diabetes|hypertension,1
88,145,67,129,39.0,dizziness|breathlessness,,2
70,180,110,138,37.4,,,2
26,135,105,136,36.8,dizziness,hypertension|asthma,2
88,113,101,115,37.9,breathlessness,diabetes|hypertension,1
43,136,76,111,40.0,fever|breathlessness,,1
36,134,94,133,36.7,dizziness,hypertension|asthma,2
73,131,69,136,39.7,dizziness,,2
47,135,99,79,39.5,chest pain|dizziness,,1
73,112,109,66,40.0,dizziness,,1
62,162,86,93,38.3,breathlessness,hypertension,0
36,115,80,114,39.6,chest pain|dizziness,,1
81,126,91,118,39.5,,,1
71,131,110,123,36.6,,,2
42,172,85,137,39.5,fever,diabetes,2
81,176,86,66,36.9,dizziness|fever,,2
64,145,101,139,38.1,,hypertension,2
82,184,68,120,37.1,,,2
84,137,67,130,39.8,,diabetes,2
30,164,75,107,36.2,breathlessness|dizziness,diabetes,1
63,125,109,102,38.9,,hypertension|diabetes,1
71,150,98,135,39.3,dizziness,,2
86,158,97,138,37.2,chest pain|breathlessness,,2
33,190,97,83,39.9,fever,diabetes|hypertension,2
89,167,75,121,39.1,breathlessness|chest pain,asthma,2
83,152,106,80,38.9,chest pain|fever,,1
35,147,70,107,39.3,breathlessness|chest pain,,1
76,181,93,65,39.7,chest pain,hypertension,2
44,109,91,115,37.3,dizziness,,1
19,153,101,112,36.5,fever|breathlessness,asthma,1
41,133,83,100,39.2,fever|dizziness,hypertension,1
80,108,93,97,39.1,dizziness|breathlessness,diabetes|hypertension,1
51,111,87,124,37.3,dizziness|breathlessness,,2
69,108,71,99,39.3,,hypertension|diabetes,1
79,177,67,88,38.2,,,2
40,179,88,112,38.1,dizziness|breathlessness,asthma|hypertension,2
50,153,73,96,39.0,,asthma,1
42,117,100,104,39.4,chest pain|fever,hypertension,1
53,105,73,127,39.1,fever|breathlessness,asthma,2
52,175,103,76,37.0,chest pain|dizziness,diabetes|hypertension,2
72,164,69,137,39.8,chest pain,asthma,2
26,153,108,123,39.8,,,2
61,176,75,96,39.2,breathlessness,diabetes,2
24,126,90,113,37.5,chest pain|fever,diabetes,1
53,114,93,126,36.6,fever|chest pain,hypertension|diabetes,2
58,112,107,85,39.8,fever,,1
54,114,77,139,39.9,dizziness,hypertension|diabetes,2
81,129,94,79,38.4,chest pain|fever,,0
36,152,108,99,38.9,chest pain|fever,hypertension,1
33,139,86,133,36.7,chest pain|fever,hypertension,2
18,164,92,134,36.5,chest pain,diabetes,2
80,166,88,82,36.0,,diabetes|hypertension,0
25,180,108,62,39.3,,diabetes|asthma,2
77,139,66,124,39.7,dizziness|chest pain,hypertension|diabetes,2
21,153,75,68,38.9,dizziness|fever,hypertension|asthma,1
90,163,78,122,39.2,dizziness,hypertension|asthma,2
24,106,100,104,39.6,chest pain,diabetes,1
30,112,88,128,36.5,fever,,2
73,153,108,136,36.2,chest pain,,2
87,114,84,111,39.6,chest pain,hypertension,1
46,168,67,81,39.6,dizziness,,1
41,138,90,106,36.6,chest pain|dizziness,diabetes|hypertension,1
34,105,98,87,38.5,chest pain,asthma|hypertension,0
86,118,67,116,39.2,chest pain,,1
61,143,82,129,37.7,chest pain|dizziness,diabetes,2
33,140,92,95,39.0,,diabetes|hypertension,1
23,141,91,77,37.4,,diabetes|hypertension,0
75,115,96,100,39.3,dizziness|chest pain,asthma|diabetes,1
38,181,72,66,39.3,fever,diabetes|hypertension,2
85,106,93,102,38.4,fever|breathlessness,hypertension|diabetes,1
25,157,94,92,38.1,dizziness,,0
29,109,103,81,38.6,,asthma,1
32,132,91,135,38.1,breathlessness|dizziness,diabetes,2
74,142,109,102,36.0,dizziness|breathlessness,,1
24,107,87,125,38.0,,diabetes|hypertension,2
48,162,98,82,37.2,breathlessness|fever,diabetes|asthma,0
25,140,110,69,38.7,dizziness,hypertension,1
69,130,60,69,38.3,chest pain,hypertension|diabetes,0
89,118,110,81,39.0,chest pain,hypertension,1
35,120,64,136,38.6,,,2
37,159,97,84,36.0,,diabetes|hypertension,0
54,147,70,120,38.2,breathlessness|dizziness,asthma|diabetes,1
49,115,62,95,36.0,breathlessness,diabetes,0
85,150,93,89,38.5,chest pain,asthma,0
39,171,81,140,38.1,,hypertension,2
21,119,96,114,37.9,breathlessness,asthma|diabetes,1
21,175,92,133,39.2,dizziness,asthma,2
85,171,76,88,38.7,,hypertension|asthma,2
36,153,71,97,37.0,,,0
31,114,84,125,38.2,,diabetes,2
64,174,106,123,36.6,dizziness|breathlessness,diabetes|asthma,2
72,175,89,74,36.3,fever|breathlessness,,2
45,122,107,114,39.0,fever,,1
26,100,86,75,39.8,breathlessness,,1
27,145,65,111,38.2,,,1
34,158,75,132,37.8,breathlessness|chest pain,asthma|diabetes,2
53,145,88,104,38.7,,asthma|hypertension,1
77,180,76,77,37.2,fever,diabetes,2
46,122,81,114,36.7,chest pain,,1
65,179,81,126,39.3,,asthma|diabetes,2
59,140,83,128,38.6,breathlessness,,2
78,121,67,125,39.2,,hypertension,2
67,108,60,133,36.9,breathlessness,,2
75,172,64,89,38.5,,,2
78,122,105,133,38.5,fever,asthma,2
46,116,101,65,36.8,,hypertension,0
61,103,98,118,39.7,dizziness|breathlessness,asthma,1
86,161,110,67,39.8,dizziness,hypertension,1
19,173,100,138,38.4,,,2
34,139,62,95,37.2,chest pain,,0
62,164,102,106,39.4,,,1
42,116,89,135,36.7,chest pain,,2
35,144,81,109,37.9,fever|chest pain,diabetes|asthma,1
40,151,88,99,37.6,dizziness|breathlessness,diabetes|asthma,0
44,140,104,116,37.1,dizziness|breathlessness,hypertension,1
21,118,81,136,38.9,fever|dizziness,hypertension|asthma,2
53,101,93,61,38.6,fever|chest pain,asthma,1
18,100,83,87,39.2,breathlessness|chest pain,asthma|hypertension,1
79,128,95,98,40.0,dizziness,diabetes|asthma,1
57,139,64,65,37.9,,diabetes|asthma,0
78,155,96,83,36.6,breathlessness|chest pain,asthma,0
37,148,78,72,36.5,breathlessness,asthma|diabetes,0
69,142,104,100,36.6,dizziness,,0
26,143,92,65,38.3,,diabetes,0
35,127,70,61,37.5,fever,asthma,0
68,138,64,117,36.8,dizziness|breathlessness,hypertension|asthma,1
86,120,99,125,38.7,fever,diabetes|hypertension,2
48,126,108,128,39.8,chest pain|breathlessness,,2
49,121,91,82,36.1,chest pain|breathlessness,,0
77,105,104,104,38.3,,asthma|hypertension,1
46,183,60,138,38.1,chest pain,asthma|diabetes,2
31,135,90,125,36.3,fever|dizziness,hypertension,2
28,146,60,62,37.5,breathlessness|chest pain,asthma|hypertension,0
46,190,88,128,37.2,chest pain,hypertension|diabetes,2
30,178,71,87,38.9,dizziness|chest pain,asthma,2
25,183,70,108,38.7,fever|dizziness,,2
23,163,66,122,37.4,fever,asthma,2
34,106,83,63,36.6,breathlessness,asthma|diabetes,0
71,118,90,133,38.0,dizziness,hypertension,2
88,162,76,90,39.1,,hypertension,1
81,158,91,109,38.5,dizziness,asthma|diabetes,1
76,156,65,96,36.2,fever|chest pain,diabetes|hypertension,0
80,179,70,138,37.3,,,2
19,178,64,130,39.3,fever,hypertension|asthma,2
52,143,101,121,39.2,dizziness|fever,hypertension,2
63,176,96,103,40.0,dizziness,hypertension,2
35,190,109,123,38.4,breathlessness|dizziness,,2
40,143,64,88,36.0,,,0
65,101,91,64,37.8,chest pain|breathlessness,asthma|diabetes,0
70,160,109,96,38.1,fever|breathlessness,,0
62,161,102,116,36.7,breathlessness|chest pain,hypertension|diabetes,1
80,157,78,87,37.1,,,0
76,125,106,71,38.6,chest pain|dizziness,,1
86,106,84,113,37.0,,diabetes,1
62,142,86,85,38.5,,,0
76,128,101,104,39.2,,diabetes,1
27,111,81,107,38.9,dizziness|chest pain,diabetes|hypertension,1
42,110,90,60,37.8,breathlessness,diabetes,0
64,182,109,140,37.7,,hypertension,2
76,187,106,116,39.5,fever,asthma|hypertension,2
85,184,67,67,39.0,,,2
55,125,106,121,36.5,dizziness|chest pain,asthma,2
48,160,71,121,37.1,chest pain,hypertension|diabetes,2
23,141,71,124,36.7,,hypertension,2
20,138,88,81,38.3,,,0
27,112,77,129,40.0,,,2
51,187,73,79,36.2,fever|dizziness,diabetes|asthma,2
24,171,81,138,38.2,,hypertension,2
79,141,94,123,36.5,dizziness,diabetes,2
26,185,67,92,37.5,chest pain,,2
40,114,104,99,37.5,fever|breathlessness,diabetes,0
51,128,81,67,37.4,,,0
22,129,65,133,36.8,,asthma|diabetes,2
28,117,90,120,38.9,dizziness|chest pain,diabetes|asthma,1
79,109,73,76,39.7,fever|dizziness,asthma|hypertension,1
30,127,73,98,37.0,,diabetes,0
76,161,85,129,38.1,dizziness|fever,asthma|hypertension,2
50,106,63,119,37.0,breathlessness,,1
75,109,89,119,38.6,breathlessness,asthma,1
74,107,105,96,39.2,chest pain|dizziness,,1
47,153,67,94,39.6,,,1
64,143,83,96,39.3,breathlessness,diabetes,1
41,102,101,127,37.5,,hypertension,2
61,143,94,68,37.3,,,0
46,144,80,111,37.5,dizziness|fever,,1
35,187,96,98,37.8,,hypertension|diabetes,2
58,149,70,64,39.0,fever|chest pain,diabetes|asthma,1
68,165,101,109,36.8,,hypertension,1
51,149,99,108,36.8,fever|dizziness,hypertension,1
70,158,65,131,37.4,breathlessness,asthma,2
89,148,94,109,38.0,,diabetes,1
83,176,65,134,37.4,dizziness|chest pain,hypertension|diabetes,2
60,171,107,70,38.2,dizziness|chest pain,hypertension,2
31,152,80,81,39.3,chest pain,,1
67,147,62,60,38.3,,diabetes|asthma,0
37,149,63,138,38.8,breathlessness,,2
80,121,106,89,36.1,fever,diabetes,0
44,105,91,131,38.4,,diabetes,2
60,113,84,114,36.9,fever|chest pain,hypertension|diabetes,1
79,163,71,102,36.2,,diabetes|hypertension,1
36,148,89,118,39.9,,hypertension,1
48,117,84,109,37.4,fever|chest pain,,1
60,119,91,136,37.7,fever,asthma|hypertension,2
58,186,96,113,37.5,chest pain,hypertension|asthma,2
83,102,68,83,37.3,fever|breathlessness,,0
87,112,78,119,39.6,breathlessness,,1
36,159,109,87,39.1,,asthma|hypertension,1
61,155,98,126,37.5,fever,,2
51,157,90,67,37.8,chest pain,hypertension|diabetes,0
82,164,110,119,36.7,dizziness,asthma,1
27,187,83,97,38.3,,diabetes|asthma,2
40,179,60,97,37.9,chest pain,hypertension|asthma,2
65,141,84,101,38.3,chest pain,asthma|hypertension,1
59,183,71,120,39.3,chest pain,,2
74,164,84,117,39.7,dizziness,,1
68,152,61,77,38.4,fever,asthma|hypertension,0
25,128,70,70,37.9,breathlessness,asthma,0
74,100,105,129,36.7,breathlessness|chest pain,diabetes|asthma,2
46,178,85,130,38.4,breathlessness|fever,hypertension,2
64,148,69,99,37.7,dizziness|chest pain,hypertension,0
76,166,95,82,37.8,,,0
68,125,97,116,39.6,dizziness,diabetes|asthma,1
23,119,97,91,39.7,,diabetes,1
84,129,75,76,39.3,breathlessness|dizziness,diabetes|asthma,1
41,124,103,86,39.6,chest pain|breathlessness,,1
52,120,71,66,38.6,dizziness,hypertension,1
32,139,109,129,37.0,chest pain|fever,hypertension|asthma,2
90,173,101,64,37.3,,,2
43,110,95,133,39.9,fever,asthma|diabetes,2
79,105,62,122,37.3,,asthma|hypertension,2
88,101,77,87,36.1,breathlessness,hypertension|diabetes,0
20,182,76,140,38.5,,diabetes|asthma,2
61,182,89,122,39.4,chest pain,diabetes|hypertension,2
90,166,85,64,39.5,,hypertension|diabetes,1
46,172,95,89,37.8,breathlessness|chest pain,asthma|diabetes,2
72,115,101,133,37.8,fever|dizziness,diabetes|asthma,2
29,134,67,136,38.3,chest pain,,2
83,186,94,93,36.8,fever,hypertension|asthma,2
82,152,104,133,37.3,fever|chest pain,asthma,2
44,156,100,92,38.8,,,1
26,106,106,79,38.0,dizziness,,0
43,107,86,80,37.3,breathlessness|chest pain,hypertension|asthma,0
83,162,76,138,39.2,breathlessness|chest pain,diabetes|asthma,2
80,101,98,68,36.1,dizziness|breathlessness,,0
63,105,73,140,36.4,breathlessness,hypertension|diabetes,2
19,189,101,94,38.4,,,2
52,137,109,61,37.1,breathlessness,hypertension|asthma,0
20,180,88,106,39.5,dizziness,,2
18,125,108,99,36.2,,hypertension|asthma,0
71,107,98,122,38.9,dizziness,diabetes|hypertension,2
80,166,93,85,39.1,,asthma|diabetes,1
63,183,107,127,38.3,fever|breathlessness,asthma|diabetes,2
88,134,102,129,37.2,,hypertension,2
28,167,62,129,37.6,fever,hypertension|diabetes,2
26,142,109,62,38.6,dizziness|chest pain,hypertension,1
44,180,87,116,38.0,breathlessness,hypertension|asthma,2
89,139,70,122,37.2,fever|dizziness,,2
58,158,72,92,39.5,,asthma,1
55,124,66,71,39.7,fever,diabetes,1
85,173,74,120,37.2,dizziness,asthma,2
54,133,97,109,37.7,dizziness|chest pain,hypertension,1
31,115,109,113,39.4,fever|dizziness,diabetes,1
40,134,82,85,37.0,chest pain|fever,,0
77,167,80,103,36.2,chest pain|fever,hypertension|asthma,1
44,130,81,75,37.2,,,0
42,179,99,129,36.7,breathlessness|fever,diabetes|hypertension,2
88,170,107,96,39.0,dizziness,,1
57,141,81,73,37.4,breathlessness,,0
71,106,86,125,37.9,dizziness,hypertension|asthma,2
29,119,82,88,36.4,dizziness,asthma|hypertension,0
39,177,61,92,38.6,dizziness,diabetes|hypertension,2
42,188,103,117,37.9,breathlessness|dizziness,hypertension,2
28,142,81,108,37.5,,diabetes|hypertension,1
21,135,71,134,40.0,,,2
18,175,97,78,37.7,,asthma|diabetes,2
43,169,90,119,37.8,,asthma|diabetes,1
62,134,66,116,36.0,,,1
38,102,70,109,37.7,,diabetes,1
21,158,83,78,36.4,chest pain,hypertension,0
35,167,61,113,36.7,breathlessness,,1
46,158,68,140,37.0,,hypertension|asthma,2
67,172,109,130,38.7,dizziness,hypertension|diabetes,2
68,136,87,134,39.9,dizziness,,2
80,174,69,83,37.5,,asthma|hypertension,2
37,186,104,91,40.0,fever,hypertension,2
64,123,79,91,37.4,chest pain|fever,,0
61,186,108,64,39.4,dizziness,asthma|hypertension,2
26,107,82,126,39.4,chest pain,asthma,2
75,117,66,134,38.9,fever|dizziness,diabetes,2
87,174,71,66,36.5,,,2
69,139,75,134,39.2,,hypertension|asthma,2
31,158,102,89,39.5,,,1
37,139,108,109,36.2,fever|breathlessness,diabetes|hypertension,1
60,182,61,86,39.2,chest pain,,2
59,142,78,115,39.7,dizziness|chest pain,asthma,1
43,113,98,92,37.4,,hypertension|asthma,0
79,189,84,120,36.6,dizziness,asthma,2
81,138,93,120,36.6,fever|chest pain,asthma|hypertension,1
30,123,104,123,39.6,chest pain,asthma|diabetes,2
79,172,101,67,39.4,dizziness|chest pain,hypertension,2
87,141,107,122,37.9,breathlessness,diabetes,2
42,173,76,66,39.6,dizziness,diabetes|asthma,2
53,123,82,71,39.6,,,1
89,180,88,89,37.2,chest pain,,2
51,177,61,139,38.8,fever|breathlessness,asthma,2
73,101,62,85,39.8,,diabetes|hypertension,1
60,178,103,61,37.4,chest pain,,2
49,124,75,71,37.8,,diabetes,0
26,124,99,130,36.3,fever,diabetes|asthma,2
64,103,75,97,38.0,,asthma|hypertension,0
66,165,76,85,39.1,chest pain|fever,asthma,1
74,117,80,107,38.5,,diabetes,1
88,175,98,82,39.8,chest pain,hypertension|asthma,2
40,180,61,133,38.4,chest pain|dizziness,,2
68,175,90,79,38.4,chest pain|breathlessness,,2
30,142,92,87,39.1,chest pain|dizziness,asthma|diabetes,1
60,181,89,78,36.5,,diabetes,2
66,157,89,66,38.9,chest pain|fever,,1
80,138,105,82,39.5,chest pain|dizziness,asthma|hypertension,1
51,178,67,112,37.6,,,2
24,124,76,131,39.8,dizziness,hypertension|diabetes,2
20,126,78,92,39.1,,hypertension|asthma,1
28,105,87,116,36.9,,,1
28,116,88,130,38.2,dizziness|fever,,2
79,171,96,124,38.7,fever,diabetes|hypertension,2
18,153,95,89,38.8,,diabetes,1
43,102,79,114,39.5,,diabetes|hypertension,1
52,153,64,139,39.7,breathlessness|fever,,2
65,159,65,67,39.8,breathlessness|chest pain,hypertension|diabetes,1
25,107,67,103,38.1,,,1
41,100,99,95,40.0,fever|breathlessness,,1
43,152,103,100,39.9,fever,,1
22,166,87,112,36.9,,,1
29,158,99,135,37.3,breathlessness|chest pain,hypertension,2
41,178,76,136,38.6,,diabetes,2
55,170,95,111,36.6,breathlessness|fever,hypertension|asthma,1
56,162,70,120,39.4,,hypertension,1
29,143,101,81,39.9,breathlessness|dizziness,hypertension,1
60,128,108,90,39.0,chest pain,diabetes|hypertension,1
20,128,90,67,39.9,,diabetes,1
47,124,93,129,36.6,fever,,2
22,104,85,75,39.9,breathlessness|chest pain,hypertension|diabetes,1
72,103,60,98,38.5,,hypertension|asthma,0
57,128,62,81,39.6,,,1
77,164,86,72,38.1,breathlessness,,0
58,174,71,90,38.6,chest pain|fever,diabetes|asthma,2
62,116,64,68,39.8,fever|chest pain,hypertension|diabetes,1
38,170,66,114,37.8,breathlessness|fever,hypertension,1
31,157,88,85,37.3,chest pain,,0
35,106,88,62,36.2,,,0
30,145,108,62,37.7,dizziness|breathlessness,,0
56,107,102,129,39.2,fever|breathlessness,hypertension|asthma,2
20,181,69,129,37.2,fever,,2
65,106,108,114,39.6,breathlessness|dizziness,hypertension,1
90,105,76,61,38.6,breathlessness,diabetes,1
88,176,61,74,36.3,breathlessness|chest pain,diabetes,2
79,167,70,135,36.0,chest pain,diabetes|hypertension,2
74,174,75,105,39.1,fever,asthma|diabetes,2
19,166,105,74,39.2,dizziness,diabetes|hypertension,1
37,186,109,112,38.8,,,2
67,181,60,115,39.0,fever,diabetes,2
59,144,74,75,39.1,chest pain,diabetes,1
18,137,98,130,37.9,,diabetes|asthma,2
23,183,76,120,38.8,chest pain,hypertension|diabetes,2
76,138,70,115,37.9,chest pain|dizziness,asthma|diabetes,1
41,142,110,114,37.9,dizziness,,1
31,161,97,100,39.5,,hypertension|diabetes,1
89,158,99,65,39.9,dizziness|fever,asthma|hypertension,1
59,149,105,115,37.4,breathlessness,,1
36,129,92,111,38.6,fever,hypertension,1
20,185,79,117,39.1,dizziness|chest pain,diabetes|asthma,2
67,136,63,63,40.0,,,1
46,139,99,128,39.7,fever,asthma,2
87,124,82,81,39.2,dizziness|breathlessness,,1
37,146,95,68,39.6,chest pain,,1
38,164,100,85,36.4,dizziness|fever,hypertension|asthma,0
41,156,100,137,37.6,,hypertension|diabetes,2
88,143,73,138,40.0,dizziness|fever,hypertension|diabetes,2
28,162,76,102,39.1,dizziness,asthma,1
26,185,85,134,36.6,breathlessness,asthma|diabetes,2
79,147,65,111,38.6,dizziness,diabetes|asthma,1
58,137,61,92,37.4,chest pain,diabetes|asthma,0
34,181,60,96,39.5,dizziness,asthma,2
79,141,101,62,36.1,dizziness,,0
72,173,80,124,40.0,chest pain|breathlessness,,2
79,127,76,119,37.8,,hypertension|asthma,1
84,163,64,91,38.8,breathlessness|dizziness,diabetes|hypertension,1
80,159,75,131,39.0,breathlessness,asthma|diabetes,2
35,151,65,118,36.8,dizziness,,1
86,129,100,117,38.6,,hypertension|asthma,1
46,158,101,78,40.0,,hypertension|asthma,1
77,140,83,99,37.8,,diabetes|asthma,0
54,125,66,88,39.6,,,1
24,115,71,116,38.6,,hypertension,1
84,149,71,104,38.3,dizziness,diabetes|asthma,1
61,116,74,76,37.2,dizziness|breathlessness,hypertension|diabetes,0
90,108,62,78,40.0,dizziness|chest pain,hypertension,1
36,100,93,84,36.3,dizziness,asthma|hypertension,0
35,115,105,129,39.1,,,2
83,144,110,135,38.8,dizziness|breathlessness,hypertension,2
52,187,95,81,37.4,,diabetes,2
61,146,85,138,39.8,,hypertension|asthma,2
84,109,87,69,38.5,,,0
73,146,60,85,36.6,,,0
63,151,101,89,36.2,,,0
34,179,95,89,36.4,,hypertension|asthma,2
47,137,71,100,37.2,chest pain|dizziness,diabetes|hypertension,0
60,154,95,73,38.0,chest pain,hypertension|asthma,0
53,138,76,70,36.6,fever|chest pain,asthma|hypertension,0
50,147,82,112,38.6,,,1
32,142,109,85,37.2,breathlessness,hypertension|asthma,0
38,157,73,100,37.7,chest pain|fever,,0
90,157,60,135,38.6,,diabetes|asthma,2
44,107,105,85,38.5,dizziness|chest pain,,0
67,141,105,134,38.8,fever|chest pain,,2
71,172,65,81,39.5,chest pain|dizziness,,2
40,128,81,66,39.4,fever,asthma,1
52,137,69,112,38.1,,hypertension|diabetes,1
26,182,84,61,38.6,dizziness,diabetes|hypertension,2
55,155,65,87,37.2,,diabetes|asthma,0
51,146,77,63,39.5,dizziness|chest pain,,1
80,121,86,111,39.8,dizziness|fever,,1
25,154,94,75,39.1,breathlessness,hypertension,1
72,150,73,138,36.5,dizziness|fever,diabetes|hypertension,2
57,152,85,111,39.0,,diabetes|hypertension,1
26,104,60,77,39.8,dizziness|chest pain,diabetes,1
61,123,70,104,36.6,dizziness|fever,asthma,1
57,131,74,69,39.0,breathlessness|dizziness,,1
49,173,83,97,39.1,fever|breathlessness,,2
27,139,73,137,36.7,,hypertension,2
41,157,93,123,37.3,chest pain,asthma,2
64,110,110,137,38.0,,,2
89,161,92,112,39.6,breathlessness,asthma,1
60,123,78,107,38.7,,,1
47,165,101,68,38.7,,asthma|hypertension,1
57,105,97,109,37.4,,,1
87,161,109,63,39.4,,,1
49,189,75,121,38.2,dizziness,asthma,2
21,140,70,140,39.2,fever|chest pain,,2
37,113,84,138,37.5,,,2
86,151,99,64,36.6,fever|chest pain,,0
67,171,68,132,36.6,chest pain|fever,hypertension|diabetes,2
66,146,61,96,39.3,breathlessness,hypertension|asthma,1
59,133,64,96,37.1,,asthma,0
81,126,64,115,38.8,dizziness,hypertension|diabetes,1
57,129,100,70,36.8,,diabetes|asthma,0
79,116,74,126,36.9,chest pain,,2
81,183,90,83,38.0,,diabetes|asthma,2
19,183,103,62,37.7,chest pain,,2
68,167,77,85,38.0,fever|breathlessness,,0
88,161,79,63,36.5,chest pain,,0
86,146,107,103,38.5,dizziness|fever,hypertension|diabetes,1
43,154,74,107,37.9,fever,asthma|hypertension,1
19,143,75,133,37.8,chest pain,diabetes|asthma,2
42,134,64,113,38.5,chest pain|breathlessness,,1
69,165,81,107,36.7,breathlessness|chest pain,,1
34,115,82,91,36.7,chest pain|dizziness,hypertension|asthma,0
32,112,62,130,39.8,,diabetes,2
46,161,73,133,37.9,chest pain,diabetes,2
79,140,88,94,36.8,chest pain|dizziness,hypertension|diabetes,0
37,155,89,61,39.9,fever|dizziness,,1
61,124,81,94,37.6,,diabetes|asthma,0
49,164,66,92,36.4,,diabetes,0
36,148,65,65,36.2,fever|chest pain,hypertension|diabetes,0
34,163,80,112,38.8,breathlessness,,1
40,167,97,80,39.4,,diabetes|asthma,1
57,129,103,68,40.0,chest pain,diabetes,1
22,105,95,103,39.1,chest pain,asthma,1
62,190,70,125,38.8,,,2
56,184,78,69,38.3,,hypertension|diabetes,2
28,138,62,92,38.7,,,1
73,167,82,110,36.0,chest pain,hypertension|asthma,1
65,150,74,79,39.2,dizziness|breathlessness,hypertension,1
30,136,96,62,39.2,,hypertension|diabetes,1
76,131,80,82,36.4,dizziness,asthma,0
65,169,78,133,38.5,dizziness|fever,,2
89,152,110,104,39.2,,diabetes,1
49,186,82,88,38.5,breathlessness,,2
79,141,107,138,39.3,,diabetes,2
70,124,66,114,37.0,chest pain|breathlessness,diabetes|asthma,1
39,151,104,136,37.9,breathlessness|fever,asthma|diabetes,2
86,188,97,66,36.3,,diabetes|asthma,2
49,104,66,69,36.8,chest pain|dizziness,hypertension,0
88,172,79,138,36.5,chest pain,hypertension|asthma,2
89,181,101,69,38.1,,diabetes|hypertension,2
46,110,74,134,38.8,breathlessness|fever,diabetes,2
56,125,65,83,39.2,breathlessness,hypertension|diabetes,1
88,120,109,82,36.2,breathlessness|chest pain,asthma,0
81,154,94,77,37.8,,asthma|diabetes,0
55,171,77,131,39.0,,hypertension,2
50,106,65,67,36.2,,,0
56,130,75,91,40.0,,,1
22,140,93,97,37.9,breathlessness,hypertension,0
55,166,104,110,37.6,,diabetes,1
82,165,108,70,39.9,chest pain|breathlessness,,1
39,148,100,105,39.9,breathlessness,diabetes,1
75,125,80,86,37.6,dizziness|breathlessness,asthma,0
53,141,78,124,39.7,dizziness|fever,diabetes|hypertension,2
22,143,107,107,36.2,dizziness,hypertension,1
40,158,61,114,37.5,,,1
72,159,72,77,39.1,breathlessness|fever,,1
72,186,66,120,39.3,,hypertension,2
57,156,109,118,36.6,chest pain|fever,,1
70,139,84,88,36.1,dizziness,diabetes|hypertension,0
71,128,93,64,38.3,,hypertension,0
47,108,64,139,37.7,,diabetes,2
20,181,77,111,39.2,fever|dizziness,asthma|hypertension,2
62,189,80,75,38.7,,hypertension,2
44,183,103,104,37.6,chest pain,diabetes,2
32,139,82,90,38.0,fever|dizziness,diabetes,0
66,122,61,85,40.0,dizziness|chest pain,diabetes,1
27,105,64,123,38.7,fever|breathlessness,diabetes|hypertension,2
44,182,61,138,37.2,breathlessness|fever,hypertension,2
28,123,87,123,37.4,breathlessness|fever,diabetes|asthma,2
47,145,105,114,36.7,chest pain|dizziness,hypertension,1
60,145,88,139,37.0,chest pain|dizziness,,2
50,112,103,112,38.0,breathlessness,hypertension|asthma,1
85,140,101,87,39.4,breathlessness,hypertension|asthma,1
20,127,80,88,38.4,dizziness|fever,hypertension,0
51,102,78,121,38.5,breathlessness|chest pain,,2
18,118,107,66,37.6,chest pain,hypertension|diabetes,0
41,144,72,126,36.5,chest pain|breathlessness,asthma,2
36,175,110,102,36.1,dizziness|fever,asthma,2
78,136,89,104,36.6,,,1
52,102,100,111,39.5,,,1
51,166,60,124,38.9,chest pain,hypertension,2
66,137,61,125,36.1,fever|chest pain,asthma|hypertension,2
70,190,108,92,36.0,dizziness,hypertension,2
36,187,62,95,38.4,fever,,2
23,150,63,117,39.2,,asthma,1
44,119,97,128,38.7,,hypertension,2
20,113,78,100,37.9,chest pain,diabetes,0
81,181,68,125,37.7,breathlessness|dizziness,diabetes,2
36,179,89,90,37.3,fever|chest pain,,2
55,161,62,74,38.8,,asthma|hypertension,1
89,187,101,109,37.6,fever|breathlessness,,2
78,142,104,81,37.7,chest pain,diabetes|hypertension,0
53,153,60,112,40.0,chest pain|dizziness,,1
42,150,103,84,38.0,dizziness,diabetes,0
25,170,86,135,37.4,dizziness,hypertension,2
74,189,65,113,36.1,breathlessness,diabetes,2
44,162,88,72,37.3,breathlessness|fever,,0
41,186,76,81,39.9,breathlessness,asthma,2
85,121,68,139,39.4,breathlessness,hypertension,2
89,153,65,66,38.7,dizziness|chest pain,,1
74,126,61,116,36.1,breathlessness|chest pain,diabetes|asthma,1
18,189,85,108,38.8,,,2
52,100,63,108,36.4,breathlessness|dizziness,asthma,1
61,183,65,124,36.3,,asthma,2
52,127,75,104,38.2,fever|breathlessness,diabetes,1
85,187,82,124,37.6,breathlessness|fever,asthma|diabetes,2
50,101,74,106,38.1,chest pain,,1
70,123,92,73,39.5,fever,asthma,1
18,182,79,129,37.1,,,2
58,174,66,132,39.7,chest pain|dizziness,,2
25,172,68,107,38.1,fever,,2
33,157,80,134,36.1,breathlessness|fever,,2
62,165,108,99,36.2,dizziness,diabetes|asthma,0
34,164,65,74,36.2,,diabetes|hypertension,0
26,145,63,118,39.2,dizziness,hypertension|asthma,1
59,182,80,79,38.4,breathlessness|fever,asthma,2
32,183,101,127,36.4,,,2
36,153,106,60,38.2,,,0
86,111,100,78,38.3,breathlessness,diabetes|hypertension,0
67,106,95,101,38.2,chest pain|breathlessness,asthma|hypertension,1
58,107,103,72,39.9,dizziness,hypertension|diabetes,1
40,107,87,69,39.8,dizziness|chest pain,,1
73,157,75,102,38.8,,asthma,1
83,165,79,101,36.5,,asthma|diabetes,1
37,177,67,119,36.5,,,2
82,177,68,80,37.0,dizziness,,2
44,122,64,76,39.4,dizziness,,1
50,173,63,109,39.2,chest pain|fever,asthma,2
39,163,88,134,39.0,chest pain|breathlessness,asthma|hypertension,2
37,172,94,91,39.4,,asthma|diabetes,2
84,139,79,67,39.6,fever|dizziness,hypertension,1
32,157,64,100,38.9,,diabetes|hypertension,1
47,156,81,101,36.5,fever|chest pain,asthma|diabetes,1
35,168,105,69,36.4,,,0
29,143,97,136,37.4,,diabetes|asthma,2
55,148,102,63,38.6,breathlessness|dizziness,asthma,1
72,182,103,118,36.3,dizziness,,2
81,165,61,91,36.2,fever,diabetes|asthma,0
52,184,87,119,37.0,,,2
78,107,95,119,38.5,,diabetes,1
73,108,109,67,37.2,dizziness|breathlessness,asthma|diabetes,0
57,168,105,100,38.4,dizziness,asthma|diabetes,0
73,149,101,122,38.6,,diabetes|asthma,2
68,170,68,84,36.7,breathlessness|fever,,0
74,116,82,109,38.4,breathlessness,diabetes|hypertension,1
68,112,78,112,37.7,fever,diabetes|asthma,1
31,103,75,132,37.0,dizziness|fever,hypertension|asthma,2
54,105,102,132,38.4,chest pain|breathlessness,asthma|hypertension,2
88,183,61,115,39.8,,hypertension|diabetes,2
65,121,67,114,38.8,,hypertension,1
52,179,81,70,38.5,chest pain|fever,hypertension|asthma,2
86,107,70,108,37.4,,diabetes,1
81,162,98,95,36.5,,,0
85,149,65,121,38.8,breathlessness|dizziness,hypertension|diabetes,2
23,156,65,114,37.6,dizziness|fever,diabetes,1
57,161,103,74,38.6,fever|breathlessness,,1
32,166,65,125,36.4,,asthma,2
57,129,97,101,37.2,,diabetes,1
69,125,76,99,37.2,fever|dizziness,,0
74,115,72,96,39.7,fever,asthma|diabetes,1
88,135,63,67,37.6,,,0
74,175,90,117,37.9,fever|dizziness,,2
89,103,102,91,38.4,fever|chest pain,hypertension|asthma,0
48,188,78,78,37.5,dizziness|breathlessness,diabetes,2
46,149,104,72,36.1,dizziness,,0
60,172,90,63,39.0,fever,,2
76,152,97,130,39.7,chest pain,asthma|diabetes,2
36,120,76,132,38.3,fever,hypertension,2
46,133,100,86,38.0,fever,hypertension|asthma,0
31,145,72,125,36.2,chest pain|breathlessness,diabetes|hypertension,2
26,163,65,74,39.9,dizziness,diabetes,1
68,154,88,85,38.5,,asthma,0
83,111,73,61,37.0,,diabetes,0
74,135,75,91,38.2,dizziness,hypertension|asthma,0
47,141,90,85,39.0,chest pain|dizziness,asthma|hypertension,1
31,181,96,88,36.4,dizziness|chest pain,hypertension|asthma,2
39,103,83,139,38.7,fever|breathlessness,hypertension,2
30,171,64,89,36.2,,asthma|diabetes,2
65,190,81,84,37.2,dizziness|fever,asthma,2
20,129,92,85,39.5,chest pain,asthma|diabetes,1
34,116,101,63,38.6,,,1
26,185,86,73,37.3,breathlessness|dizziness,asthma|diabetes,2
78,188,80,75,37.5,breathlessness,diabetes,2
63,130,86,80,37.2,breathlessness,hypertension|diabetes,0
52,190,88,80,39.5,dizziness,hypertension,2
28,124,94,133,36.8,dizziness,hypertension|asthma,2
83,114,84,96,38.7,breathlessness|fever,asthma|hypertension,1
47,186,87,86,36.2,fever,diabetes|hypertension,2
83,101,98,72,37.7,,diabetes|hypertension,0
63,131,104,133,39.8,,asthma|hypertension,2
26,151,100,103,38.8,,hypertension,1
23,170,101,105,36.8,,hypertension,1
59,132,91,121,39.8,fever|chest pain,,2
60,160,61,71,38.1,chest pain,,0
19,170,77,80,36.2,dizziness,hypertension|asthma,0
79,164,69,62,36.6,,,0
44,156,108,120,38.6,chest pain,diabetes,1
86,172,109,125,36.9,dizziness,diabetes|hypertension,2
55,157,92,63,37.0,,hypertension,0
84,116,69,63,37.9,dizziness|chest pain,diabetes,0
79,175,106,73,38.0,fever,,2
90,102,109,74,37.3,,asthma|diabetes,0
32,124,83,98,36.6,dizziness|chest pain,diabetes|hypertension,0
24,141,70,61,37.0,breathlessness|chest pain,asthma|hypertension,0
41,128,91,117,37.8,dizziness|chest pain,asthma|hypertension,1
28,183,109,68,38.8,fever|breathlessness,hypertension|asthma,2
30,135,77,75,39.2,,asthma,1
66,115,88,137,39.6,,,2
36,133,99,93,37.1,fever,,0
36,164,79,100,39.5,,asthma,1
55,160,87,99,39.4,breathlessness,,1
45,171,86,76,39.2,breathlessness|dizziness,hypertension,2
83,180,92,60,37.4,,diabetes,2
68,107,101,80,36.6,fever,,0
79,158,105,83,38.9,chest pain,,1
40,170,63,92,39.3,breathlessness,hypertension,1
66,130,79,138,37.3,,diabetes|hypertension,2
51,141,83,81,38.2,,,0
33,105,73,120,37.4,fever,,1
43,178,64,113,38.8,,,2
46,101,108,127,36.0,chest pain,,2
48,138,103,67,37.6,dizziness,diabetes|hypertension,0
81,168,106,74,39.4,breathlessness,diabetes,1
81,143,100,92,39.8,breathlessness,hypertension|diabetes,1
65,137,80,72,38.6,,asthma,1
31,100,97,133,37.6,,asthma|diabetes,2
66,103,69,120,39.6,,asthma|diabetes,1
75,121,64,129,38.3,,,2
47,115,110,62,37.6,dizziness,diabetes|asthma,0
39,150,74,66,38.2,chest pain|fever,hypertension,0
35,109,97,77,36.1,chest pain|dizziness,,0
81,132,60,101,38.0,fever|chest pain,diabetes,1
30,128,74,71,36.8,fever|chest pain,,0
86,109,82,61,36.5,chest pain,hypertension|diabetes,0
72,138,107,114,37.4,,diabetes,1
54,175,94,101,39.8,dizziness|chest pain,,2
74,163,75,132,38.8,fever,,2
81,142,108,126,36.2,breathlessness|fever,asthma,2
27,147,102,137,38.1,,,2
58,171,64,63,39.0,,hypertension|diabetes,2
85,135,110,115,38.6,,,1
22,150,92,68,37.2,,hypertension,0
22,161,76,118,39.6,,,1
20,115,95,73,38.6,fever|dizziness,hypertension|diabetes,1
18,130,67,65,39.2,breathlessness,hypertension|asthma,1
26,164,96,90,36.5,breathlessness,diabetes|asthma,0
82,161,92,74,39.4,,,1
42,189,104,81,39.2,dizziness,hypertension,2
29,135,100,68,36.9,,,0
44,140,66,107,39.3,fever,diabetes,1
59,170,67,71,37.1,,,0
75,120,64,60,39.5,breathlessness|chest pain,hypertension,1
64,187,70,116,36.8,dizziness|chest pain,diabetes,2
88,141,75,92,37.6,fever|chest pain,asthma|diabetes,0
20,116,97,61,36.4,chest pain|fever,diabetes|hypertension,0
45,117,73,82,39.6,,,1
32,112,107,71,38.4,dizziness,hypertension|asthma,0
66,114,61,62,36.4,breathlessness,hypertension|diabetes,0
56,141,97,67,37.5,breathlessness,asthma,0
22,102,89,68,36.5,,,0
70,111,90,101,36.8,breathlessness|dizziness,,1
53,122,103,130,38.1,fever|chest pain,diabetes,2
32,156,75,89,37.2,,diabetes,0
50,163,92,62,37.1,breathlessness|fever,diabetes|hypertension,0
22,101,87,78,38.8,,,1
24,107,80,123,39.3,dizziness,hypertension|diabetes,2
55,155,95,69,37.5,fever|breathlessness,,0
72,155,64,61,36.1,dizziness,asthma,0
52,134,107,136,37.9,dizziness|fever,,2
65,177,105,96,39.6,,,2
31,171,68,69,36.9,breathlessness|chest pain,diabetes|asthma,2
29,113,104,82,38.0,,,0
82,142,81,87,37.4,fever,hypertension,0
25,176,75,124,38.8,fever|chest pain,asthma|hypertension,2
51,175,94,81,36.3,,hypertension|diabetes,2
19,185,68,87,37.3,,asthma,2
70,122,84,126,38.0,,,2
74,174,70,97,38.4,dizziness,hypertension,2
85,155,81,94,36.8,chest pain,,0
45,167,83,131,37.8,,,2
69,129,73,67,39.5,dizziness|chest pain,diabetes,1
26,108,85,73,39.9,fever,diabetes|hypertension,1
35,175,104,75,37.3,chest pain|dizziness,,2
23,124,62,123,39.8,dizziness|breathlessness,,2
88,109,71,134,36.0,chest pain,,2
36,106,79,118,37.3,dizziness,asthma,1
57,189,82,130,37.9,chest pain,diabetes|hypertension,2
80,103,103,61,39.0,dizziness|breathlessness,diabetes,1
59,179,63,72,37.8,,diabetes|asthma,2
47,113,109,96,36.5,chest pain|fever,asthma,0
20,168,98,82,39.5,chest pain|dizziness,asthma|diabetes,1
27,166,61,117,36.8,,diabetes|asthma,1
53,108,86,66,37.7,chest pain|dizziness,,0
21,137,96,79,36.6,fever|dizziness,diabetes,0
68,147,70,133,38.8,chest pain|fever,,2
29,122,94,94,39.2,chest pain|fever,asthma,1
61,113,105,74,38.7,breathlessness|fever,asthma|hypertension,1
47,126,102,124,37.4,,asthma|diabetes,2
54,129,101,81,37.1,chest pain,,0
36,122,67,138,38.4,dizziness|chest pain,diabetes,2
59,174,100,128,39.4,,asthma,2
74,114,94,124,39.5,chest pain,diabetes|asthma,2
69,131,108,99,37.1,fever,asthma|hypertension,0
47,136,66,66,39.1,fever,diabetes,1
59,174,84,140,37.1,dizziness|fever,diabetes|asthma,2
55,147,105,101,37.5,fever,,1
40,114,89,114,36.1,breathlessness,,1
87,130,71,69,39.1,chest pain,,1
74,127,96,139,37.9,chest pain,,2
35,114,83,106,38.1,,hypertension|asthma,1
51,121,108,87,39.2,fever|chest pain,diabetes|hypertension,1
75,100,96,112,39.4,dizziness|fever,asthma|diabetes,1
39,102,76,122,37.0,chest pain,asthma,2
50,122,97,118,37.2,,diabetes,1
51,152,101,76,39.1,breathlessness,,1
65,157,71,68,36.7,chest pain|breathlessness,,0
19,140,66,134,36.3,,asthma,2
40,190,89,65,39.1,breathlessness|fever,asthma|hypertension,2
46,107,64,97,38.0,dizziness|chest pain,hypertension|asthma,0
28,154,110,135,38.0,,asthma,2
55,179,60,71,38.0,dizziness,,2
50,116,64,61,39.9,,,1
35,129,99,65,36.3,,diabetes|asthma,0
22,144,90,82,40.0,breathlessness,,1
73,127,75,122,39.9,,,2
43,131,83,100,38.2,breathlessness,,0
56,119,76,102,39.8,dizziness,hypertension,1
61,181,93,88,38.0,breathlessness,hypertension|asthma,2
65,111,65,73,37.7,,diabetes,0
86,186,77,77,37.4,,hypertension,2
51,160,107,61,36.5,dizziness|fever,diabetes|hypertension,0
48,107,75,69,37.0,,asthma|diabetes,0
68,110,66,61,37.6,chest pain,,0
58,157,97,97,36.6,,,0
49,147,92,109,36.6,dizziness|breathlessness,,1
82,133,63,63,36.9,fever,diabetes|hypertension,0
46,162,78,129,39.1,breathlessness|chest pain,hypertension,2
65,166,108,120,39.8,breathlessness,diabetes|hypertension,1
63,146,79,113,37.0,dizziness|fever,diabetes,1
63,180,78,115,36.6,,asthma|diabetes,2
33,109,97,101,38.9,dizziness,,1
61,185,99,64,37.5,fever,hypertension|diabetes,2
68,119,81,92,39.6,breathlessness,,1
79,112,64,112,39.8,,,1
33,132,96,120,39.1,,,1
48,124,88,64,37.9,,asthma|diabetes,0
50,101,79,103,39.9,breathlessness|fever,hypertension|diabetes,1
43,166,78,110,37.2,breathlessness,,1
80,188,69,122,39.7,chest pain|dizziness,asthma,2
42,171,100,78,39.0,,,2
76,105,89,72,36.3,,hypertension,0
38,180,70,128,38.3,breathlessness|fever,hypertension,2
56,163,70,115,39.4,,asthma,1
89,145,99,90,36.2,chest pain,diabetes,0
84,133,72,63,37.3,dizziness,diabetes,0
62,141,102,78,39.9,dizziness,,1
23,158,85,124,37.3,,,2
49,128,81,105,39.0,fever,,1
51,188,91,65,37.6,chest pain,diabetes,2
31,129,89,88,36.1,breathlessness|fever,asthma,0
26,170,82,84,38.6,fever|dizziness,,1
78,139,88,86,38.0,breathlessness|fever,hypertension,0
35,149,65,116,39.3,,,1
90,171,67,113,39.4,dizziness,,2
42,178,98,63,37.7,,asthma|hypertension,2
72,152,70,71,39.1,chest pain|breathlessness,,1
64,171,96,100,38.7,dizziness|breathlessness,asthma|diabetes,2
44,152,84,62,38.5,,asthma|diabetes,0
48,179,73,121,36.0,breathlessness,asthma|hypertension,2
47,145,67,115,38.8,chest pain,hypertension,1
48,117,105,119,37.6,chest pain|dizziness,hypertension,1
24,147,70,90,39.7,,asthma|hypertension,1
47,139,108,76,36.9,breathlessness|fever,,0
69,130,103,63,36.8,chest pain,asthma|hypertension,0
48,114,105,70,36.6,,asthma|diabetes,0
68,104,92,85,37.4,chest pain|dizziness,diabetes|asthma,0
49,170,105,117,39.3,,asthma,1
22,173,84,73,36.7,dizziness,hypertension,2
38,156,81,98,36.9,chest pain|breathlessness,asthma,0
33,162,73,111,38.2,chest pain|fever,hypertension,1
74,157,65,111,37.3,,,1
48,155,80,115,36.2,,asthma|diabetes,1
47,113,92,97,39.8,,asthma,1
37,122,102,114,36.4,,,1
69,149,104,128,37.8,chest pain,asthma,2
87,153,102,81,39.5,fever|breathlessness,diabetes|asthma,1
43,158,97,118,38.7,breathlessness|dizziness,diabetes,1
67,179,68,88,36.5,breathlessness,hypertension|diabetes,2
45,184,94,87,37.8,chest pain,diabetes,2
52,146,100,63,39.6,fever,hypertension|asthma,1
68,170,61,132,39.5,breathlessness|fever,hypertension,2
55,151,76,139,36.9,,hypertension|diabetes,2
38,189,90,64,39.0,,hypertension,2
87,159,94,103,38.6,breathlessness|chest pain,,1
37,189,90,97,37.4,,hypertension,2
68,100,88,135,38.2,dizziness|fever,asthma,2
63,140,84,124,38.2,fever,asthma|diabetes,2
47,109,64,93,36.2,,hypertension,0
62,151,108,77,36.5,dizziness|breathlessness,,0
49,190,80,118,39.8,,asthma,2
71,114,72,100,36.8,fever,hypertension|asthma,0
84,111,110,77,38.1,breathlessness,,0
47,145,86,107,37.7,,diabetes,1
67,147,74,111,36.1,chest pain|dizziness,asthma|hypertension,1
90,151,78,139,39.1,breathlessness,hypertension,2
84,122,102,112,37.6,fever,hypertension,1
19,150,80,140,39.5,breathlessness|chest pain,diabetes|asthma,2
90,182,86,113,37.1,,asthma|hypertension,2
25,181,83,111,37.2,,hypertension,2
66,109,109,72,37.5,chest pain|fever,asthma|diabetes,0
71,136,82,139,38.2,dizziness|chest pain,asthma,2
43,114,81,90,38.1,chest pain,diabetes,0
48,111,72,136,38.8,breathlessness|chest pain,hypertension,2
65,167,82,60,38.9,,asthma|diabetes,1
53,152,94,116,37.5,dizziness,,1
47,106,105,99,37.1,,hypertension|asthma,0
24,161,93,90,37.9,dizziness|breathlessness,hypertension,0
61,148,110,125,38.2,breathlessness,asthma,2
71,183,88,132,37.2,,diabetes|asthma,2
87,152,108,102,37.7,,,1
26,114,70,116,37.8,,,1
65,154,79,94,38.6,dizziness,hypertension|asthma,1
32,107,71,104,38.0,breathlessness,,1
58,182,109,82,38.0,chest pain,hypertension,2
40,112,66,139,38.0,dizziness,hypertension,2
58,169,94,86,39.2,dizziness,,1
51,161,85,127,36.9,,hypertension|diabetes,2
51,117,94,64,36.6,breathlessness|chest pain,hypertension,0
52,185,81,95,38.0,dizziness|chest pain,,2
20,166,107,89,38.6,chest pain|dizziness,,1
21,153,96,104,37.9,chest pain,asthma,1
30,187,60,82,37.5,,diabetes,2
52,144,67,139,38.6,,diabetes|asthma,2
45,130,72,133,38.3,,asthma,2
26,167,71,115,39.5,,hypertension|asthma,1
87,140,83,63,36.4,dizziness|fever,hypertension,0
70,113,60,102,37.3,,diabetes|hypertension,1
27,156,74,108,36.9,breathlessness,asthma|hypertension,1
40,155,63,86,37.0,breathlessness|chest pain,asthma|hypertension,0
83,134,103,90,36.6,fever,,0
32,119,74,98,36.7,,asthma,0
90,163,65,125,36.0,chest pain,hypertension|diabetes,2
88,151,85,105,36.2,breathlessness,asthma|hypertension,1
66,141,67,110,37.6,chest pain|dizziness,hypertension,1
19,139,101,136,38.7,,diabetes|asthma,2
81,124,88,88,39.0,,asthma|diabetes,1
31,159,73,105,36.7,fever,hypertension|asthma,1
34,188,102,86,38.2,breathlessness,diabetes,2
18,123,100,83,37.5,,asthma,0
62,123,64,76,37.9,fever,,0
43,169,78,77,39.3,,diabetes,1
55,162,81,128,37.2,dizziness,,2
82,101,88,65,36.4,,diabetes|asthma,0
30,160,60,106,36.7,fever,hypertension,1
19,133,80,136,37.2,,,2
30,165,77,113,38.3,,asthma,1
51,113,95,77,36.9,dizziness|chest pain,hypertension,0
34,159,102,67,37.4,breathlessness,diabetes,0
84,161,85,100,36.4,fever,hypertension,0
73,179,90,105,39.2,breathlessness,,2
68,162,72,134,37.3,dizziness,,2
90,163,102,68,37.3,,asthma|hypertension,0
26,189,97,137,37.6,dizziness,,2
56,123,104,68,38.0,,diabetes,0
89,177,94,102,37.3,,asthma,2
58,138,77,67,38.5,,,0
84,100,69,105,38.0,fever,diabetes,1
52,160,98,133,38.0,chest pain,diabetes,2
47,118,85,91,38.6,fever|dizziness,,1
48,125,98,84,38.4,breathlessness|dizziness,,0
88,161,64,66,37.9,fever,diabetes|asthma,0
55,129,81,131,39.3,,,2
63,111,92,94,38.8,,,1
32,170,89,102,37.9,breathlessness,hypertension,1
73,111,109,67,38.0,breathlessness|fever,,0
54,168,73,131,37.2,fever|chest pain,asthma,2
36,101,68,97,37.4,chest pain,hypertension,0
38,174,62,60,37.7,chest pain,asthma,2
80,125,76,111,38.6,fever|dizziness,diabetes,1
70,113,60,129,39.7,breathlessness|dizziness,,2
49,106,60,63,39.5,,asthma|diabetes,1
64,130,71,113,39.1,fever|chest pain,diabetes|hypertension,1
43,154,94,137,39.6,fever,diabetes|asthma,2
37,101,106,64,39.2,,,1
44,133,69,81,37.1,fever,hypertension,0
31,147,68,75,37.2,dizziness|fever,,0
74,156,71,140,39.6,,hypertension|asthma,2
25,159,109,74,39.5,fever|dizziness,hypertension|asthma,1
45,168,100,133,37.9,breathlessness|fever,asthma,2
78,134,72,88,39.1,chest pain|dizziness,,1
62,168,84,102,36.6,breathlessness,diabetes|hypertension,1
67,170,82,108,37.1,breathlessness,asthma,1
71,171,102,140,39.6,breathlessness|fever,,2
35,134,105,88,38.9,,hypertension|diabetes,1
84,158,88,100,39.8,,diabetes|hypertension,1
82,150,100,79,38.5,,asthma|hypertension,0
43,129,102,60,40.0,,asthma|diabetes,1
88,132,103,127,38.9,,diabetes,2
72,131,89,62,39.1,chest pain,hypertension,1
37,160,100,108,39.9,chest pain,asthma,1
86,141,62,63,38.8,fever,asthma,1
25,183,110,86,38.3,,hypertension,2
77,161,98,87,37.4,,diabetes|asthma,0
27,122,68,134,36.5,chest pain|breathlessness,diabetes|asthma,2
84,136,71,130,37.7,breathlessness,asthma|diabetes,2
23,137,74,111,37.9,fever,hypertension,1
81,160,80,97,37.1,,diabetes|hypertension,0
20,110,93,65,36.1,chest pain|fever,,0
42,186,109,60,38.4,,hypertension|diabetes,2
55,127,101,60,38.8,chest pain|fever,hypertension|asthma,1
18,117,64,91,39.9,breathlessness,diabetes|hypertension,1
35,112,96,97,36.7,dizziness|chest pain,diabetes,0
18,147,67,79,39.9,dizziness,asthma,1
29,130,97,79,36.7,chest pain,diabetes,0
82,177,110,103,38.2,,,2
50,119,102,100,38.7,chest pain|breathlessness,hypertension|asthma,1
66,151,68,138,39.3,chest pain,asthma,2
63,131,78,106,37.0,chest pain,asthma|diabetes,1
87,120,87,105,37.0,dizziness,diabetes,1
70,184,84,135,36.8,,hypertension|diabetes,2
38,190,71,137,37.8,,hypertension,2
58,126,79,73,37.9,,diabetes|hypertension,0
73,187,87,66,37.9,fever|breathlessness,,2
80,152,75,122,38.5,breathlessness|chest pain,diabetes|hypertension,2
88,151,75,65,36.3,fever,asthma|hypertension,0
85,102,109,131,36.3,,asthma|hypertension,2
36,173,99,65,37.8,chest pain|fever,hypertension|asthma,2
20,119,78,135,36.2,fever|dizziness,,2
39,139,86,83,39.1,dizziness|chest pain,asthma,1
43,102,106,139,38.5,breathlessness,,2
66,150,84,106,37.8,,asthma,1
53,166,61,126,37.0,chest pain,,2
36,100,80,64,39.5,,diabetes,1
23,182,81,110,38.8,,hypertension|diabetes,2
90,148,89,122,39.8,,,2
90,113,87,115,37.4,breathlessness,asthma,1
77,108,80,88,38.9,,,1
83,175,81,119,39.8,dizziness,,2
85,138,60,99,38.6,dizziness|breathlessness,hypertension|diabetes,1
53,186,86,66,38.5,dizziness,diabetes,2
58,132,62,106,38.5,,diabetes|hypertension,1
26,108,107,74,37.8,fever|dizziness,hypertension,0
23,145,104,134,37.0,chest pain,,2
58,175,104,100,38.3,,,2
66,161,74,80,37.0,fever,diabetes,0
89,120,95,70,38.6,chest pain,asthma,1
74,114,80,124,37.0,fever|chest pain,hypertension|asthma,2
80,156,65,71,39.1,dizziness,asthma,1
85,138,86,109,36.0,fever,hypertension,1
30,143,89,114,37.0,,,1
63,120,104,87,37.8,dizziness,hypertension|asthma,0
58,109,98,114,37.9,breathlessness,diabetes|hypertension,1
63,180,86,80,36.9,chest pain,diabetes|asthma,2
64,183,65,86,38.0,fever,hypertension|diabetes,2
81,101,82,79,39.3,chest pain|fever,hypertension|asthma,1
85,175,108,103,37.0,dizziness,hypertension,2
38,128,90,119,38.2,fever,,1
37,117,108,134,38.2,,hypertension,2
36,185,67,62,37.2,,hypertension,2
60,121,88,62,37.6,,hypertension,0
89,112,93,127,38.4,,,2
56,132,70,103,36.6,dizziness|breathlessness,hypertension|asthma,1
20,148,74,95,37.8,,asthma,0
68,100,81,68,39.5,,asthma,1
40,158,85,106,37.5,fever,,1
18,165,103,96,37.6,fever,diabetes|asthma,0
38,126,87,113,37.4,fever,diabetes,1
66,189,84,70,36.3,dizziness|breathlessness,hypertension|diabetes,2
74,101,70,117,37.4,breathlessness|fever,hypertension|diabetes,1
38,142,95,103,39.5,,,1
73,110,80,96,37.1,breathlessness,,0
40,168,94,103,38.2,fever,hypertension,1
89,163,71,103,38.5,dizziness|fever,diabetes|hypertension,1
71,149,60,78,36.0,fever,asthma|diabetes,0
66,118,79,98,38.1,breathlessness|dizziness,asthma|hypertension,0
49,119,91,97,39.5,,,1
63,170,77,107,38.9,chest pain,,1
70,128,71,100,39.2,,,1
85,120,70,100,37.9,chest pain|breathlessness,asthma|diabetes,0
45,101,91,99,38.9,breathlessness,asthma|diabetes,1
87,153,73,128,39.2,breathlessness|chest pain,hypertension,2
90,136,67,89,37.8,fever|breathlessness,,0
45,166,109,131,37.5,fever,hypertension,2
64,103,72,81,36.5,chest pain,,0
52,125,92,114,40.0,chest pain|dizziness,hypertension|diabetes,1
26,131,95,102,37.1,dizziness|fever,asthma,1
66,161,69,106,36.6,,diabetes,1
70,152,108,70,36.3,,asthma,0
63,161,63,131,39.2,chest pain|fever,,2
84,150,66,135,39.8,dizziness|breathlessness,hypertension|asthma,2
50,181,110,76,38.5,,,2
40,154,62,90,39.2,chest pain|fever,diabetes|asthma,1
75,154,71,110,38.4,fever,asthma,1
86,148,76,114,39.6,chest pain|dizziness,,1
49,146,92,62,36.3,breathlessness,asthma|diabetes,0
49,190,72,65,36.2,chest pain,asthma|hypertension,2
31,137,101,107,37.9,chest pain|dizziness,asthma|hypertension,1
23,120,88,133,39.0,dizziness|chest pain,diabetes,2
51,104,65,71,39.9,,hypertension|asthma,1
46,141,106,111,37.2,,,1
48,126,68,78,36.0,,asthma,0
79,103,89,81,37.7,fever,hypertension|diabetes,0
47,190,92,76,39.1,fever|dizziness,,2
30,168,94,70,39.8,breathlessness,asthma|diabetes,1
77,154,94,126,38.1,fever|dizziness,asthma,2
50,107,107,101,37.1,breathlessness,asthma,1
64,162,100,84,37.5,breathlessness|chest pain,diabetes,0
23,100,97,76,38.0,,,0
81,161,108,129,39.6,,asthma,2
21,169,67,109,37.9,fever,,1
57,189,85,113,39.9,dizziness|chest pain,,2
26,172,78,95,36.4,,,2
33,147,104,83,37.3,breathlessness|dizziness,,0
59,154,87,81,39.0,,hypertension|diabetes,1
46,176,92,68,39.8,chest pain,diabetes,2
49,131,67,134,38.9,breathlessness|fever,,2
90,146,78,70,39.3,dizziness,diabetes,1
23,168,60,66,38.2,,,0
57,126,68,101,38.5,dizziness,hypertension|asthma,1
26,152,85,109,38.9,,asthma|hypertension,1
60,110,86,76,38.5,breathlessness,asthma,0
79,189,95,140,39.8,chest pain|breathlessness,asthma,2
58,188,86,136,36.3,,diabetes|hypertension,2
43,132,91,68,38.0,,diabetes|asthma,0
64,170,103,110,36.2,fever,,1
54,173,82,108,37.7,dizziness|fever,asthma,2
80,189,88,138,36.3,dizziness,hypertension,2
74,114,72,89,39.1,fever,,1
65,164,67,63,38.0,dizziness,hypertension|asthma,0
73,177,95,97,40.0,fever|dizziness,asthma|hypertension,2
23,154,98,105,39.8,,hypertension|asthma,1
55,112,61,90,38.4,,diabetes,0
84,108,102,82,38.8,,diabetes,1
37,100,60,68,36.8,,,0
42,162,83,95,38.4,,asthma,0
20,183,84,123,39.3,dizziness,diabetes,2
28,160,68,114,37.4,,,1
73,104,92,106,38.0,fever|dizziness,hypertension|asthma,1
25,189,91,121,36.4,dizziness|breathlessness,,2
33,174,99,126,37.3,dizziness|fever,diabetes,2
66,159,91,102,38.2,dizziness,hypertension|asthma,1
29,139,83,83,37.1,,,0
22,167,104,133,36.2,chest pain|dizziness,asthma|hypertension,2
25,118,109,126,38.7,,,2
44,172,70,65,36.9,dizziness|breathlessness,diabetes,2
26,164,97,92,39.7,breathlessness|dizziness,,1
68,159,61,73,37.7,chest pain|breathlessness,,0
35,135,65,87,36.2,,diabetes,0
31,158,83,88,39.1,chest pain|dizziness,asthma|diabetes,1
50,139,73,113,39.9,fever,diabetes,1
47,107,83,95,38.8,,asthma|hypertension,1
38,123,102,65,39.2,chest pain|fever,asthma,1
72,184,86,83,37.7,,,2
81,149,72,107,39.9,,,1
30,133,70,68,39.2,fever,hypertension,1
37,134,75,76,38.6,dizziness,hypertension|asthma,1
28,128,93,84,37.5,,asthma,0
28,114,75,132,36.5,,asthma,2
38,139,73,110,39.0,,asthma,1
80,157,98,95,38.1,breathlessness,asthma|hypertension,0
73,188,69,134,38.7,,diabetes,2
71,136,76,138,38.7,,,2
37,137,99,122,38.0,breathlessness,,2
39,144,87,99,38.8,breathlessness,hypertension|diabetes,1
48,119,74,85,38.5,chest pain|breathlessness,hypertension|diabetes,0
59,134,73,102,36.3,,asthma|diabetes,1
19,133,95,113,39.6,fever,,1
69,141,96,127,37.8,chest pain,,2
52,109,60,93,36.2,,hypertension,0
58,172,98,111,38.2,fever|breathlessness,,2
47,134,64,105,38.8,dizziness|chest pain,hypertension,1
72,103,77,83,37.8,breathlessness,diabetes|hypertension,0
45,167,61,123,39.7,fever,,2
76,177,80,132,37.6,breathlessness|fever,diabetes|hypertension,2
70,116,103,99,39.9,fever,diabetes,1
56,160,66,62,38.2,dizziness|breathlessness,diabetes|hypertension,0
21,139,103,97,39.0,,diabetes|asthma,1
87,106,95,128,38.4,,asthma|diabetes,2
58,182,95,92,36.4,chest pain,,2
28,155,85,122,36.8,chest pain|fever,hypertension,2
82,157,107,67,39.2,,hypertension|asthma,1
77,111,80,95,39.5,,,1
21,152,91,139,36.7,breathlessness|fever,,2
85,162,100,132,38.0,,asthma|hypertension,2
66,101,72,130,39.8,dizziness|fever,hypertension|asthma,2
58,180,106,82,38.5,fever|breathlessness,diabetes,2
30,170,76,112,36.9,,diabetes|hypertension,1
31,184,87,87,36.5,,hypertension,2
85,151,86,77,36.2,,,0
32,175,99,114,38.3,breathlessness|chest pain,hypertension,2
77,171,86,97,38.4,,diabetes|asthma,2
45,127,92,83,39.7,,,1
65,146,81,90,38.0,chest pain|dizziness,asthma|hypertension,0
70,187,62,87,39.8,chest pain|fever,diabetes|hypertension,2
71,130,67,104,39.8,,asthma|diabetes,1
55,127,83,120,38.2,,asthma|diabetes,1
47,123,96,93,38.9,,diabetes,1
73,158,86,96,39.2,fever,hypertension|diabetes,1
31,100,93,80,38.0,fever,,0
83,115,76,101,38.5,,asthma,1
81,161,83,62,37.4,chest pain|fever,asthma|diabetes,0
53,163,82,92,38.7,chest pain,,1
73,106,96,84,39.7,dizziness,,1
32,181,80,101,38.9,,diabetes,2
44,174,97,80,39.7,chest pain|breathlessness,,2
25,102,102,110,38.4,,,1
49,183,103,112,36.8,fever,,2
49,128,88,79,38.0,chest pain,,0
50,187,63,111,37.6,dizziness|chest pain,,2
67,184,102,84,38.0,dizziness|fever,hypertension|asthma,2
63,179,92,135,38.9,dizziness,asthma,2
54,115,70,89,37.0,fever,hypertension|asthma,0
84,106,90,118,36.1,,,1
59,141,64,92,37.5,,,0
35,132,109,78,36.8,dizziness|chest pain,diabetes|asthma,0
63,160,70,62,39.0,breathlessness,hypertension,1
23,113,71,64,37.5,dizziness|chest pain,diabetes,0
53,177,66,139,39.4,dizziness,hypertension|diabetes,2
39,136,91,104,39.4,fever,hypertension|diabetes,1
68,182,85,62,39.3,,,2
81,183,87,108,37.3,chest pain,diabetes,2
62,144,67,84,36.8,,diabetes,0
73,100,105,62,36.0,chest pain|breathlessness,,0
26,185,81,122,36.7,dizziness|breathlessness,diabetes|asthma,2
84,113,95,113,36.7,fever|chest pain,asthma|diabetes,1
64,156,61,115,38.8,fever|dizziness,,1
39,166,63,122,39.7,,hypertension|asthma,2
63,174,72,121,36.4,chest pain,,2
35,141,61,137,36.1,,hypertension,2
83,102,78,65,39.4,,asthma|diabetes,1
22,177,62,61,37.8,,,2
83,171,86,79,36.1,fever,,2
67,153,107,137,37.0,fever,diabetes|hypertension,2
33,170,94,121,37.0,breathlessness|dizziness,,2
35,179,62,89,36.7,fever,hypertension,2
33,117,76,138,37.2,,hypertension,2
54,144,80,65,36.4,dizziness,hypertension,0
66,164,92,137,39.6,,diabetes|asthma,2
72,173,99,101,36.6,breathlessness,diabetes,2
28,156,67,124,37.5,fever|chest pain,,2
56,120,101,137,37.9,breathlessness,hypertension|asthma,2
44,189,79,68,39.2,,diabetes|asthma,2
46,106,76,81,37.2,chest pain,asthma,0
34,166,108,91,39.5,,hypertension,1
65,143,67,93,36.6,fever,,0
29,170,102,120,39.0,chest pain,asthma|diabetes,1
36,159,74,65,36.6,chest pain|dizziness,,0
24,123,74,61,39.4,chest pain|fever,,1
57,111,70,94,37.5,,,0
56,163,84,101,37.5,chest pain,hypertension|diabetes,1
87,171,76,139,38.7,fever,asthma,2
28,130,91,104,38.3,breathlessness,asthma,1
69,122,105,113,37.4,breathlessness|chest pain,diabetes,1
62,141,105,101,36.7,fever|chest pain,diabetes|asthma,1
88,126,74,67,39.2,breathlessness,asthma|hypertension,1
49,187,109,124,39.7,,asthma|hypertension,2
42,163,62,74,38.8,fever|breathlessness,,1
86,146,63,75,37.7,breathlessness,,0
53,107,109,89,39.0,,hypertension|asthma,1
43,170,91,110,37.1,dizziness|chest pain,,1
57,118,64,81,39.8,fever,,1
75,151,77,108,36.8,breathlessness,asthma,1
58,173,61,125,38.9,,hypertension|asthma,2
36,173,61,62,39.6,dizziness,,2
33,162,70,63,36.7,,,0
25,114,83,75,38.5,,asthma|diabetes,0
56,110,76,114,39.5,,diabetes|asthma,1
83,149,67,135,39.8,chest pain,diabetes|hypertension,2
55,174,62,67,38.3,breathlessness|chest pain,asthma|diabetes,2
48,153,83,68,37.3,,,0
31,185,93,79,39.5,fever,asthma|hypertension,2
42,128,102,89,36.6,,,0
30,158,79,88,38.4,,,0
28,145,74,67,38.3,,,0
66,108,90,100,36.9,dizziness,diabetes,0
73,109,105,66,38.5,,,0
26,118,94,87,36.5,dizziness|fever,,0
39,139,77,65,38.0,fever,hypertension,0
82,168,67,112,39.9,chest pain|dizziness,asthma|diabetes,1
29,106,92,113,39.3,chest pain,,1
34,186,102,112,36.3,fever,asthma|diabetes,2
78,108,86,96,39.9,dizziness|breathlessness,diabetes|hypertension,1
88,131,107,129,36.9,breathlessness,,2
31,129,69,122,37.4,,hypertension,2
32,105,76,63,38.3,breathlessness,asthma|diabetes,0
83,116,60,128,37.8,,diabetes,2
82,163,100,71,39.6,fever,,1
76,169,67,65,37.9,chest pain,,0
61,153,92,115,37.8,dizziness,hypertension|diabetes,1
46,132,101,109,37.4,fever,diabetes|hypertension,1
53,109,63,134,38.3,breathlessness,asthma,2
41,180,83,99,36.3,dizziness|chest pain,asthma,2
66,128,69,102,36.6,,diabetes,1
51,152,66,87,38.9,fever|dizziness,,1
88,135,92,115,36.8,chest pain|dizziness,,1
38,108,92,65,37.8,dizziness|fever,,0
75,109,88,74,37.5,,hypertension,0
67,108,92,133,39.5,,,2
75,110,65,119,36.2,,,1
84,130,78,110,38.2,breathlessness|dizziness,asthma,1
80,157,95,114,39.4,breathlessness,,1
27,109,80,79,39.2,fever,diabetes,1
60,145,70,131,39.2,fever|breathlessness,,2
22,188,81,139,38.5,,,2
75,137,99,88,39.7,,hypertension,1
87,138,93,131,39.4,breathlessness,,2
49,158,60,65,39.4,,hypertension|asthma,1
18,119,70,72,37.9,dizziness|chest pain,asthma,0
35,107,81,124,39.1,breathlessness|fever,hypertension|asthma,2
68,154,105,69,39.6,dizziness,diabetes,1
47,128,109,67,37.2,dizziness,asthma|diabetes,0
19,157,89,84,38.7,breathlessness|dizziness,diabetes|asthma,1
19,130,71,80,36.8,chest pain,diabetes|hypertension,0
44,149,62,84,39.4,,diabetes,1
63,145,69,121,37.0,chest pain|dizziness,hypertension,2
24,123,64,93,36.3,,hypertension|asthma,0
57,151,83,84,38.9,,,1
89,146,67,91,39.9,dizziness|fever,hypertension,1
34,138,82,63,38.0,,diabetes,0
88,100,94,123,39.3,chest pain,hypertension,2
55,106,60,130,37.1,,,2
32,135,110,79,39.3,breathlessness,hypertension|diabetes,1
76,179,102,126,39.0,,hypertension|diabetes,2
60,120,110,138,36.8,,diabetes,2
28,137,66,95,38.0,breathlessness|chest pain,asthma|diabetes,0
38,173,77,69,38.2,chest pain|fever,hypertension,2
48,185,67,83,38.9,chest pain|fever,,2
26,120,82,86,38.1,,asthma|diabetes,0
39,102,87,134,37.1,dizziness|breathlessness,,2
69,123,78,102,39.0,fever|breathlessness,asthma,1
75,117,92,100,37.0,dizziness|breathlessness,asthma|diabetes,0
79,144,106,90,38.0,dizziness,hypertension,0
89,105,109,125,38.5,fever|chest pain,diabetes|hypertension,2
18,163,79,105,38.0,chest pain,asthma,1
86,142,62,68,37.8,fever|chest pain,hypertension,0
68,113,91,112,37.9,,hypertension|asthma,1
58,184,109,79,37.3,chest pain|dizziness,,2
42,177,100,86,38.0,,diabetes|asthma,2
70,183,89,138,38.4,breathlessness|fever,diabetes,2
70,115,98,124,39.3,chest pain|fever,hypertension|diabetes,2
35,103,89,126,38.5,chest pain,asthma,2
83,170,69,82,37.8,fever,diabetes|hypertension,0
90,146,79,62,38.5,fever,asthma|diabetes,0
25,101,61,122,38.6,,,2
36,130,88,64,39.0,breathlessness|dizziness,,1
25,159,96,115,36.1,dizziness|fever,hypertension,1
43,122,93,89,37.4,chest pain|fever,hypertension,0
81,105,101,92,38.9,,,1
70,110,89,118,37.4,,asthma,1
33,185,97,88,39.0,chest pain,diabetes,2
88,104,99,60,38.0,,asthma|hypertension,0
69,106,78,127,37.8,breathlessness|chest pain,diabetes,2
56,169,69,129,36.8,dizziness|breathlessness,asthma,2
58,143,69,107,37.5,dizziness,asthma|hypertension,1
90,180,86,71,36.1,,,2
80,113,60,77,38.8,fever|dizziness,,1
61,175,73,120,40.0,fever|chest pain,hypertension|diabetes,2
47,149,83,132,38.8,fever,asthma|hypertension,2
55,122,79,94,37.7,dizziness|chest pain,hypertension,0
44,161,85,98,38.7,fever,,1
85,155,72,92,36.6,breathlessness,asthma,0
27,148,79,89,38.8,breathlessness|chest pain,diabetes|hypertension,1
66,170,75,104,39.9,,asthma,1
37,163,64,123,37.8,fever|breathlessness,hypertension,2
85,189,108,131,40.0,,hypertension,2
39,167,76,97,37.8,,,0
63,175,74,128,39.3,,asthma,2
62,125,98,106,38.4,chest pain,,1
79,141,68,103,38.7,,asthma|hypertension,1
86,171,81,81,37.2,chest pain,hypertension|diabetes,2
46,136,75,87,38.6,dizziness|breathlessness,asthma,1
63,139,103,79,37.5,chest pain|fever,asthma|hypertension,0
32,173,87,100,39.3,fever|chest pain,asthma,2
62,132,65,80,36.5,dizziness,,0
56,128,76,140,36.5,fever,asthma,2
47,106,104,99,37.6,,,0
26,140,78,117,36.9,chest pain|fever,diabetes,1
90,186,83,123,38.0,dizziness,asthma|hypertension,2
89,165,86,77,37.9,,diabetes,0
56,120,70,131,36.1,fever,hypertension|diabetes,2
81,182,67,66,37.1,breathlessness,hypertension|asthma,2
71,139,85,93,37.3,dizziness,asthma|hypertension,0
65,167,88,79,39.8,breathlessness,asthma|hypertension,1
25,119,85,140,38.6,breathlessness,,2
24,118,76,128,39.9,,diabetes,2
77,122,81,122,37.8,breathlessness|dizziness,,2
85,130,77,90,36.6,chest pain|fever,diabetes|hypertension,0
53,151,104,139,38.4,dizziness|fever,diabetes,2
80,119,86,63,36.5,dizziness|fever,,0
39,106,84,93,37.6,fever|dizziness,hypertension,0
58,184,109,93,37.5,,,2
60,177,100,85,36.7,,asthma|hypertension,2
78,139,69,90,39.6,fever|breathlessness,diabetes|hypertension,1
78,171,89,124,37.8,dizziness,hypertension,2
41,159,88,104,37.1,chest pain,hypertension|asthma,1
73,138,79,127,36.3,dizziness,hypertension,2
66,164,86,112,37.1,chest pain|breathlessness,asthma,1
21,113,89,113,37.2,dizziness,asthma,1
78,143,73,126,39.9,fever|chest pain,,2
87,106,78,65,38.1,fever,hypertension|asthma,0
72,149,104,85,36.5,chest pain,diabetes,0
85,149,84,98,38.2,breathlessness,hypertension,0
50,157,105,124,36.5,,asthma,2
80,153,101,136,36.7,dizziness,hypertension|diabetes,2
21,153,92,123,39.8,dizziness|chest pain,asthma|diabetes,2
73,139,61,65,38.7,,asthma,1
35,129,100,118,36.8,breathlessness,hypertension|asthma,1
45,166,67,127,38.1,fever,diabetes|asthma,2
32,145,103,113,37.5,fever|dizziness,,1
87,154,103,107,39.2,fever,,1
62,131,89,113,37.3,chest pain,asthma,1
25,104,66,83,39.4,dizziness,hypertension,1
53,183,60,118,39.9,breathlessness,,2
73,102,89,91,39.9,chest pain|fever,diabetes|hypertension,1
30,144,84,105,36.6,,hypertension,1
47,138,80,122,36.0,fever,diabetes|hypertension,2
57,128,63,115,38.5,,,1
62,128,85,90,38.2,,,0
23,103,110,77,37.5,chest pain|fever,hypertension|asthma,0
34,147,97,112,39.0,,,1
57,135,110,113,39.7,breathlessness|chest pain,diabetes|asthma,1
27,123,92,75,39.3,dizziness|chest pain,hypertension,1
29,111,74,106,36.8,chest pain|breathlessness,hypertension|asthma,1
30,175,91,69,37.9,dizziness|breathlessness,hypertension|diabetes,2
47,118,72,96,36.1,breathlessness,,0
62,169,64,96,38.5,breathlessness,,0
80,141,104,84,39.0,fever|dizziness,,1
39,127,73,64,36.2,dizziness,diabetes|asthma,0
21,187,102,100,36.1,chest pain,,2
31,102,85,64,36.2,fever|dizziness,hypertension,0
30,179,105,136,38.6,,diabetes|hypertension,2
78,146,77,107,38.9,chest pain,,1
32,162,73,140,39.6,,hypertension|asthma,2
78,152,79,134,39.9,chest pain,diabetes|hypertension,2
80,147,70,88,39.0,breathlessness,,1
83,161,79,64,38.4,chest pain,diabetes|hypertension,0
80,106,107,62,37.8,dizziness|chest pain,asthma,0
33,125,83,121,37.7,,,2
25,182,65,138,37.7,,asthma|diabetes,2
54,130,60,133,39.4,chest pain,diabetes,2
76,101,78,76,37.2,breathlessness|fever,diabetes|asthma,0
41,115,89,71,37.4,dizziness|fever,diabetes|hypertension,0
33,163,61,77,37.8,,,0
73,180,72,76,36.9,chest pain|dizziness,diabetes,2
55,149,71,61,38.5,fever,diabetes|hypertension,0
25,141,73,67,37.8,dizziness|fever,,0
60,155,103,109,37.9,dizziness|breathlessness,,1
59,152,73,62,39.5,chest pain|breathlessness,hypertension,1
83,102,100,96,36.1,,asthma,0
81,125,98,83,37.1,dizziness|breathlessness,hypertension|asthma,0
37,175,90,82,37.5,,,2
69,172,69,100,38.4,,hypertension|asthma,2
89,111,64,69,39.6,dizziness|fever,hypertension,1
25,169,105,71,38.1,,asthma,0
77,157,89,122,37.9,,asthma|hypertension,2
85,182,87,114,39.9,chest pain|dizziness,asthma|diabetes,2
66,100,70,90,39.0,dizziness,diabetes|hypertension,1
41,173,76,129,37.9,fever,diabetes|hypertension,2
74,173,61,82,39.2,,asthma|diabetes,2
30,187,110,101,37.5,,,2
28,183,103,60,36.7,fever|dizziness,hypertension|asthma,2
66,123,84,106,37.1,chest pain,diabetes|hypertension,1
33,162,62,125,36.7,,,2
56,104,86,130,36.2,breathlessness|chest pain,hypertension,2
87,115,79,91,36.1,dizziness|fever,,0
72,165,74,111,39.9,dizziness|chest pain,diabetes|hypertension,1
82,128,60,67,37.9,dizziness,asthma|diabetes,0
41,138,65,115,39.7,fever,,1
31,137,82,89,38.4,dizziness|breathlessness,,0
62,101,65,99,36.3,breathlessness|dizziness,,0
55,128,90,124,38.8,,asthma|hypertension,2
25,104,75,109,36.8,dizziness,diabetes,1
90,150,74,94,38.7,,diabetes|hypertension,1
86,166,65,61,38.4,breathlessness,diabetes,0
39,139,108,118,36.2,breathlessness|fever,hypertension|asthma,1
81,184,67,80,36.1,chest pain,hypertension,2
19,187,82,125,37.5,,diabetes,2
21,137,70,129,39.7,,diabetes,2
90,136,86,80,39.0,dizziness,diabetes,1
86,180,76,127,37.3,fever,asthma|diabetes,2
31,118,94,74,36.7,breathlessness,,0
84,166,98,123,36.7,breathlessness,asthma,2
59,111,104,64,36.3,,asthma|diabetes,0
69,161,91,72,39.7,,diabetes,1
63,156,94,94,36.8,chest pain,,0
52,118,94,125,37.0,breathlessness,diabetes,2
88,150,96,138,37.0,fever|dizziness,hypertension|diabetes,2
71,107,61,140,39.1,chest pain|fever,asthma,2
73,112,89,124,38.9,,,2
61,133,91,131,36.1,breathlessness,diabetes,2
65,132,79,139,38.0,dizziness,diabetes|hypertension,2
69,150,110,81,39.6,fever|chest pain,,1
30,115,61,80,36.8,,asthma|diabetes,0
73,106,99,85,39.8,,,1
72,154,63,140,37.1,chest pain,,2
52,142,99,136,37.6,,,2
47,115,108,106,37.8,dizziness,diabetes,1
53,182,60,79,36.1,dizziness|breathlessness,,2
64,184,107,111,38.1,,asthma|diabetes,2
24,113,102,121,37.2,,diabetes|asthma,2
25,141,65,98,37.2,dizziness,hypertension,0
77,100,93,68,37.5,,hypertension|asthma,0
32,186,98,69,39.6,chest pain,,2
28,145,73,109,37.7,dizziness|breathlessness,hypertension|diabetes,1
34,163,86,112,37.4,dizziness,,1
53,109,89,92,36.9,,,0
33,151,80,76,38.2,chest pain|breathlessness,diabetes|asthma,0
34,108,74,66,38.2,chest pain,asthma|hypertension,0
68,155,110,136,39.4,dizziness,asthma,2
61,105,90,125,38.7,chest pain,hypertension,2
23,135,92,136,39.8,breathlessness|chest pain,asthma,2
29,128,80,77,36.7,fever|dizziness,hypertension,0
84,139,78,65,37.2,chest pain,hypertension,0
35,147,62,137,38.4,fever,,2
77,136,97,112,36.5,,hypertension|asthma,1
26,126,64,86,37.7,dizziness,,0
51,172,90,70,36.5,,diabetes|asthma,2
35,180,67,125,36.0,fever,hypertension,2
26,162,107,128,37.7,dizziness,asthma|hypertension,2
39,124,64,101,36.7,fever|chest pain,hypertension,1
43,108,82,77,36.7,,diabetes|hypertension,0
25,190,63,62,37.4,,asthma|hypertension,2
66,114,71,95,36.7,chest pain,diabetes|hypertension,0
58,144,88,75,36.9,,asthma,0
25,188,102,83,36.7,breathlessness|fever,,2
85,100,64,122,36.1,fever,asthma|diabetes,2
24,151,78,107,36.1,chest pain|fever,,1
51,182,76,127,38.2,chest pain,diabetes,2
84,128,81,105,39.0,chest pain,diabetes|asthma,1
89,134,110,87,36.1,,,0
53,172,109,109,39.0,dizziness|breathlessness,,2
58,188,95,90,37.4,fever|chest pain,diabetes|asthma,2
64,116,89,123,36.9,dizziness,asthma,2
35,119,104,83,37.9,fever|breathlessness,asthma|diabetes,0
66,123,68,118,38.5,,diabetes,1
40,145,83,62,38.6,,hypertension,1
31,102,79,87,37.8,dizziness|chest pain,asthma,0
22,102,96,128,36.7,breathlessness,hypertension|asthma,2
21,139,90,93,36.8,chest pain,asthma,0
77,139,91,63,38.2,fever,hypertension|diabetes,0
66,184,66,118,37.0,breathlessness,diabetes|hypertension,2
60,177,74,72,39.1,chest pain|breathlessness,asthma,2
23,140,89,82,38.8,chest pain,hypertension,1
25,142,108,92,36.2,breathlessness|dizziness,diabetes|asthma,0
80,138,97,66,38.3,breathlessness|chest pain,,0
44,168,87,116,39.7,fever,,1
67,158,69,108,39.3,,asthma,1
35,132,63,82,39.9,breathlessness,diabetes,1
79,100,91,66,38.7,,,1
79,147,82,108,39.4,breathlessness,,1
85,182,76,118,37.4,dizziness,asthma,2
83,154,88,67,38.2,,,0
75,170,91,134,39.2,,asthma,2
54,168,68,90,39.2,fever,diabetes|asthma,1
44,121,99,72,36.2,dizziness,hypertension,0
73,151,100,104,38.3,breathlessness,asthma|hypertension,1
38,146,63,101,39.4,breathlessness|fever,,1
42,157,74,139,37.5,chest pain|breathlessness,,2
61,189,87,97,39.4,breathlessness|dizziness,asthma|diabetes,2
81,104,63,139,37.7,dizziness,diabetes,2
34,125,61,128,36.7,fever|chest pain,asthma,2
86,152,83,131,39.8,dizziness|breathlessness,hypertension,2
41,131,69,75,38.2,chest pain,diabetes|hypertension,0
46,163,101,139,36.4,,hypertension|asthma,2
82,107,82,64,38.0,,,0
58,120,110,98,36.7,,hypertension|diabetes,0
55,137,61,137,36.9,breathlessness|fever,diabetes|asthma,2
75,188,76,107,36.1,dizziness|fever,,2
65,190,68,94,36.7,chest pain,asthma,2
67,171,103,116,39.6,fever|dizziness,hypertension,2
27,154,63,137,39.4,dizziness|fever,,2
83,185,94,106,39.8,breathlessness,asthma|hypertension,2
80,126,65,123,37.9,fever|dizziness,diabetes,2
43,149,67,82,36.7,chest pain|fever,asthma|diabetes,0
53,183,100,140,37.7,breathlessness|fever,diabetes,2
89,125,90,128,39.1,dizziness,asthma,2
32,185,72,65,36.9,breathlessness|dizziness,hypertension,2
30,136,86,70,38.0,chest pain,,0
60,183,110,67,37.8,,hypertension|diabetes,2
21,118,92,76,36.8,breathlessness,asthma,0
42,133,98,135,39.4,dizziness|fever,,2
25,134,103,115,36.2,fever|breathlessness,asthma,1
44,184,103,89,37.2,breathlessness,diabetes,2
60,118,64,77,38.0,breathlessness|dizziness,hypertension|diabetes,0
62,109,82,85,39.5,,diabetes|hypertension,1
41,161,97,129,36.5,,hypertension|asthma,2
37,163,106,136,37.7,chest pain|dizziness,diabetes|hypertension,2
34,110,69,135,36.5,,asthma,2
40,115,91,72,39.7,,diabetes|asthma,1
36,187,102,97,39.2,breathlessness|fever,asthma,2
60,129,89,61,39.8,breathlessness,hypertension|asthma,1
33,141,84,63,37.3,dizziness,hypertension|diabetes,0
90,141,75,123,38.8,fever|breathlessness,hypertension,2
23,127,63,85,36.5,breathlessness|chest pain,hypertension,0
53,132,105,104,39.0,chest pain|breathlessness,,1
30,102,81,88,36.5,dizziness,hypertension|diabetes,0
19,106,107,73,36.9,fever|chest pain,,0
22,119,76,109,38.0,dizziness|breathlessness,diabetes,1
22,156,69,99,37.9,,diabetes|asthma,0
40,173,97,86,37.8,fever|chest pain,hypertension,2
43,136,76,107,37.1,breathlessness|chest pain,asthma|diabetes,1
70,111,92,72,36.4,,,0
41,142,82,127,39.8,,asthma|diabetes,2
83,164,79,101,39.1,dizziness|breathlessness,hypertension,1
57,147,103,111,39.2,,hypertension|diabetes,1
26,161,98,109,37.8,,hypertension,1
36,182,69,115,37.9,breathlessness,,2
75,120,104,78,38.0,,diabetes,0
18,168,81,121,38.3,,,2
78,112,93,103,38.4,fever,hypertension,1
65,183,87,80,39.5,,hypertension|asthma,2
57,166,63,101,36.5,,,1
69,147,68,66,38.1,breathlessness|chest pain,hypertension,0
44,145,102,74,36.5,dizziness|chest pain,,0
19,189,96,87,37.6,breathlessness|dizziness,,2
52,140,85,123,40.0,fever|dizziness,hypertension|asthma,2
88,105,70,117,39.1,fever,diabetes,1
68,185,73,67,37.7,dizziness|chest pain,asthma,2
79,183,84,98,37.6,breathlessness,asthma,2
19,133,86,96,36.3,fever|chest pain,asthma|diabetes,0
52,101,77,132,38.8,chest pain|breathlessness,diabetes|asthma,2
79,147,80,139,39.1,breathlessness|dizziness,,2
71,188,97,80,36.3,breathlessness,diabetes,2
23,156,65,131,37.2,,asthma,2
38,153,66,102,38.8,,hypertension|diabetes,1
62,148,87,94,39.8,chest pain|fever,hypertension|diabetes,1
73,100,82,85,37.1,chest pain,diabetes|hypertension,0
83,118,81,89,38.0,breathlessness,hypertension|diabetes,0
23,171,102,112,39.6,fever,,2
22,150,108,92,37.9,dizziness|breathlessness,hypertension|asthma,0
39,124,103,86,36.3,breathlessness|fever,hypertension,0
86,104,80,62,36.6,breathlessness|fever,asthma,0
20,114,91,109,39.9,dizziness,hypertension,1
41,173,66,98,39.8,fever,diabetes|hypertension,2
71,105,109,66,36.1,chest pain|fever,hypertension,0
76,140,80,81,37.4,,asthma|diabetes,0
66,107,102,99,39.7,fever|breathlessness,hypertension|diabetes,1
83,151,86,66,38.0,fever|chest pain,,0
34,113,80,105,39.6,chest pain|fever,,1
79,156,74,85,38.7,chest pain,hypertension|asthma,1
56,128,99,124,36.5,,diabetes|hypertension,2
65,161,95,90,37.0,,,0
23,183,81,108,36.6,fever|chest pain,,2
78,169,87,80,38.0,dizziness|fever,diabetes,0
37,135,87,70,37.5,,hypertension|diabetes,0
38,103,98,138,37.4,dizziness,diabetes,2
34,123,89,111,39.0,breathlessness|dizziness,hypertension,1
23,186,102,93,36.7,,,2
45,160,96,74,37.1,chest pain|fever,,0
51,136,106,111,37.9,breathlessness,,1
38,144,65,103,38.3,dizziness,,1
82,170,88,135,39.6,,,2
72,165,99,115,36.4,fever|breathlessness,diabetes|asthma,1
57,122,70,74,39.9,,diabetes|hypertension,1
59,123,92,81,38.4,breathlessness|dizziness,,0
51,159,80,87,36.7,dizziness,diabetes|asthma,0
35,125,85,80,37.7,dizziness|breathlessness,,0
28,180,72,134,39.6,,,2
41,126,108,69,36.1,fever|dizziness,diabetes,0
89,101,68,108,36.8,,,1
84,165,100,96,38.1,dizziness|chest pain,,0
30,135,84,64,37.9,breathlessness|dizziness,diabetes|hypertension,0
39,173,84,68,37.9,dizziness|fever,hypertension|asthma,2
27,118,89,80,38.3,chest pain|fever,,0
38,106,102,137,37.3,breathlessness,asthma,2
58,168,89,119,38.3,,,1
24,178,89,75,39.9,,hypertension,2
64,148,93,107,38.4,dizziness|chest pain,,1
46,180,86,78,39.3,dizziness,asthma|hypertension,2
30,156,90,129,36.7,dizziness|fever,hypertension|diabetes,2
80,112,62,116,39.6,,,1
74,124,77,102,38.0,,,1
65,102,75,84,36.2,,diabetes,0
61,165,63,135,39.5,,asthma|hypertension,2
47,147,67,112,39.1,chest pain|dizziness,,1
78,147,110,132,38.7,dizziness|breathlessness,diabetes|hypertension,2
28,157,75,75,39.6,fever,hypertension|asthma,1
42,110,82,82,36.3,dizziness,hypertension|asthma,0
72,124,82,89,37.6,breathlessness,diabetes|hypertension,0
23,171,87,137,37.0,breathlessness|fever,hypertension,2
74,144,94,69,39.0,chest pain,asthma,1
28,125,106,61,36.8,fever|chest pain,,0
60,184,68,64,37.6,breathlessness|chest pain,asthma|diabetes,2
39,121,69,127,36.0,fever|chest pain,hypertension,2
57,133,92,62,36.5,,hypertension,0
63,184,81,127,37.7,breathlessness,hypertension,2
80,144,71,75,36.2,chest pain|breathlessness,hypertension|diabetes,0
68,129,62,67,38.2,chest pain|dizziness,hypertension|diabetes,0
82,110,100,88,36.9,chest pain|breathlessness,asthma|diabetes,0
56,167,73,72,37.4,,asthma|diabetes,0
87,170,61,108,39.2,fever|chest pain,asthma|hypertension,1
70,118,108,95,36.8,,,0
31,159,101,90,40.0,chest pain,,1
43,166,100,73,39.4,breathlessness,,1
89,147,93,61,36.5,breathlessness,hypertension|diabetes,0
45,167,89,114,38.7,breathlessness|fever,hypertension|asthma,1
25,149,81,69,38.6,breathlessness,asthma,1
60,101,110,94,39.0,,asthma,1
59,166,110,111,38.5,,asthma|hypertension,1
70,176,108,123,38.6,dizziness|chest pain,,2
38,120,60,80,36.5,fever|chest pain,hypertension,0
26,154,109,103,37.9,,,1
35,168,66,134,38.1,,,2
40,107,75,88,38.6,fever|chest pain,hypertension|diabetes,1
68,108,98,103,36.1,fever,,1
76,130,99,138,38.9,chest pain,,2
75,120,77,133,38.7,,asthma,2
66,176,73,116,38.6,chest pain,hypertension|asthma,2
46,102,107,125,39.2,,asthma,2
89,156,77,133,39.5,breathlessness,asthma|hypertension,2
43,181,83,115,39.5,,asthma|hypertension,2
62,188,85,79,39.7,chest pain|breathlessness,,2
71,184,89,106,37.5,dizziness,hypertension,2
54,121,72,139,39.2,,diabetes,2
32,134,65,125,37.5,,,2
57,104,64,72,37.4,,,0
87,173,87,136,37.7,breathlessness|chest pain,hypertension,2
53,152,65,128,38.4,fever,asthma,2
69,163,71,133,39.9,breathlessness,diabetes,2
57,127,75,115,37.7,dizziness|fever,hypertension|diabetes,1
61,136,76,99,36.1,dizziness|breathlessness,diabetes|hypertension,0
24,178,109,94,36.7,,,2
69,107,74,91,39.4,breathlessness,diabetes,1
70,102,65,83,36.8,chest pain|breathlessness,hypertension|asthma,0
29,163,104,65,38.4,chest pain,diabetes,0
54,113,73,122,38.8,,,2
88,126,73,125,36.5,chest pain,,2
83,110,62,98,38.9,chest pain|fever,diabetes,1
83,177,72,123,38.0,fever,,2
35,107,105,112,39.4,,asthma|diabetes,1
50,146,66,62,38.2,dizziness|breathlessness,diabetes,0
37,186,65,119,36.8,,asthma,2
72,166,65,75,38.7,,hypertension,1
84,166,65,95,39.2,dizziness|chest pain,hypertension,1
83,155,73,106,36.6,,,1
22,130,103,94,39.1,fever|chest pain,hypertension|asthma,1
83,136,84,120,36.3,,asthma|hypertension,1
50,172,69,75,36.9,,diabetes,2
60,168,91,137,39.7,,,2
63,144,100,110,37.0,,asthma|hypertension,1
58,186,109,110,36.3,dizziness|chest pain,,2
77,151,105,87,36.2,fever|chest pain,hypertension,0
88,126,70,137,38.8,breathlessness|dizziness,asthma|hypertension,2
85,127,64,69,36.3,,diabetes,0
41,182,108,64,37.6,breathlessness|dizziness,asthma,2
21,130,97,84,39.7,fever|breathlessness,hypertension,1
79,173,72,118,38.8,dizziness|breathlessness,hypertension|diabetes,2
69,129,68,120,36.9,,,1
73,179,69,62,39.3,,diabetes,2
24,123,83,133,39.2,dizziness,diabetes|hypertension,2
61,168,98,111,39.0,fever|dizziness,,1
59,109,106,112,37.3,dizziness,diabetes,1
24,102,102,95,36.5,,asthma,0
86,175,108,122,36.2,,diabetes|hypertension,2
62,160,76,137,36.5,fever,hypertension,2
49,164,109,130,39.4,,diabetes|asthma,2
34,136,83,134,39.4,,diabetes,2
36,134,96,134,37.1,fever,,2
87,146,60,89,37.1,dizziness,hypertension|diabetes,0
55,120,86,140,38.4,,asthma|diabetes,2
71,185,66,99,38.7,,diabetes|asthma,2
73,107,92,82,39.3,chest pain,,1
55,115,60,81,39.6,,diabetes,1
72,153,66,119,37.8,,,1
55,180,88,68,36.9,fever|dizziness,diabetes|hypertension,2
29,106,96,107,38.6,chest pain|fever,asthma|hypertension,1
20,167,66,106,36.3,breathlessness|chest pain,asthma,1
90,148,100,65,38.9,breathlessness,hypertension|asthma,1
55,178,94,78,38.7,dizziness,diabetes,2
87,153,78,117,38.9,chest pain|breathlessness,asthma,1
62,171,108,120,36.4,,,2
83,176,94,75,36.9,chest pain|dizziness,diabetes|asthma,2
31,128,74,66,36.4,,hypertension,0
73,148,105,125,36.5,,asthma,2
26,185,77,136,36.9,fever|breathlessness,,2
84,182,67,101,37.9,chest pain|dizziness,diabetes,2
38,182,74,82,36.5,,,2
50,144,102,60,38.2,chest pain|breathlessness,diabetes,0
71,155,102,62,36.7,breathlessness,,0
89,118,91,103,37.9,dizziness|fever,diabetes,1
84,176,92,126,37.6,,diabetes|hypertension,2
19,114,68,62,38.3,,asthma,0
55,185,61,125,38.1,fever,hypertension|diabetes,2
84,135,81,102,38.3,fever,asthma,1
19,156,73,87,38.2,fever|dizziness,,0
71,187,79,130,37.0,chest pain,asthma,2
38,188,101,77,36.7,breathlessness,,2
42,116,61,87,38.4,breathlessness,diabetes,0
45,137,106,135,39.1,,,2
32,189,61,132,38.6,dizziness,asthma|hypertension,2
77,147,101,70,38.2,fever,diabetes,0
44,153,75,131,38.2,,asthma,2
52,173,92,60,36.9,,diabetes,2
56,112,75,132,39.5,chest pain,diabetes,2
20,169,109,100,36.9,chest pain|fever,,0
41,142,86,88,36.7,breathlessness,,0
60,171,101,131,39.6,,diabetes|asthma,2
50,124,108,121,36.6,chest pain|fever,,2
66,147,108,121,37.4,,asthma|hypertension,2
24,112,83,101,37.0,breathlessness|chest pain,,1
63,154,84,76,36.5,dizziness|chest pain,asthma,0
38,149,85,101,37.6,,asthma,1
22,141,81,131,37.7,dizziness,hypertension,2
34,130,77,117,37.5,,asthma,1
59,112,87,128,39.4,,hypertension,2
24,157,72,68,37.4,,asthma|diabetes,0
74,183,74,97,40.0,,diabetes,2
32,185,94,99,38.6,,diabetes|asthma,2
36,172,92,127,39.2,breathlessness|chest pain,asthma|diabetes,2
25,106,62,116,37.4,chest pain|fever,hypertension,1
83,127,96,80,37.9,fever,,0
85,179,106,67,36.1,breathlessness|dizziness,diabetes|hypertension,2
45,165,72,94,36.2,chest pain|breathlessness,hypertension|diabetes,0
77,111,105,64,37.1,,diabetes,0
74,168,91,124,38.5,,,2
68,131,109,110,37.0,,hypertension|asthma,1
70,168,73,98,36.9,chest pain|fever,hypertension|asthma,0
67,179,81,122,38.9,fever,,2
35,145,71,128,36.8,breathlessness|chest pain,asthma,2
75,154,64,100,38.9,fever,diabetes|asthma,1
53,128,101,61,36.2,fever,diabetes,0
68,163,80,110,36.3,,diabetes|asthma,1
50,112,76,129,39.3,dizziness,asthma|hypertension,2
84,162,65,98,39.6,,,1
68,161,72,86,37.5,fever|dizziness,,0
72,160,110,107,38.3,fever|breathlessness,asthma,1
71,188,94,97,36.3,dizziness,asthma,2
78,143,90,63,39.2,dizziness|chest pain,diabetes|hypertension,1
18,106,98,106,36.0,,diabetes|asthma,1
45,177,89,69,39.5,chest pain|dizziness,hypertension|diabetes,2
86,172,105,63,39.9,fever,hypertension,2
19,121,107,90,37.1,dizziness,diabetes,0
21,150,61,126,36.7,chest pain,,2
23,116,64,76,38.6,,,1
83,121,74,64,39.6,,hypertension,1
71,131,72,129,39.9,dizziness|chest pain,asthma,2
64,111,81,120,39.1,,asthma|hypertension,1
29,163,66,130,38.5,fever,,2
82,155,107,131,37.3,,diabetes|asthma,2
88,134,102,87,38.7,,diabetes|asthma,1
57,113,108,127,36.6,chest pain,asthma,2
56,133,64,103,36.3,chest pain|dizziness,diabetes|asthma,1
81,112,92,98,39.7,,,1
82,156,109,108,37.4,breathlessness,,1
62,190,85,64,37.8,,,2
47,103,89,125,40.0,fever|chest pain,,2
89,114,86,90,38.0,fever|breathlessness,asthma|hypertension,0
33,175,99,117,36.8,breathlessness,hypertension|asthma,2
61,175,72,70,36.9,breathlessness|chest pain,,2
77,147,89,86,36.5,breathlessness,,0
63,110,105,65,37.3,breathlessness,,0
29,136,104,89,36.8,chest pain,asthma|diabetes,0
76,190,96,123,37.3,dizziness|fever,hypertension|diabetes,2
22,128,60,91,36.6,breathlessness,hypertension|asthma,0
72,147,102,100,39.0,,,1
30,116,74,110,39.1,chest pain,hypertension,1
63,138,102,108,37.2,fever|breathlessness,,1
67,121,95,132,39.3,,,2
72,183,79,125,39.7,,asthma|diabetes,2
55,133,65,104,40.0,fever|chest pain,hypertension,1
77,189,67,76,39.1,,hypertension|asthma,2
61,186,73,64,36.4,,,2
89,152,107,96,37.7,breathlessness,,0
51,129,82,81,38.2,dizziness,,0
48,155,60,107,39.2,breathlessness|dizziness,,1
45,136,96,70,36.5,,diabetes,0
87,142,110,63,38.5,,asthma,0
78,188,74,124,37.4,chest pain,,2
35,158,70,120,39.7,,hypertension|diabetes,1
37,130,78,76,39.0,,hypertension|asthma,1
85,164,63,81,39.6,fever,,1
78,171,66,101,38.3,,hypertension|asthma,2
30,163,110,116,39.9,,asthma,1
35,108,61,78,38.7,fever,asthma,1
65,116,99,117,36.9,,asthma|diabetes,1
68,165,76,62,36.5,,diabetes|asthma,0
52,162,81,61,36.2,chest pain|dizziness,diabetes|asthma,0
90,154,65,111,36.3,chest pain|dizziness,,1
52,132,105,107,36.5,fever|chest pain,,1
68,178,110,120,36.7,chest pain|dizziness,diabetes|hypertension,2
39,155,96,138,36.3,fever|breathlessness,asthma,2
74,116,62,132,37.5,breathlessness,asthma,2
64,185,89,136,36.5,fever,hypertension,2
51,106,61,80,39.2,fever|breathlessness,,1
76,138,75,108,39.7,chest pain|breathlessness,hypertension|diabetes,1
67,167,79,104,39.3,dizziness|breathlessness,asthma|hypertension,1
41,120,108,87,38.3,dizziness,asthma,0
25,147,110,102,39.2,dizziness|fever,hypertension,1
85,169,91,101,38.0,fever,diabetes,1
66,109,62,95,39.8,,,1
47,114,69,74,36.3,dizziness,,0
29,179,89,124,36.9,chest pain,,2
29,116,79,131,37.9,dizziness|fever,diabetes|asthma,2
79,104,70,104,39.3,,hypertension|asthma,1
69,186,75,101,37.8,fever,diabetes,2
90,168,65,117,38.4,chest pain|dizziness,asthma|diabetes,1
31,188,67,125,39.9,breathlessness,diabetes|asthma,2
25,156,70,81,37.9,breathlessness,diabetes,0
84,104,66,61,38.7,,,1
29,148,90,92,37.8,chest pain|dizziness,diabetes,0
32,173,107,136,38.6,,,2
59,160,72,93,38.8,chest pain|dizziness,diabetes,1
90,188,61,138,37.6,fever,diabetes,2
40,159,83,66,37.6,,,0
31,134,109,100,38.2,chest pain|fever,,0
43,113,86,129,37.3,breathlessness,,2
26,174,77,139,39.2,,,2
62,174,90,65,36.6,,asthma|diabetes,2
75,159,102,78,37.0,,hypertension,0
78,120,93,123,37.1,fever|dizziness,,2
59,134,110,136,36.9,fever,asthma|diabetes,2
38,150,69,116,39.0,fever,hypertension,1
54,165,89,118,38.7,chest pain,hypertension|diabetes,1
42,145,73,71,38.9,,asthma,1
68,125,86,98,36.0,,diabetes|asthma,0
27,159,77,87,40.0,breathlessness|dizziness,diabetes|hypertension,1
36,108,107,130,39.9,,asthma|hypertension,2
61,123,70,63,37.5,,,0
65,181,96,67,39.8,dizziness|breathlessness,asthma,2
65,148,65,70,38.3,fever,,0
59,140,101,125,38.8,chest pain,asthma,2
87,145,62,94,36.2,chest pain|fever,,0
47,170,74,102,38.6,chest pain|fever,hypertension,1
54,147,73,135,39.0,breathlessness,,2
46,104,61,74,39.6,,asthma|hypertension,1
25,135,89,91,39.9,dizziness|breathlessness,hypertension|asthma,1
69,113,98,63,37.4,dizziness|breathlessness,,0
77,147,97,65,37.0,fever|dizziness,,0
31,165,82,66,36.4,,,0
47,187,108,115,38.0,fever,,2
44,137,68,64,39.9,breathlessness,diabetes|asthma,1
59,107,107,91,38.8,chest pain,diabetes|asthma,1
65,107,80,116,38.5,fever|chest pain,,1
90,117,100,65,36.4,dizziness,diabetes|hypertension,0
86,179,82,113,39.1,,diabetes,2
63,101,89,87,38.3,fever|chest pain,asthma|diabetes,0
88,144,76,138,39.9,fever,,2
35,127,110,123,37.3,breathlessness,,2
43,155,95,128,36.4,,,2
36,165,70,100,39.5,breathlessness|chest pain,,1
77,137,102,72,36.0,chest pain,asthma|diabetes,0
68,127,62,96,37.3,dizziness|chest pain,,0
49,106,69,82,37.8,breathlessness|chest pain,,0
72,146,103,99,36.9,breathlessness|chest pain,asthma,0
34,124,95,134,38.0,dizziness|breathlessness,asthma,2
82,121,78,62,39.5,fever,asthma,1
79,100,63,81,37.1,,hypertension|asthma,0
55,102,74,80,38.6,dizziness,,1
64,183,85,128,37.1,dizziness,hypertension|asthma,2
33,108,80,84,37.3,breathlessness,hypertension|diabetes,0
54,117,65,140,36.0,chest pain|breathlessness,,2
50,188,72,128,38.2,,diabetes|asthma,2
70,188,106,108,38.5,dizziness,asthma,2
45,170,107,136,39.0,dizziness|breathlessness,asthma|diabetes,2
19,167,98,110,37.1,fever,,1
19,147,67,64,37.8,breathlessness|fever,asthma|hypertension,0
64,118,85,70,39.0,,diabetes,1
27,185,75,65,36.5,chest pain|dizziness,,2
25,126,71,91,37.6,chest pain,diabetes|hypertension,0
26,136,96,135,40.0,,,2
38,180,65,102,38.9,dizziness,,2
54,105,105,134,36.6,,,2
56,181,107,112,37.4,dizziness,,2
20,134,99,128,39.3,,asthma|hypertension,2
45,169,97,137,36.2,chest pain|dizziness,diabetes,2
50,107,60,115,36.6,dizziness|fever,asthma,1
73,128,91,111,38.5,fever,asthma,1
51,181,89,125,37.1,,diabetes,2
80,143,61,85,38.2,,asthma,0
22,149,106,94,37.9,dizziness|chest pain,asthma|hypertension,0
79,111,86,79,39.3,chest pain|breathlessness,,1
74,131,65,82,36.2,,asthma,0
89,159,85,92,36.8,chest pain,diabetes|asthma,0
79,125,62,81,36.6,fever|chest pain,diabetes|hypertension,0
47,167,104,122,36.0,breathlessness,hypertension|asthma,2
19,107,60,110,37.3,fever|dizziness,diabetes,1
51,175,61,103,36.3,,,2
75,107,104,109,36.5,,asthma,1
67,169,105,133,39.7,fever|chest pain,asthma|diabetes,2
32,147,106,71,37.7,,,0
85,123,78,104,39.6,breathlessness|dizziness,diabetes|asthma,1
70,124,107,86,36.3,breathlessness|chest pain,asthma|diabetes,0
23,180,61,121,39.9,breathlessness,diabetes|asthma,2
26,127,100,63,37.2,,,0
68,174,63,75,37.3,breathlessness|fever,asthma,2
78,157,88,111,39.6,,diabetes|asthma,1
53,146,97,94,38.9,chest pain,,1
40,125,64,125,39.5,,,2
44,147,92,114,36.3,fever,hypertension|asthma,1
44,115,72,68,36.3,fever|chest pain,diabetes|hypertension,0
80,140,72,91,37.2,chest pain,diabetes,0
55,126,71,127,38.5,,diabetes,2
70,139,99,106,37.9,fever,hypertension,1
89,181,70,104,38.2,,asthma,2
39,160,101,99,39.3,dizziness,hypertension|asthma,1
76,125,66,83,36.5,dizziness|fever,asthma|diabetes,0
19,183,88,94,36.7,fever|breathlessness,diabetes,2
54,157,90,76,38.8,fever|breathlessness,hypertension|diabetes,1
62,181,100,60,37.1,,hypertension,2
47,137,102,118,39.5,,,1
64,170,91,80,39.9,,,1
55,132,106,76,39.5,,asthma|diabetes,1
41,189,73,122,39.8,chest pain,,2
64,172,97,113,38.1,fever,,2
31,111,76,60,39.8,dizziness|fever,diabetes,1
82,136,93,107,38.0,,asthma|diabetes,1
52,128,75,123,36.5,,hypertension|diabetes,2
28,129,100,83,37.7,chest pain|breathlessness,hypertension|asthma,0
38,106,71,70,37.6,chest pain,hypertension,0
74,182,98,117,37.9,dizziness,hypertension|diabetes,2
56,166,76,78,38.2,breathlessness|fever,diabetes|hypertension,0
64,151,72,63,37.8,,asthma,0
68,133,99,68,38.4,breathlessness,diabetes,0
45,167,94,121,39.0,,,2
51,169,96,134,38.7,,hypertension|diabetes,2
48,181,62,65,39.4,chest pain,,2
86,100,71,98,37.9,breathlessness|dizziness,hypertension,0
75,148,71,127,39.1,,diabetes,2
84,158,98,63,39.8,,,1
48,125,84,129,37.0,dizziness,hypertension,2
75,120,64,137,38.1,,asthma,2
48,102,100,71,38.5,,asthma,0
61,142,110,96,36.3,fever,hypertension,0
61,180,78,104,39.3,fever|breathlessness,hypertension,2
83,128,83,115,38.4,,,1
62,131,63,61,37.4,,asthma|hypertension,0
25,169,62,71,39.2,,hypertension|diabetes,1
69,174,80,75,38.1,,asthma|hypertension,2
40,149,88,87,39.0,dizziness,asthma,1
68,141,87,132,37.3,breathlessness,hypertension,2
86,148,93,67,39.9,chest pain|fever,asthma|diabetes,1
50,103,109,104,36.4,chest pain,hypertension,1
40,190,61,108,38.0,chest pain,diabetes,2
73,100,82,97,38.5,,hypertension,0
73,164,97,66,36.5,breathlessness,,0
66,184,81,110,37.6,,hypertension|asthma,2
22,184,100,82,37.5,breathlessness,diabetes,2
40,161,63,88,39.6,,hypertension|diabetes,1
89,153,110,128,39.0,,diabetes|hypertension,2
33,159,96,62,39.7,,,1
56,166,83,140,39.0,,hypertension,2
68,115,78,123,39.4,chest pain,,2
43,177,89,75,36.2,chest pain|breathlessness,,2
78,145,86,111,38.7,,,1
20,181,88,122,38.6,chest pain|dizziness,diabetes|hypertension,2
19,167,80,89,37.3,chest pain|dizziness,asthma|diabetes,0
67,123,99,124,37.8,,hypertension,2
63,182,65,66,38.0,fever,diabetes|hypertension,2
73,168,78,109,36.3,chest pain,hypertension|diabetes,1
57,100,78,76,39.4,chest pain|dizziness,,1
18,112,82,114,37.9,,,1
27,182,84,107,38.2,,hypertension|diabetes,2
45,190,99,131,37.0,,diabetes,2
85,167,62,71,37.3,chest pain|dizziness,asthma|diabetes,0
53,131,94,121,39.5,,hypertension,2
48,183,68,61,39.7,,diabetes,2
82,121,76,132,39.2,,hypertension|asthma,2
86,127,77,128,39.7,dizziness,hypertension|asthma,2
18,127,67,105,37.2,chest pain,hypertension|diabetes,1
88,155,62,124,37.6,,diabetes,2
65,172,71,65,36.0,,hypertension|asthma,2
49,160,109,71,39.3,dizziness,,1
77,120,80,92,37.5,breathlessness,diabetes,0
42,125,63,123,36.7,breathlessness,asthma|diabetes,2
22,100,108,125,36.8,chest pain|fever,asthma|diabetes,2
77,127,84,69,38.2,dizziness|breathlessness,asthma|diabetes,0
44,125,76,63,36.4,breathlessness,,0
61,139,86,68,38.8,fever|dizziness,,1
36,140,80,114,38.4,fever|breathlessness,hypertension|diabetes,1
66,107,103,132,37.7,breathlessness,hypertension|diabetes,2
20,189,108,66,39.3,,,2
26,148,83,102,39.8,,,1
90,155,76,105,36.9,breathlessness|fever,asthma,1
54,125,65,76,39.0,chest pain|dizziness,asthma,1
41,159,107,68,39.9,dizziness|fever,asthma|hypertension,1
67,154,70,80,39.9,,,1
63,138,90,104,36.7,,diabetes|asthma,1
49,154,60,104,38.0,fever|dizziness,hypertension,1
49,102,91,123,36.3,breathlessness|chest pain,,2
54,149,69,99,36.8,,,0
48,144,67,134,39.1,dizziness|breathlessness,asthma|hypertension,2
66,141,104,91,39.9,dizziness|chest pain,,1
89,169,95,133,37.1,dizziness|fever,,2
82,146,108,126,36.1,fever|dizziness,,2
85,133,97,93,36.2,breathlessness,diabetes|asthma,0
85,132,92,131,37.4,,,2
76,136,108,107,36.3,fever|chest pain,diabetes|hypertension,1
85,147,75,89,36.4,,,0
82,186,64,111,37.7,fever|breathlessness,asthma,2
64,156,71,137,38.9,fever|dizziness,diabetes,2
38,143,95,125,39.0,chest pain|dizziness,,2
68,182,109,67,39.3,fever,,2
33,130,84,133,39.5,fever|dizziness,diabetes,2
72,137,92,129,38.9,dizziness|breathlessness,diabetes,2
40,181,69,101,39.9,dizziness|chest pain,,2
36,145,104,126,37.0,chest pain|breathlessness,hypertension|asthma,2
38,134,76,107,39.3,fever,diabetes,1
45,131,61,67,36.2,dizziness|chest pain,diabetes,0
62,163,71,85,38.6,fever|chest pain,diabetes,1
75,137,87,95,37.3,fever,hypertension,0
46,143,97,86,36.5,fever|dizziness,,0
83,160,92,64,36.9,,,0
83,159,87,124,39.1,breathlessness|fever,diabetes,2
58,188,82,82,38.9,,hypertension,2
46,107,96,94,36.7,breathlessness|fever,hypertension|diabetes,0
28,181,69,70,38.7,,diabetes,2
31,165,110,79,36.1,,asthma,0
49,106,95,68,39.1,dizziness|breathlessness,,1
29,179,95,138,37.3,breathlessness|dizziness,diabetes|asthma,2
59,162,68,97,40.0,fever,diabetes,1
51,186,78,60,38.3,,hypertension|asthma,2
72,166,83,113,38.3,fever|chest pain,diabetes|hypertension,1
57,189,61,105,37.0,dizziness,hypertension,2
88,107,83,77,37.2,,asthma,0
28,119,85,140,39.5,dizziness,asthma|hypertension,2
55,137,93,88,39.9,chest pain,,1
58,157,63,139,39.0,chest pain,,2
89,100,108,99,39.8,fever,diabetes,1
41,114,69,93,36.7,fever|chest pain,hypertension,0
40,131,81,66,36.8,chest pain|dizziness,,0
86,147,105,112,39.6,,,1
85,145,100,86,38.4,,,0
42,116,110,72,37.0,,,0
71,147,109,95,37.2,fever,,0
65,116,91,96,40.0,breathlessness|fever,diabetes,1
78,170,67,70,38.2,fever|breathlessness,asthma|diabetes,0
51,120,67,74,37.2,fever,hypertension|diabetes,0
83,149,77,122,38.0,,,2
44,129,110,65,37.6,chest pain,asthma,0
52,131,95,114,38.3,dizziness|chest pain,asthma|diabetes,1
51,128,100,116,37.9,,hypertension,1
54,166,102,98,38.8,fever|chest pain,diabetes,1
88,152,64,123,39.1,dizziness|breathlessness,,2
79,187,107,93,37.1,breathlessness|dizziness,diabetes|hypertension,2
66,100,72,100,39.0,,,1
90,171,73,137,38.5,,,2
35,128,81,100,37.6,,,0
53,190,108,114,37.2,fever,,2
28,156,110,75,39.3,,,1
86,115,85,106,38.1,chest pain|dizziness,,1
21,162,109,80,38.4,dizziness|chest pain,hypertension|asthma,0
77,117,94,62,36.8,breathlessness,diabetes|asthma,0
26,157,71,78,39.8,fever|chest pain,,1
77,127,67,79,38.0,,asthma|diabetes,0
63,148,72,80,36.3,,,0
50,133,100,115,36.3,,,1
50,171,68,107,36.7,fever|breathlessness,hypertension,2
71,109,97,97,39.2,,diabetes,1
61,115,71,81,39.4,dizziness,hypertension,1
67,160,92,107,39.6,fever|breathlessness,,1
44,134,60,66,37.5,,diabetes,0
57,103,88,91,36.8,fever|chest pain,diabetes,0
38,153,82,88,36.8,,hypertension|asthma,0
42,171,71,81,38.7,,asthma|diabetes,2
79,157,93,107,39.6,dizziness|breathlessness,,1
70,103,80,71,38.8,,hypertension,1
47,175,62,61,36.1,fever,asthma|diabetes,2
55,167,98,117,39.6,,,1
26,153,103,125,36.0,chest pain,,2
28,106,61,124,37.4,dizziness|fever,asthma,2
60,114,94,103,39.5,,diabetes,1
71,174,67,118,39.6,breathlessness,hypertension|asthma,2
22,165,100,122,37.4,,diabetes|asthma,2
49,169,92,114,39.3,chest pain|fever,hypertension,1
84,149,63,77,37.7,,diabetes,0
66,185,85,113,39.8,fever|chest pain,asthma|diabetes,2
76,165,69,140,36.3,,asthma|hypertension,2
34,169,77,68,37.8,,hypertension,0
68,173,75,119,39.2,dizziness,asthma|hypertension,2
43,118,96,136,38.7,fever,,2
58,154,62,138,37.2,fever,,2
73,188,106,93,38.5,chest pain|fever,diabetes,2
65,188,103,105,38.7,chest pain,,2
70,127,82,139,37.8,dizziness|chest pain,hypertension,2
49,178,79,107,38.2,dizziness|breathlessness,asthma,2
87,106,98,65,39.4,chest pain,,1
27,186,69,82,38.9,dizziness,asthma|hypertension,2
84,183,104,111,39.0,fever|dizziness,asthma,2
21,158,107,60,39.4,dizziness,asthma|hypertension,1
34,103,102,113,36.3,dizziness,asthma,1
46,124,67,139,37.2,dizziness|chest pain,diabetes|hypertension,2
21,165,105,79,36.1,dizziness|chest pain,,0
27,128,103,120,36.3,,diabetes,1
72,121,79,87,38.8,,asthma|hypertension,1
51,149,72,72,36.7,chest pain,,0
77,155,110,91,36.1,,,0
63,180,92,70,37.9,,asthma|diabetes,2
27,142,88,136,36.5,breathlessness|chest pain,,2
52,106,76,65,38.5,chest pain|fever,,0
86,173,60,123,39.3,fever,diabetes|hypertension,2
84,123,110,92,36.5,,diabetes|asthma,0
42,111,60,96,39.1,fever|breathlessness,asthma|hypertension,1
57,183,63,94,38.2,chest pain|fever,diabetes,2
66,148,73,63,39.9,fever,hypertension,1
59,156,78,114,39.6,,,1
86,154,76,113,39.6,,hypertension,1
69,123,63,121,39.9,chest pain,hypertension|asthma,2
26,131,100,108,39.6,,asthma,1
45,163,85,111,38.7,dizziness|fever,hypertension|asthma,1
20,149,81,86,38.9,,asthma|hypertension,1
63,115,97,128,36.9,,,2
47,120,80,63,39.7,breathlessness,,1
30,101,70,101,37.2,breathlessness,,1
56,173,93,127,39.6,dizziness,asthma,2
60,111,83,134,38.5,breathlessness,,2
31,159,71,81,37.1,dizziness,hypertension|diabetes,0
22,180,97,129,38.5,breathlessness|chest pain,,2
61,157,60,78,36.2,,,0
24,117,63,62,39.1,dizziness|fever,diabetes|hypertension,1
85,123,80,61,37.9,breathlessness,,0
21,153,90,60,39.9,breathlessness|dizziness,,1
82,116,65,79,36.4,,,0
80,115,107,122,37.3,,,2
63,114,92,137,37.2,,asthma,2
41,165,85,95,37.5,chest pain|breathlessness,,0
61,106,81,80,39.5,,hypertension|asthma,1
89,156,93,136,37.2,breathlessness|chest pain,diabetes|hypertension,2
63,137,78,67,36.6,fever,hypertension,0
59,107,73,79,36.1,dizziness,,0
67,107,78,140,36.3,fever|breathlessness,,2
46,171,97,135,38.1,,diabetes|asthma,2
85,112,91,87,39.9,,,1
21,169,103,89,37.4,dizziness|chest pain,diabetes|asthma,0
19,151,86,81,39.6,,diabetes,1
25,183,96,86,38.3,,hypertension|asthma,2
18,171,93,106,38.3,,hypertension,2
80,155,87,98,37.0,,asthma|hypertension,0
63,115,109,61,36.4,breathlessness,asthma|diabetes,0
55,161,82,104,37.2,breathlessness|dizziness,diabetes|hypertension,1
35,167,108,67,38.7,chest pain|breathlessness,hypertension,1
70,186,99,79,37.9,breathlessness|fever,diabetes|hypertension,2
74,140,106,63,38.7,,hypertension,1
23,165,110,136,36.0,fever|breathlessness,asthma,2
33,159,93,118,39.4,,,1
58,151,96,86,37.9,dizziness|fever,diabetes,0
64,163,85,60,38.8,breathlessness|dizziness,hypertension,1
64,111,71,84,36.5,breathlessness|dizziness,,0
41,142,80,130,36.3,fever,,2
60,108,72,91,37.0,,hypertension|diabetes,0
21,136,103,85,37.0,breathlessness,asthma,0
68,173,98,115,37.7,breathlessness|dizziness,diabetes|asthma,2
89,119,107,61,39.2,dizziness|breathlessness,diabetes|hypertension,1
41,109,73,84,39.1,breathlessness,,1
34,179,83,136,39.6,,hypertension|asthma,2
34,138,61,74,37.1,dizziness,diabetes|asthma,0
46,172,68,138,38.0,breathlessness,hypertension,2
55,166,101,126,38.8,breathlessness,hypertension,2
46,119,100,97,38.2,dizziness|fever,asthma|hypertension,0
48,158,79,99,36.5,dizziness,hypertension,0
80,178,96,121,39.2,breathlessness,hypertension|asthma,2
67,128,89,116,38.8,,diabetes,1
47,123,98,69,36.8,chest pain,hypertension,0
36,135,110,112,39.0,chest pain,,1
90,106,108,117,37.0,,diabetes,1
75,180,69,130,36.2,breathlessness|fever,diabetes|hypertension,2
51,106,107,121,38.6,fever|breathlessness,hypertension|asthma,2
35,149,84,94,39.0,dizziness,asthma|diabetes,1
74,117,85,86,38.0,,hypertension,0
51,117,70,131,38.6,,hypertension,2
88,165,69,138,37.3,,hypertension|asthma,2
55,123,64,121,39.2,,diabetes,2
76,145,90,99,38.8,,hypertension|asthma,1
90,139,83,67,39.1,breathlessness,,1
20,163,65,138,37.8,breathlessness|dizziness,hypertension,2
20,130,107,65,39.3,,hypertension|asthma,1
26,114,63,94,38.1,chest pain,asthma|hypertension,0
66,183,74,94,39.4,,asthma|hypertension,2
28,105,63,123,36.5,,hypertension|asthma,2
85,186,83,135,39.6,dizziness|chest pain,asthma|hypertension,2
79,125,95,66,39.7,fever,diabetes|asthma,1
82,153,103,88,39.5,dizziness,asthma,1
37,120,110,85,37.0,,diabetes,0
40,116,81,108,37.4,,,1
51,100,94,106,36.8,,asthma|hypertension,1
34,189,83,65,38.2,chest pain,diabetes,2
22,112,80,133,36.3,,diabetes|asthma,2
42,174,93,87,38.5,fever,diabetes|asthma,2
73,176,81,121,39.7,,diabetes,2
72,155,103,112,38.6,,,1
51,113,100,127,38.3,dizziness|breathlessness,diabetes|asthma,2
36,132,84,83,39.6,fever,,1
30,135,92,125,38.3,chest pain,diabetes|asthma,2
32,184,101,72,39.0,dizziness|fever,diabetes,2
51,132,82,62,37.5,,diabetes,0
73,119,106,70,39.2,,hypertension|diabetes,1
55,119,94,69,37.5,fever,hypertension,0
23,168,88,87,36.2,chest pain|breathlessness,diabetes|hypertension,0
21,168,67,117,38.0,breathlessness|dizziness,asthma,1
59,123,61,109,36.1,breathlessness|fever,asthma|diabetes,1
30,108,69,125,36.7,breathlessness|fever,hypertension,2
63,148,96,79,38.3,dizziness,,0
29,126,96,71,37.7,,hypertension,0
18,146,83,92,36.8,fever|chest pain,asthma|diabetes,0
65,190,86,123,36.8,fever|dizziness,asthma|diabetes,2
62,189,101,110,37.7,dizziness,hypertension,2
19,122,107,139,36.2,breathlessness,asthma|hypertension,2
65,108,79,77,37.7,,hypertension|diabetes,0
72,182,93,104,37.3,chest pain,hypertension,2
74,163,91,60,38.0,breathlessness|dizziness,hypertension|asthma,0
75,140,95,122,36.2,,asthma,2
28,122,70,130,39.5,,diabetes|asthma,2
42,140,94,61,38.7,chest pain|breathlessness,hypertension|diabetes,1
76,122,107,121,37.2,fever,diabetes|hypertension,2
89,113,88,65,38.2,,diabetes|hypertension,0
67,101,86,133,36.5,chest pain|fever,,2
28,137,108,61,38.6,dizziness,hypertension,1
51,142,90,60,38.8,dizziness|chest pain,asthma|hypertension,1
28,168,84,107,37.0,fever|breathlessness,hypertension|diabetes,1
35,183,109,138,40.0,fever|breathlessness,hypertension|diabetes,2
19,171,68,102,36.8,breathlessness|chest pain,,2
56,183,99,105,38.4,,,2
90,180,88,121,37.4,chest pain,hypertension,2
21,108,110,130,39.9,,,2
66,149,66,65,36.0,fever,asthma|diabetes,0
45,184,78,81,36.7,,,2
24,171,97,119,36.7,chest pain|fever,diabetes,2
48,134,91,72,37.9,fever|chest pain,asthma,0
53,179,60,98,37.4,fever,,2
84,102,107,134,37.5,dizziness,hypertension,2
36,106,62,123,39.4,fever|dizziness,,2
34,183,62,137,37.4,,,2
70,104,94,60,37.8,fever|breathlessness,asthma,0
65,176,65,85,36.3,dizziness|fever,,2
59,140,84,77,39.2,chest pain|dizziness,asthma|diabetes,1
59,140,65,81,36.9,chest pain|fever,asthma|diabetes,0
29,106,60,112,38.7,breathlessness,diabetes|hypertension,1
35,141,92,116,37.3,,diabetes|hypertension,1
82,161,77,106,38.1,chest pain|fever,asthma|diabetes,1
50,123,104,89,37.2,fever|dizziness,,0
80,138,101,130,37.3,,diabetes|hypertension,2
90,124,82,97,36.2,chest pain|breathlessness,hypertension,0
42,119,62,111,39.1,fever|dizziness,diabetes|asthma,1
45,160,79,107,38.4,breathlessness|fever,,1
24,120,98,100,39.6,,asthma,1
31,115,83,108,38.1,,asthma,1
72,121,68,76,36.6,chest pain|fever,asthma|hypertension,0
64,181,60,118,37.5,dizziness,,2
70,119,72,106,38.3,,asthma,1
53,172,78,78,37.6,chest pain,,2
76,150,107,68,37.7,fever,diabetes|asthma,0
32,114,72,103,38.7,chest pain,hypertension|diabetes,1
52,159,61,119,39.5,breathlessness,hypertension|diabetes,1
62,117,83,61,37.8,,diabetes|asthma,0
35,129,81,79,36.1,dizziness|breathlessness,asthma|hypertension,0
30,122,84,128,38.8,,,2
47,120,77,135,39.8,fever|chest pain,asthma,2
28,146,90,71,38.5,dizziness|chest pain,,0
52,111,83,89,37.3,dizziness|breathlessness,asthma,0
37,121,70,125,37.2,chest pain,hypertension|asthma,2
57,167,66,73,37.0,breathlessness,hypertension|diabetes,0
31,104,108,61,39.5,fever|dizziness,diabetes|asthma,1
49,169,97,107,37.1,dizziness,diabetes|hypertension,1
30,164,110,118,37.0,fever|dizziness,hypertension|diabetes,1
38,183,95,131,36.1,breathlessness|fever,hypertension,2
22,141,73,111,39.3,fever,asthma|diabetes,1
18,125,89,87,39.8,chest pain|dizziness,diabetes|hypertension,1
28,168,62,121,38.0,dizziness|fever,diabetes,2
82,142,91,125,39.4,dizziness|breathlessness,,2
71,101,62,109,36.2,breathlessness|fever,diabetes|asthma,1
35,140,71,121,36.1,chest pain,,2
26,112,84,79,38.6,,asthma,1
18,131,99,77,37.8,breathlessness,diabetes,0
48,111,72,136,37.9,chest pain,diabetes|hypertension,2
51,186,61,132,39.1,dizziness,diabetes|asthma,2
85,129,63,74,38.3,,,0
68,149,83,82,37.5,,,0
83,133,70,99,36.3,dizziness,,0
60,145,107,119,37.6,dizziness|breathlessness,diabetes,1
80,166,109,75,38.2,,,0
34,176,80,132,38.3,,asthma|diabetes,2
44,170,78,133,39.9,,,2
75,167,92,108,36.8,breathlessness,,1
80,190,81,93,36.8,chest pain|fever,diabetes|asthma,2
74,135,103,69,38.7,dizziness|breathlessness,hypertension,1
72,101,70,69,38.2,chest pain,,0
23,151,81,84,37.7,,,0
45,142,97,88,39.5,fever|breathlessness,hypertension|asthma,1
73,161,74,94,38.2,,,0
89,190,80,122,38.7,breathlessness|dizziness,diabetes,2
39,163,98,89,36.8,dizziness|chest pain,hypertension,0
41,131,86,111,37.0,,,1
59,138,74,84,37.3,dizziness|fever,,0
52,166,93,97,37.0,fever,asthma|diabetes,0
22,161,100,77,36.1,,hypertension,0
25,159,69,80,36.6,dizziness,diabetes|hypertension,0
40,167,66,118,36.4,chest pain,,1
90,119,93,132,36.8,fever|chest pain,diabetes|hypertension,2
83,133,104,96,37.6,,hypertension,0
29,115,65,118,38.7,fever|breathlessness,asthma|diabetes,1
38,151,60,126,36.6,dizziness|fever,diabetes|asthma,2
51,130,109,108,39.1,breathlessness|fever,asthma,1
79,141,70,136,37.1,,asthma|diabetes,2
36,107,77,122,38.5,chest pain|fever,hypertension|asthma,2
38,129,78,60,37.4,breathlessness,hypertension|asthma,0
75,154,86,124,38.7,,asthma|hypertension,2
77,134,104,94,38.2,fever,,0
31,110,74,104,37.6,breathlessness,diabetes,1
55,172,110,89,39.5,fever,hypertension|diabetes,2
45,175,87,93,37.5,,,2
21,167,64,122,38.1,fever,,2
30,168,81,101,39.9,chest pain|dizziness,hypertension,1
39,135,88,74,37.9,,asthma|hypertension,0
60,109,68,122,38.9,fever,asthma,2
89,134,103,128,39.0,chest pain|dizziness,diabetes,2
23,152,110,73,39.1,fever|breathlessness,,1
71,176,71,131,37.7,dizziness|fever,asthma|diabetes,2
31,170,98,64,37.2,chest pain|dizziness,,0
24,108,74,103,36.1,,,1
66,151,106,120,38.8,fever|dizziness,hypertension|asthma,1
18,154,89,108,36.9,,hypertension|asthma,1
24,190,104,63,37.9,dizziness|fever,,2
88,148,67,68,39.9,fever,hypertension,1
44,126,77,94,38.7,chest pain|breathlessness,diabetes|asthma,1
28,127,103,72,36.2,fever|chest pain,,0
47,175,65,107,37.7,breathlessness,asthma|diabetes,2
69,188,76,84,36.6,fever,diabetes,2
89,115,79,80,40.0,,diabetes,1
55,134,96,121,39.9,,hypertension,2
25,102,65,77,37.3,dizziness,hypertension|diabetes,0
31,116,105,128,36.9,breathlessness,asthma,2
40,129,98,117,38.1,chest pain|fever,,1
40,176,79,116,39.9,,hypertension|asthma,2
20,110,105,130,39.2,fever|breathlessness,,2
29,175,79,130,37.9,chest pain|fever,diabetes,2
26,124,93,96,36.5,chest pain|fever,asthma|hypertension,0
89,144,91,95,38.6,,,1
26,189,105,83,39.5,,diabetes,2
30,165,109,89,39.5,breathlessness,hypertension|asthma,1
38,162,87,93,39.0,breathlessness,hypertension,1
56,123,106,138,38.6,dizziness,asthma,2
80,171,73,83,39.7,fever,hypertension,2
84,174,74,135,37.9,fever|chest pain,hypertension|diabetes,2
87,173,68,123,36.3,,,2
21,137,108,95,36.2,chest pain,diabetes|asthma,0
21,162,86,112,36.2,,hypertension|diabetes,1
83,101,66,60,38.5,dizziness|chest pain,diabetes|asthma,0
27,112,74,113,38.5,,,1
60,186,85,88,37.8,,diabetes,2
70,175,107,111,36.7,,,2
22,186,95,126,38.4,,,2
56,176,97,81,37.6,fever|dizziness,asthma,2
62,175,64,109,36.2,breathlessness|dizziness,diabetes,2
64,187,97,139,38.1,dizziness,,2
22,183,67,116,39.2,dizziness,asthma|hypertension,2
24,184,109,98,38.5,dizziness|chest pain,diabetes|asthma,2
35,171,81,86,39.3,chest pain|dizziness,,2
56,150,100,101,37.9,fever|breathlessness,hypertension|asthma,1
20,143,106,87,40.0,chest pain,hypertension,1
64,140,107,107,37.9,,diabetes|asthma,1
42,105,72,132,37.7,chest pain|breathlessness,diabetes,2
66,111,96,117,39.7,fever,diabetes|asthma,1
70,125,93,138,37.7,,asthma,2
24,151,86,134,39.8,,diabetes,2
87,140,66,97,37.8,,,0
41,157,69,127,37.4,dizziness|chest pain,hypertension,2
38,129,67,67,36.9,fever,hypertension,0
70,171,76,90,37.1,,hypertension|diabetes,2
66,152,86,63,36.2,chest pain,hypertension|asthma,0
52,169,102,138,39.6,fever|chest pain,diabetes,2
65,137,87,104,39.8,dizziness,asthma|diabetes,1
61,110,75,79,39.1,,hypertension,1
77,162,72,67,36.5,,diabetes|hypertension,0
37,128,65,138,36.3,breathlessness,asthma|diabetes,2
65,132,72,102,38.5,,hypertension,1
18,142,83,111,36.8,chest pain,diabetes,1
70,143,104,64,38.5,,,0
33,130,88,109,36.6,,hypertension|diabetes,1
56,190,93,106,36.1,,hypertension,2
53,120,102,135,39.7,fever|dizziness,diabetes,2
46,106,96,104,37.9,breathlessness,asthma,1
48,126,103,70,39.9,breathlessness,asthma,1
83,121,80,91,38.6,chest pain|dizziness,asthma|diabetes,1
22,129,87,89,39.3,chest pain,asthma,1
29,149,64,76,37.6,,,0
84,100,97,67,36.2,,asthma|diabetes,0
52,173,72,92,37.3,dizziness|chest pain,asthma,2
23,145,104,134,40.0,,diabetes|asthma,2
66,142,86,106,36.9,,diabetes|hypertension,1
77,142,87,130,38.0,,diabetes,2
61,178,96,97,37.9,breathlessness,asthma|hypertension,2
88,181,80,62,36.1,,,2
53,131,91,72,37.3,chest pain|dizziness,asthma|diabetes,0
59,106,98,73,37.7,fever|breathlessness,,0
81,158,107,61,37.6,fever|dizziness,,0
43,108,67,122,38.1,dizziness|chest pain,,2
61,135,96,110,37.9,fever|dizziness,,1
40,122,73,113,38.7,fever|chest pain,asthma|diabetes,1
30,131,60,95,36.3,,,0
20,184,69,71,37.7,,diabetes|hypertension,2
67,151,90,79,39.2,chest pain,hypertension|diabetes,1
59,129,99,122,38.8,,hypertension,2
29,178,67,128,37.3,,,2
85,109,110,106,36.3,fever|chest pain,,1
47,118,110,124,39.9,,,2
75,103,108,69,36.8,,,0
36,184,102,106,39.9,dizziness|chest pain,asthma,2
63,142,61,139,38.0,chest pain|breathlessness,asthma,2
22,161,107,103,39.6,breathlessness|fever,hypertension,1
46,144,108,111,36.2,chest pain|dizziness,,1
72,125,82,78,36.0,dizziness,diabetes|asthma,0
31,182,64,137,36.8,chest pain,hypertension,2
57,102,63,114,39.5,breathlessness,hypertension,1
37,154,68,87,37.4,,diabetes,0
67,103,97,114,37.0,dizziness|chest pain,,1
60,155,74,99,39.3,breathlessness|chest pain,diabetes,1
78,167,74,122,36.4,breathlessness|fever,,2
65,175,90,93,36.3,breathlessness,diabetes,2
81,100,95,127,37.8,breathlessness,,2
81,144,68,65,36.9,breathlessness,asthma|hypertension,0
69,135,107,107,38.4,breathlessness,,1
37,131,89,93,37.6,,hypertension|asthma,0
63,115,67,103,36.4,fever|dizziness,,1
51,120,73,118,38.1,,hypertension,1
31,174,104,121,38.5,breathlessness|chest pain,diabetes|asthma,2
85,110,76,84,36.2,fever,asthma|diabetes,0
48,188,74,84,39.6,chest pain,diabetes,2
64,146,91,135,38.4,,diabetes,2
76,175,104,128,38.6,chest pain|breathlessness,,2
80,189,103,98,36.0,,,2
40,142,110,106,39.3,dizziness,,1
26,157,65,104,38.9,chest pain,,1
52,126,82,89,37.9,,hypertension,0
60,167,65,104,37.1,fever|chest pain,asthma|diabetes,1
25,188,75,109,39.5,,diabetes,2
21,121,99,116,38.0,chest pain|fever,hypertension|asthma,1
54,171,72,121,39.0,chest pain|fever,asthma|hypertension,2
71,187,94,136,38.6,dizziness,diabetes,2
64,111,65,135,37.6,fever|dizziness,diabetes|asthma,2
42,186,96,128,39.0,dizziness|chest pain,diabetes,2
86,128,87,60,36.7,,asthma,0
51,113,110,65,36.5,dizziness,diabetes|asthma,0
23,161,69,76,39.8,,asthma|diabetes,1
33,128,104,74,38.9,fever|breathlessness,,1
35,100,62,109,36.2,chest pain|breathlessness,diabetes,1
49,167,87,74,36.1,,asthma,0
80,138,65,75,39.5,dizziness,hypertension,1
46,148,100,69,39.1,dizziness,asthma|diabetes,1
67,160,80,97,39.7,,,1
46,168,75,115,39.4,,hypertension,1
35,175,101,66,37.5,dizziness,,2
76,167,62,136,37.7,dizziness|breathlessness,hypertension|asthma,2
32,121,100,86,39.7,breathlessness,diabetes|asthma,1
34,145,65,114,37.3,,,1
22,172,82,103,39.8,,,2
22,100,75,124,39.1,chest pain,,2
18,101,97,78,38.6,,,1
64,174,60,123,39.5,,hypertension|asthma,2
48,174,85,86,38.9,dizziness|breathlessness,asthma|hypertension,2
82,139,110,64,36.5,chest pain,,0
87,153,77,125,38.6,breathlessness|dizziness,,2
28,170,65,137,37.5,fever,hypertension,2
56,103,75,87,39.6,,asthma,1
45,158,95,90,39.6,chest pain|dizziness,diabetes|hypertension,1
54,108,110,131,36.3,fever,asthma,2
37,134,90,132,38.1,,hypertension,2
87,187,98,117,37.7,breathlessness|dizziness,asthma,2
40,180,67,86,39.6,,,2
65,109,72,68,38.6,chest pain|dizziness,,1
67,105,110,121,38.7,,asthma,2
61,135,79,101,37.2,dizziness|fever,diabetes|hypertension,1
44,124,68,70,39.4,breathlessness,hypertension|asthma,1
85,180,81,132,37.1,fever|breathlessness,,2
83,128,60,91,39.1,chest pain|fever,,1
75,109,88,89,39.7,chest pain,,1
24,136,93,125,38.7,dizziness,,2
52,134,61,100,38.0,,,0
82,137,69,134,37.0,breathlessness|dizziness,diabetes,2
55,121,102,82,39.7,breathlessness|chest pain,hypertension|asthma,1
41,142,109,89,39.9,,hypertension|diabetes,1
21,100,66,83,38.7,,,1
47,124,84,138,38.3,,,2
30,104,88,96,38.5,breathlessness,diabetes,0
52,119,78,95,37.6,breathlessness,,0
75,162,81,83,38.7,,,1
39,180,73,134,37.4,chest pain,asthma,2
24,187,67,81,38.3,,diabetes|asthma,2
45,174,83,83,39.3,,asthma|hypertension,2
49,156,109,76,37.9,,asthma|diabetes,0
18,119,61,96,39.2,chest pain,asthma,1
59,154,80,76,37.5,,diabetes|hypertension,0
70,162,108,112,37.5,dizziness,diabetes|hypertension,1
55,153,89,79,39.2,,diabetes|hypertension,1
54,127,99,71,38.2,,hypertension,0
84,150,110,90,38.7,dizziness|chest pain,asthma|diabetes,1
51,133,79,73,36.8,,,0
67,144,67,88,37.6,dizziness,,0
39,133,90,69,39.4,dizziness|chest pain,hypertension,1
56,181,107,63,38.3,chest pain|dizziness,,2
44,173,74,67,39.4,,,2
62,174,72,127,37.1,dizziness|fever,,2
36,139,104,108,39.1,breathlessness,diabetes,1
57,121,87,64,39.3,,hypertension|asthma,1
57,150,85,131,39.7,,diabetes,2
52,123,71,100,36.8,dizziness|chest pain,asthma|hypertension,0
21,149,86,140,38.6,,diabetes|asthma,2
43,104,90,62,39.6,breathlessness,,1
40,129,109,106,37.0,dizziness|chest pain,hypertension,1
70,151,85,62,38.3,,diabetes|hypertension,0
69,148,97,78,37.2,dizziness,asthma|hypertension,0
37,173,77,135,39.6,dizziness,,2
73,124,108,116,38.3,chest pain,diabetes,1
60,151,63,61,37.4,fever,hypertension,0
72,163,68,98,37.6,,diabetes,0
36,128,79,92,36.8,,hypertension|diabetes,0
38,181,100,79,38.2,breathlessness|dizziness,hypertension,2
62,136,107,124,37.6,,hypertension,2
21,172,85,76,40.0,dizziness|breathlessness,,2
35,115,94,66,37.5,breathlessness,hypertension|asthma,0
30,113,107,133,39.7,fever|breathlessness,hypertension|diabetes,2
45,110,89,71,38.6,,hypertension|asthma,1
25,105,109,121,39.0,breathlessness,hypertension,2
66,146,92,127,39.4,chest pain|fever,diabetes,2
31,114,89,136,39.7,fever,,2
64,155,94,62,37.8,chest pain,,0
52,115,97,117,38.7,fever,diabetes,1
49,137,109,115,36.8,dizziness|breathlessness,,1
30,179,69,123,36.4,,diabetes|asthma,2
36,147,71,136,37.8,,diabetes,2
87,148,67,99,38.3,dizziness,diabetes|hypertension,0
45,146,93,64,39.4,dizziness|breathlessness,,1
50,151,80,135,36.1,chest pain,hypertension,2
68,149,95,139,37.4,chest pain,hypertension|asthma,2
81,158,87,121,36.6,,,2
28,100,72,82,36.6,breathlessness,diabetes|asthma,0
40,124,75,124,38.9,chest pain|breathlessness,diabetes,2
81,162,75,112,39.0,breathlessness,hypertension|asthma,1
70,145,97,83,39.2,dizziness|breathlessness,hypertension,1
42,151,94,121,36.9,,asthma,2
18,108,107,124,38.2,breathlessness,asthma,2
66,113,86,103,38.5,dizziness|chest pain,hypertension|asthma,1
43,159,86,75,36.3,dizziness,,0
46,183,66,69,38.5,breathlessness,diabetes|hypertension,2
60,117,74,89,36.5,chest pain,hypertension,0
49,176,86,61,36.4,fever,diabetes|asthma,2
53,180,79,107,39.3,chest pain|fever,hypertension,2
47,168,85,113,39.9,dizziness|chest pain,diabetes,1
40,176,85,77,37.2,,diabetes|asthma,2
78,145,93,99,38.7,fever,,1
46,134,78,111,36.3,fever,hypertension|asthma,1
26,102,72,76,36.8,breathlessness,hypertension|asthma,0
88,148,101,108,37.8,chest pain|dizziness,,1
87,129,68,93,36.1,,,0
43,150,86,73,38.7,,,1
39,102,65,127,39.5,,diabetes|hypertension,2
69,186,60,83,38.2,chest pain,diabetes,2
41,147,101,106,37.0,dizziness,,1
73,118,100,87,38.0,breathlessness,hypertension|asthma,0
77,155,65,124,37.1,fever|dizziness,asthma,2
22,190,70,82,38.8,fever,diabetes|hypertension,2
31,106,82,86,37.3,chest pain|dizziness,asthma,0
48,107,72,113,36.6,dizziness,,1
46,172,63,127,37.6,dizziness,,2
50,179,94,125,36.7,breathlessness|fever,,2
87,102,107,100,39.0,chest pain|fever,hypertension,1
54,135,61,114,38.6,,hypertension|diabetes,1
72,144,75,61,38.5,,,0
59,130,86,102,37.9,,asthma|hypertension,1
35,106,85,96,39.1,,diabetes,1
18,117,98,92,38.7,breathlessness,diabetes|hypertension,1
38,164,90,62,36.8,dizziness,asthma,0
49,128,66,115,36.5,,asthma|diabetes,1
28,118,71,133,38.1,dizziness|breathlessness,asthma,2
88,115,63,100,39.4,breathlessness|chest pain,,1
53,155,66,132,39.6,,diabetes,2
61,183,88,74,39.6,fever|breathlessness,,2
87,106,94,62,39.4,chest pain|breathlessness,diabetes,1
22,118,79,123,37.1,dizziness|chest pain,hypertension|asthma,2
56,133,94,76,37.0,chest pain,,0
76,175,68,129,38.5,breathlessness,hypertension,2
45,113,63,138,38.5,,,2
62,118,63,105,36.4,dizziness|breathlessness,hypertension|asthma,1
84,168,79,127,38.1,fever|chest pain,hypertension,2
21,112,64,123,37.0,chest pain|dizziness,hypertension,2
56,179,103,112,36.7,,asthma|hypertension,2
87,140,97,112,37.2,,diabetes,1
77,131,108,89,37.2,chest pain,,0
41,104,84,87,38.1,,diabetes,0
87,184,79,100,38.5,dizziness,diabetes,2
89,170,71,126,36.8,chest pain|dizziness,,2
71,183,77,110,38.0,,asthma|diabetes,2
70,146,109,83,38.0,fever,hypertension,0
89,186,110,61,37.0,fever|breathlessness,,2
68,157,65,96,40.0,,diabetes|asthma,1
50,148,109,128,39.6,,,2
65,168,104,64,36.5,,asthma,0
81,168,61,99,38.2,,diabetes,0
76,140,73,137,38.9,dizziness,,2
45,115,90,102,39.3,dizziness,asthma,1
34,110,96,96,37.0,chest pain,diabetes|asthma,0
43,107,78,134,37.7,chest pain|fever,hypertension|asthma,2
64,113,106,130,36.1,,hypertension|diabetes,2
57,138,76,73,36.7,fever,hypertension|diabetes,0
75,168,75,71,36.6,dizziness,,0
20,181,76,118,39.9,chest pain|breathlessness,hypertension|diabetes,2
80,114,68,63,40.0,dizziness,,1
90,136,74,106,38.6,breathlessness|chest pain,,1
45,167,70,109,37.8,chest pain,hypertension,1
47,174,75,84,36.9,dizziness,diabetes|hypertension,2
76,186,99,97,37.9,,asthma,2
64,185,107,123,39.8,dizziness,asthma,2
86,121,99,68,39.8,,,1
34,122,86,135,37.5,chest pain,diabetes|asthma,2
39,162,74,108,38.0,,,1
61,189,90,133,39.1,dizziness,hypertension|asthma,2
88,161,79,65,36.1,chest pain|breathlessness,diabetes|hypertension,0
79,126,88,110,40.0,fever|breathlessness,diabetes|hypertension,1
84,140,70,97,39.2,,,1
49,148,72,136,38.4,,asthma|hypertension,2
90,107,61,98,36.3,,diabetes,0
60,140,60,102,38.2,,,1
75,108,92,135,37.7,fever,,2
88,131,74,140,39.3,chest pain|fever,,2
67,102,99,64,39.6,,,1
82,182,91,88,36.0,,,2
71,186,75,138,37.4,,,2
86,123,72,74,37.8,breathlessness,hypertension,0
64,111,71,73,39.9,,,1
54,100,64,106,38.6,fever|breathlessness,asthma,1
66,151,73,93,38.3,fever|breathlessness,hypertension|diabetes,0
21,103,77,114,36.9,dizziness,,1
69,177,107,85,36.6,dizziness|fever,,2
62,104,68,103,36.7,,diabetes|asthma,1
35,190,83,119,39.1,fever|breathlessness,hypertension|diabetes,2
40,127,77,72,40.0,chest pain|fever,,1
86,115,61,83,37.5,,,0
77,150,102,76,36.3,,,0
22,176,68,140,39.6,dizziness,,2
66,148,75,111,39.5,fever|chest pain,,1
52,176,102,106,36.7,breathlessness|dizziness,asthma,2
27,131,66,83,38.1,chest pain|fever,hypertension,0
54,101,90,96,38.7,,hypertension,1
47,106,66,86,38.4,,hypertension,0
34,170,84,69,39.8,dizziness,diabetes|hypertension,1
70,151,80,74,37.8,,asthma,0
60,144,91,73,38.9,breathlessness|fever,asthma|diabetes,1
72,111,87,127,38.5,breathlessness,,2
54,125,63,140,38.8,,hypertension|asthma,2
24,124,70,100,36.2,chest pain|dizziness,diabetes|asthma,0
19,147,73,130,39.5,chest pain|breathlessness,hypertension,2
68,167,100,111,39.8,chest pain|dizziness,asthma,1
85,177,87,83,37.5,,asthma,2
63,144,62,62,37.0,breathlessness,asthma|diabetes,0
48,156,75,133,38.0,,diabetes|hypertension,2
89,122,60,111,37.5,,hypertension,1
64,179,67,94,36.6,dizziness,hypertension|asthma,2
22,148,92,98,38.7,chest pain|breathlessness,diabetes,1
47,190,100,119,37.8,fever|chest pain,hypertension|asthma,2
19,132,98,103,37.4,chest pain,hypertension,1
32,132,79,123,36.5,fever,asthma|diabetes,2
65,144,76,80,39.8,,asthma,1
67,155,77,118,36.0,breathlessness,,1
18,161,110,72,37.8,,,0
53,150,65,94,38.6,dizziness,,1
83,172,106,74,38.5,fever,,2
76,101,77,115,39.1,fever,,1
69,154,83,68,39.0,breathlessness|fever,,1
78,157,110,73,37.8,,asthma,0
74,117,78,61,37.3,breathlessness,hypertension,0
37,162,102,138,39.3,,,2
40,109,96,78,38.9,,,1
86,142,77,109,37.6,,,1
55,126,72,63,37.1,breathlessness|fever,,0
75,156,88,125,38.0,,,2
51,130,96,90,36.7,,diabetes,0
29,124,66,104,36.0,chest pain|fever,diabetes,1
34,189,78,82,39.8,breathlessness|dizziness,,2
19,113,61,129,38.9,fever|breathlessness,diabetes,2
71,160,97,100,38.7,,diabetes,1
30,148,105,69,36.2,breathlessness,hypertension,0
34,100,103,83,36.6,,,0
73,155,70,123,39.4,dizziness|fever,,2
22,120,99,100,37.6,breathlessness,diabetes,0
58,127,71,109,38.6,fever,,1
71,102,67,65,37.3,,hypertension,0
49,168,69,117,36.7,dizziness,asthma|hypertension,1
35,169,73,63,38.3,,,0
41,118,95,113,38.8,,hypertension,1
34,165,78,110,37.4,,hypertension,1
66,134,79,112,39.3,,,1
35,163,82,123,40.0,,hypertension|diabetes,2
86,158,60,89,37.6,chest pain|breathlessness,diabetes|hypertension,0
70,146,81,137,39.8,,hypertension,2
20,146,65,138,39.1,,hypertension,2
78,173,68,96,39.3,breathlessness,hypertension|asthma,2
32,188,65,92,37.0,fever,diabetes|asthma,2
86,151,99,106,39.8,dizziness|breathlessness,hypertension|asthma,1
41,189,81,111,36.3,,diabetes|asthma,2
42,104,80,84,37.4,,hypertension|diabetes,0
20,160,107,66,39.6,,,1
43,108,67,134,39.8,chest pain|breathlessness,hypertension|diabetes,2
53,114,103,94,37.1,breathlessness,hypertension,0
53,186,68,76,39.6,,,2
20,154,101,73,37.9,breathlessness,,0
87,189,102,68,38.7,chest pain,asthma|hypertension,2
67,145,75,111,36.5,breathlessness,asthma|hypertension,1
75,157,105,86,39.1,fever|chest pain,hypertension,1
25,137,102,139,37.7,,,2
89,103,67,100,37.1,chest pain,asthma|hypertension,0
79,105,91,86,37.6,,,0
78,164,95,105,37.0,fever,hypertension|diabetes,1
63,161,84,133,36.4,breathlessness,,2
64,129,100,98,39.4,breathlessness|chest pain,,1
80,100,60,137,38.9,chest pain,,2
83,159,60,103,36.7,,asthma,1
50,137,107,122,36.8,,diabetes|hypertension,2
20,107,90,60,38.5,chest pain,asthma|diabetes,0
25,120,75,105,37.4,chest pain,,1
25,111,84,82,39.3,fever|dizziness,,1
61,159,72,127,37.4,fever,,2
79,135,66,63,37.2,fever,asthma,0
27,180,110,71,37.4,breathlessness,asthma|hypertension,2
38,188,83,133,39.5,dizziness,hypertension|asthma,2
63,117,105,68,39.2,fever|breathlessness,asthma|hypertension,1
85,137,72,118,38.4,chest pain|fever,diabetes,1
73,168,81,74,39.4,,hypertension|asthma,1
72,133,98,113,39.5,fever,asthma|hypertension,1
77,149,87,74,39.0,,diabetes,1
77,189,109,121,38.0,chest pain,diabetes,2
56,102,69,104,38.7,fever|chest pain,diabetes|hypertension,1
28,184,96,75,36.1,chest pain,,2
60,165,81,78,38.3,breathlessness,hypertension,0
35,141,69,125,38.2,,hypertension,2
58,123,67,114,36.4,,diabetes,1
45,132,78,106,37.2,fever|chest pain,diabetes|hypertension,1
65,135,95,124,36.7,breathlessness|fever,,2
42,182,91,100,38.4,,,2
36,179,90,95,38.0,dizziness,asthma,2
82,110,106,126,37.8,dizziness,,2
26,118,109,60,37.4,fever|breathlessness,hypertension|asthma,0
69,120,87,96,36.7,dizziness,diabetes,0
75,138,91,83,37.6,breathlessness|chest pain,diabetes,0
87,117,70,76,36.8,breathlessness,diabetes|asthma,0
31,138,61,117,37.1,fever|chest pain,,1
55,105,74,88,39.8,fever,hypertension,1
42,147,87,140,38.3,chest pain|fever,hypertension|diabetes,2
60,143,70,73,38.6,,,1
29,183,84,132,37.7,,,2
30,112,86,83,38.2,fever|breathlessness,,0
45,169,86,86,38.2,,,0
66,157,88,93,37.2,chest pain,,0
65,108,90,136,38.1,dizziness,,2
77,189,71,65,37.2,dizziness,diabetes,2
65,148,110,65,40.0,dizziness|breathlessness,asthma|hypertension,1
26,138,72,127,36.8,dizziness,asthma|hypertension,2
90,145,78,98,36.5,dizziness,asthma|hypertension,0
75,165,108,63,36.5,fever,hypertension|asthma,0
81,106,84,98,37.8,fever|breathlessness,,0
82,114,60,87,36.9,,diabetes,0
23,136,66,127,37.1,breathlessness,hypertension,2
76,135,103,116,38.7,,,1
25,183,80,65,37.0,breathlessness|dizziness,,2
72,166,79,61,39.9,,,1
36,125,60,105,38.9,,diabetes|hypertension,1
76,190,72,121,38.7,chest pain|dizziness,asthma,2
89,185,101,113,36.2,breathlessness|dizziness,diabetes|hypertension,2
87,142,84,63,36.3,breathlessness|chest pain,,0
63,105,93,130,36.8,chest pain,asthma|hypertension,2
58,163,75,78,36.6,breathlessness|dizziness,diabetes|asthma,0
52,156,72,138,38.2,breathlessness,diabetes|asthma,2
34,142,90,118,36.8,dizziness|chest pain,asthma|hypertension,1
50,138,99,121,39.7,chest pain,diabetes|asthma,2
71,164,106,133,39.5,dizziness|chest pain,,2
83,146,80,108,39.7,,,1
60,129,62,120,38.5,breathlessness|dizziness,hypertension|diabetes,1
62,169,106,101,39.4,dizziness|chest pain,diabetes|hypertension,1
27,165,74,130,38.3,,,2
88,167,63,95,37.3,chest pain|fever,,0
89,142,91,131,36.9,,asthma|diabetes,2
49,178,108,122,38.6,,hypertension|asthma,2
35,150,96,101,36.5,fever,,1
78,124,66,105,36.4,,hypertension|diabetes,1
76,105,106,89,36.6,breathlessness|chest pain,asthma,0
18,104,97,115,39.1,,,1
56,108,98,92,38.7,,hypertension|diabetes,1
40,183,109,139,38.7,,diabetes,2
70,129,97,77,36.5,breathlessness|dizziness,diabetes,0
24,138,93,103,37.0,,diabetes|asthma,1
72,165,89,102,37.2,,diabetes,1
58,104,81,69,39.9,,diabetes,1
58,116,74,137,36.9,breathlessness,,2
20,166,107,137,39.2,chest pain|breathlessness,diabetes|asthma,2
56,184,83,84,39.6,,diabetes,2
63,141,101,70,37.0,breathlessness,asthma|diabetes,0
55,111,92,66,37.6,fever,hypertension,0
74,164,71,60,38.7,fever|breathlessness,,1
86,108,86,76,39.5,,,1
77,122,90,133,37.9,breathlessness,hypertension|diabetes,2
87,105,99,94,39.6,fever|dizziness,diabetes,1
45,121,88,66,38.1,breathlessness|fever,hypertension,0
57,161,78,65,36.3,fever|dizziness,hypertension|asthma,0
24,100,80,91,38.7,dizziness,hypertension|diabetes,1
74,172,110,67,36.3,breathlessness,diabetes,2
45,160,82,72,39.6,dizziness,diabetes,1
25,109,76,82,39.7,chest pain|fever,hypertension,1
34,161,110,63,37.6,breathlessness,,0
63,188,109,125,37.0,dizziness|breathlessness,asthma|hypertension,2
32,140,84,104,36.4,,hypertension|diabetes,1
56,135,82,127,39.8,chest pain,asthma|diabetes,2
65,144,80,130,37.8,chest pain,diabetes|hypertension,2
41,184,91,123,39.8,,hypertension,2
67,105,78,74,39.1,fever,asthma,1
47,138,71,78,36.6,dizziness|fever,,0
56,143,78,65,39.2,,hypertension|asthma,1
52,166,63,93,37.1,breathlessness|dizziness,diabetes,0
65,138,106,130,39.6,chest pain,asthma,2
49,134,98,82,38.5,,,0
45,146,70,127,39.8,chest pain,diabetes,2
33,131,110,115,38.7,chest pain|breathlessness,diabetes,1
56,174,83,105,39.7,,hypertension|asthma,2
28,131,99,121,38.7,fever,diabetes|hypertension,2
19,129,92,126,37.4,,asthma,2
88,160,108,96,37.0,fever|dizziness,asthma,0
70,149,78,61,36.8,,asthma|hypertension,0
41,190,73,81,39.3,breathlessness|chest pain,asthma,2
86,127,97,130,38.6,chest pain,asthma,2
85,123,61,67,36.4,breathlessness,asthma,0
42,147,74,96,38.1,,,0
31,172,86,122,38.2,breathlessness,,2
24,167,79,128,38.3,fever|dizziness,hypertension,2
46,164,100,88,38.0,breathlessness|fever,asthma,0
56,138,89,81,37.8,chest pain|fever,asthma|diabetes,0
81,118,94,83,37.4,,hypertension|diabetes,0
22,116,94,79,36.6,breathlessness,,0
88,189,89,94,37.6,breathlessness|fever,,2
41,185,99,103,40.0,chest pain,diabetes|hypertension,2
34,177,95,100,38.1,chest pain|dizziness,,2
27,161,74,74,38.0,,,0
84,158,83,109,36.9,fever|breathlessness,,1
21,144,86,122,40.0,fever,hypertension,2
77,157,71,127,37.3,breathlessness,,2
20,174,78,95,39.3,fever,asthma|hypertension,2
28,183,110,84,39.3,dizziness|fever,,2
27,127,103,119,38.9,breathlessness,diabetes|asthma,1
62,142,92,138,37.8,fever|dizziness,,2
85,188,60,129,39.9,,hypertension,2
74,108,67,91,37.2,fever,asthma|hypertension,0
28,158,99,124,38.8,breathlessness|chest pain,,2
20,120,102,65,38.2,fever,diabetes,0
26,138,78,70,36.1,fever,,0
77,167,76,82,37.6,dizziness|breathlessness,,0
59,166,75,103,37.4,,,1
62,102,79,132,36.1,chest pain|fever,,2
73,151,88,108,37.4,dizziness,hypertension|asthma,1
31,174,98,84,39.4,dizziness,hypertension,2
60,116,66,103,36.5,,,1
40,111,71,113,39.3,dizziness|chest pain,asthma,1
19,137,71,109,36.9,,hypertension,1
36,101,65,70,38.1,,hypertension,0
36,151,87,104,36.3,chest pain,,1
28,151,105,115,36.7,,asthma,1
58,135,102,79,39.7,,hypertension|diabetes,1
43,179,99,81,36.6,,asthma|diabetes,2
37,107,110,85,37.1,dizziness,diabetes|hypertension,0
53,123,92,136,39.5,breathlessness,,2
21,126,77,62,37.1,chest pain|breathlessness,asthma,0
36,134,82,115,36.6,dizziness,,1
81,126,73,97,39.2,,asthma|hypertension,1
27,137,74,60,36.5,fever,diabetes|asthma,0
34,152,81,72,36.7,,diabetes,0
59,188,107,65,36.2,chest pain,diabetes,2
39,164,75,95,38.1,chest pain|dizziness,asthma|diabetes,0
46,148,76,116,39.2,chest pain|dizziness,,1
86,152,76,85,36.9,,hypertension|diabetes,0
85,138,79,96,36.6,dizziness|chest pain,hypertension|diabetes,0
50,151,88,99,39.2,breathlessness,,1
23,132,83,92,37.0,,asthma|hypertension,0
25,140,95,94,37.4,chest pain,asthma|hypertension,0
21,153,110,65,39.6,chest pain|dizziness,asthma,1
78,102,85,128,39.5,breathlessness|fever,hypertension|diabetes,2
28,144,62,118,37.1,,,1
31,176,78,108,39.6,chest pain,diabetes,2
33,118,78,104,39.6,dizziness,,1
80,122,87,112,37.0,breathlessness|chest pain,hypertension|asthma,1
69,136,93,68,38.8,chest pain,asthma,1
47,162,93,86,39.1,chest pain,,1
51,170,96,87,38.8,chest pain|dizziness,diabetes|hypertension,1
63,146,104,139,37.2,,hypertension,2
74,169,65,114,36.3,dizziness|chest pain,hypertension,1
48,175,60,112,39.8,fever|breathlessness,asthma|diabetes,2
21,166,100,119,38.7,,diabetes|hypertension,1
24,160,96,87,39.7,chest pain|fever,,1
46,105,81,62,39.3,,asthma|hypertension,1
59,144,70,105,36.9,chest pain|breathlessness,,1
48,120,105,69,36.3,,,0
28,164,77,129,37.3,,diabetes,2
24,127,84,133,39.9,dizziness|breathlessness,hypertension|diabetes,2
90,171,63,130,37.1,,,2
75,178,71,61,39.4,fever|dizziness,hypertension|asthma,2
80,160,94,77,37.5,breathlessness,diabetes|hypertension,0
43,118,77,92,38.0,fever|chest pain,,0
44,182,96,111,38.1,fever,,2
76,135,97,116,36.6,dizziness|breathlessness,hypertension|diabetes,1
41,159,95,104,38.8,chest pain|fever,diabetes|hypertension,1
67,184,110,77,39.3,,diabetes,2
84,129,61,85,37.8,dizziness,diabetes|asthma,0
28,160,95,81,36.9,,,0
22,174,73,94,39.6,,,2
66,124,107,104,38.2,breathlessness|dizziness,hypertension,1
58,179,94,140,36.6,breathlessness,diabetes|hypertension,2
25,185,95,83,39.5,fever|dizziness,,2
54,164,67,93,37.6,dizziness,diabetes|hypertension,0
37,187,88,94,39.6,chest pain,asthma,2
22,157,86,79,39.2,,,1
59,118,84,104,38.7,dizziness|fever,hypertension,1
68,155,73,101,36.4,fever,hypertension,1
76,153,81,72,37.1,,hypertension|asthma,0
89,172,98,83,39.0,chest pain,hypertension,2
30,115,72,93,36.6,fever,,0
44,163,110,110,39.8,fever|chest pain,,1
18,169,66,97,39.0,fever|chest pain,diabetes|hypertension,1
47,144,100,63,36.3,chest pain|breathlessness,asthma,0
82,176,97,100,39.4,,hypertension|asthma,2
75,184,90,115,36.2,,,2
87,106,89,84,37.2,chest pain,asthma,0
76,105,70,104,37.7,fever,hypertension,1
84,149,80,86,36.1,dizziness|chest pain,asthma,0
21,165,99,124,36.6,dizziness,,2
35,134,63,119,38.9,dizziness|chest pain,asthma|hypertension,1
62,154,74,125,39.3,dizziness,,2
72,149,100,78,38.1,breathlessness|fever,asthma,0
79,131,69,74,39.3,,,1
43,132,92,63,39.2,dizziness|chest pain,diabetes|asthma,1
77,173,88,126,38.7,chest pain|breathlessness,,2
49,143,81,83,38.1,,hypertension|diabetes,0
36,165,70,133,37.7,fever,hypertension,2
32,188,82,74,37.2,chest pain,,2
35,118,70,88,38.0,breathlessness|chest pain,hypertension|diabetes,0
72,123,71,119,37.4,chest pain|dizziness,asthma|hypertension,1
88,165,83,133,38.7,breathlessness,hypertension|diabetes,2
88,156,95,61,36.4,dizziness|breathlessness,,0
42,111,78,86,36.5,breathlessness,,0
78,103,100,103,39.8,fever,asthma|hypertension,1
34,112,107,115,39.5,,hypertension|diabetes,1
19,103,80,126,38.5,,asthma,2
30,147,79,64,36.5,chest pain,diabetes|asthma,0
58,132,80,91,39.0,fever|breathlessness,hypertension,1
48,156,62,106,36.2,,hypertension,1
53,104,84,95,36.2,,hypertension,0
27,136,73,94,36.9,chest pain|dizziness,hypertension|diabetes,0
37,177,85,93,39.1,dizziness,,2
25,167,80,103,38.4,breathlessness,diabetes|hypertension,1
28,159,102,96,38.4,,hypertension|diabetes,0
57,171,97,95,38.3,breathlessness,hypertension|asthma,2
71,179,78,77,38.5,breathlessness,asthma|hypertension,2
21,150,92,125,39.7,fever|chest pain,diabetes,2
75,147,70,134,38.2,chest pain,diabetes,2
77,149,85,69,37.7,chest pain,hypertension,0
42,150,74,100,37.5,breathlessness,hypertension|asthma,0
70,145,100,89,37.9,,,0
30,186,75,137,38.9,,,2
34,141,103,103,37.7,fever,diabetes,1
31,167,62,93,36.3,fever,,0
31,177,66,140,39.9,dizziness,asthma|diabetes,2
89,153,87,80,37.8,fever|dizziness,hypertension,0
88,190,90,94,39.1,,diabetes|hypertension,2
74,136,72,122,37.4,,,2
54,113,102,81,36.1,breathlessness,,0
74,103,62,83,38.1,breathlessness|fever,diabetes|hypertension,0
50,103,76,128,37.1,,asthma,2
28,155,68,110,38.3,,,1
73,102,60,122,39.5,,asthma|hypertension,2
22,133,98,60,39.0,,hypertension|diabetes,1
67,115,88,90,36.9,chest pain|dizziness,,0
59,149,76,93,38.8,,diabetes,1
88,118,85,100,37.7,dizziness|breathlessness,hypertension,0
33,134,72,138,37.9,,diabetes,2
90,114,108,78,36.9,chest pain|dizziness,hypertension|diabetes,0
38,104,96,96,38.3,,,0
32,129,63,118,38.9,dizziness|chest pain,,1
76,140,73,73,37.4,dizziness,,0
38,153,104,126,36.2,fever|chest pain,diabetes,2
52,190,91,61,37.8,breathlessness|dizziness,hypertension,2
74,135,88,68,39.7,chest pain,,1
60,180,71,72,39.6,dizziness|chest pain,,2
49,106,87,79,38.3,,asthma,0
66,136,74,124,38.7,,asthma|diabetes,2
43,122,63,60,39.6,,asthma|diabetes,1
61,176,105,77,37.7,,diabetes|hypertension,2
59,106,106,92,38.6,breathlessness,diabetes|hypertension,1
74,157,64,76,38.0,dizziness|breathlessness,diabetes|asthma,0
69,101,73,129,36.3,,,2
88,172,87,115,37.2,,,2
47,179,84,62,39.9,,,2
85,134,101,103,37.3,dizziness,,1
61,137,106,66,36.3,,,0
21,104,70,79,37.5,chest pain,asthma|diabetes,0
53,115,78,133,37.4,dizziness|chest pain,hypertension,2
47,168,108,72,39.9,,diabetes|asthma,1
37,124,82,112,39.9,dizziness|breathlessness,asthma|diabetes,1
50,178,84,138,39.9,chest pain,,2
37,109,109,118,36.9,,diabetes|asthma,1
82,109,106,73,37.2,,hypertension|asthma,0
80,157,71,128,38.7,fever|dizziness,,2
35,122,109,89,39.3,,asthma,1
65,150,70,97,38.9,fever,hypertension|asthma,1
62,164,64,126,39.5,fever,,2
74,178,76,65,39.8,fever|breathlessness,hypertension,2
21,183,98,123,39.7,,asthma|diabetes,2
39,189,106,136,38.5,,hypertension|asthma,2
50,130,102,129,38.0,,hypertension|asthma,2
53,173,85,139,39.2,chest pain|fever,asthma|diabetes,2
55,130,95,128,37.7,fever|dizziness,hypertension,2
37,125,65,97,39.7,,asthma,1
60,157,70,109,36.5,,,1
70,129,102,126,36.1,fever,asthma,2
27,172,84,72,38.8,fever,,2
26,170,82,65,38.3,breathlessness|dizziness,hypertension,0
30,130,99,113,38.1,fever,,1
48,115,92,128,36.8,chest pain,,2
81,190,109,86,36.1,,diabetes,2
40,113,84,77,37.2,breathlessness|fever,diabetes,0
37,157,75,71,38.8,dizziness,asthma|hypertension,1
88,152,78,70,38.8,,asthma|diabetes,1
50,157,82,117,39.9,,,1
20,126,75,131,39.4,,diabetes,2
84,135,71,120,36.1,chest pain,,1
36,113,70,75,38.5,,asthma,0
68,125,78,128,39.8,breathlessness,hypertension|asthma,2
61,163,95,118,39.0,dizziness,,1
78,122,72,120,37.9,fever,diabetes,1
79,120,82,64,39.6,,diabetes,1
43,177,72,73,39.1,,,2
41,131,98,94,37.4,,,0
76,118,70,70,38.0,fever|chest pain,asthma,0
19,117,103,78,39.7,chest pain,hypertension|asthma,1
70,124,105,74,36.7,fever,diabetes|hypertension,0
43,143,75,75,39.0,breathlessness,,1
34,181,90,104,39.3,dizziness,hypertension,2
49,103,103,60,36.5,breathlessness,asthma,0
27,131,72,88,39.1,breathlessness,diabetes|hypertension,1
24,135,95,80,39.3,,,1
33,136,107,111,38.5,,,1
74,151,64,121,37.7,fever|dizziness,diabetes|hypertension,2
66,104,62,98,38.6,dizziness,asthma,1
58,127,75,121,38.7,breathlessness|chest pain,hypertension|asthma,2
51,138,103,75,37.4,breathlessness,,0
58,113,74,130,37.4,,asthma|hypertension,2
24,108,78,117,38.0,,,1
22,150,93,100,37.2,,asthma,0
41,127,94,76,36.4,breathlessness,,0
77,178,87,97,36.2,chest pain,diabetes,2
24,168,94,110,39.2,dizziness|chest pain,,1
83,114,81,94,38.3,,hypertension,0
89,179,68,132,38.3,dizziness,diabetes|hypertension,2
59,132,79,83,38.3,dizziness|fever,asthma|diabetes,0
38,129,101,98,38.3,,asthma|hypertension,0
30,139,74,77,39.0,,diabetes,1
81,171,101,82,37.7,fever|dizziness,,2
72,154,71,131,39.7,dizziness|fever,diabetes,2
22,103,72,77,36.2,,,0
18,174,69,99,39.3,dizziness,hypertension,2
23,125,83,60,36.6,breathlessness|fever,,0
46,152,82,132,37.5,fever,hypertension|asthma,2
60,188,74,107,36.3,fever|chest pain,,2
21,137,75,107,38.0,dizziness|breathlessness,,1
22,186,65,95,38.2,breathlessness|dizziness,hypertension,2
56,182,100,90,39.9,,hypertension|asthma,2
77,143,82,95,37.1,chest pain|dizziness,,0
87,122,67,136,39.2,,diabetes|hypertension,2
21,139,76,61,38.0,fever,asthma|diabetes,0
64,156,91,105,39.9,,diabetes,1
76,113,94,69,37.3,chest pain|dizziness,hypertension|diabetes,0
28,183,82,118,37.1,,asthma|hypertension,2
32,145,68,75,39.7,dizziness,hypertension,1
80,100,69,69,40.0,dizziness,asthma,1
19,184,91,69,38.9,,,2
62,111,70,64,38.9,,hypertension,1
78,157,85,111,38.1,dizziness,,1
48,172,82,135,37.2,chest pain|fever,asthma,2
37,134,101,92,39.1,dizziness,asthma|diabetes,1
44,145,89,90,38.8,chest pain,,1
39,181,82,114,36.5,fever,asthma,2
86,110,67,92,36.6,,,0
82,119,79,139,38.4,,,2
31,159,99,104,36.4,breathlessness,,1
26,164,71,140,39.4,,diabetes,2
48,102,75,118,39.4,,,1
65,125,87,97,37.1,,hypertension|asthma,0
76,138,62,89,37.4,,,0
60,122,60,131,36.5,,,2
88,124,86,83,39.5,breathlessness,,1
70,175,76,68,37.6,,,2
73,168,62,107,38.2,dizziness,,1
26,126,82,77,39.0,fever,hypertension,1
26,182,75,90,37.0,,diabetes|hypertension,2
66,178,97,127,36.6,chest pain,,2
57,187,108,131,36.0,chest pain,asthma,2
27,172,69,65,36.2,dizziness,hypertension,2
22,104,85,62,39.8,dizziness,hypertension|asthma,1
63,135,108,129,39.0,fever,hypertension,2
73,108,63,96,36.9,,,0
45,165,100,128,39.7,dizziness,diabetes|asthma,2
74,179,109,73,39.9,,,2
56,179,71,129,39.8,dizziness,,2
51,111,79,120,38.4,chest pain|dizziness,asthma|diabetes,1
31,165,87,106,37.2,,,1
51,148,61,131,36.9,breathlessness,hypertension,2
73,185,84,61,38.6,breathlessness|dizziness,asthma|diabetes,2
75,142,87,103,37.4,dizziness|breathlessness,diabetes,1
67,187,84,127,38.1,,diabetes,2
83,105,88,121,39.6,,hypertension,2
42,166,101,118,40.0,,asthma|diabetes,1
63,149,75,94,39.3,chest pain|breathlessness,asthma|diabetes,1
33,149,107,113,36.1,fever|breathlessness,diabetes|asthma,1
39,111,78,77,37.2,fever,,0
38,174,71,103,39.3,breathlessness|fever,asthma,2
87,179,77,64,37.9,fever,diabetes|hypertension,2
61,116,97,93,36.3,chest pain,hypertension,0
29,129,86,99,39.5,chest pain|dizziness,hypertension|diabetes,1
87,148,68,95,39.8,,asthma,1
51,181,71,111,39.8,,diabetes,2
85,111,66,90,36.3,dizziness,diabetes|asthma,0
36,180,73,79,37.3,breathlessness,asthma,2
54,129,65,103,39.4,dizziness,,1
59,128,78,128,39.4,breathlessness,asthma|hypertension,2
18,130,108,73,38.0,dizziness|breathlessness,diabetes,0
61,105,101,135,36.1,dizziness,diabetes|hypertension,2
87,108,95,86,39.7,fever,asthma,1
86,158,102,71,38.5,dizziness,diabetes,0
66,188,85,91,38.3,breathlessness|chest pain,,2
72,123,66,113,38.8,,,1
26,150,82,72,37.4,dizziness,,0
78,188,96,70,38.4,breathlessness|fever,diabetes,2
85,160,80,137,37.0,,hypertension,2
73,172,62,60,36.0,chest pain,,2
25,153,95,115,38.8,chest pain|dizziness,hypertension|diabetes,1
89,141,105,117,39.7,,,1
72,174,102,123,36.8,,asthma,2
26,183,105,65,39.7,fever|chest pain,,2
52,117,67,129,38.7,breathlessness|chest pain,diabetes,2
48,103,99,77,36.1,dizziness|fever,diabetes,0
44,141,70,90,37.5,breathlessness|dizziness,asthma,0
58,179,105,64,36.7,,,2
68,148,69,85,36.5,fever,hypertension,0
28,145,98,115,37.9,fever|dizziness,,1
49,134,61,63,39.7,,hypertension,1
61,104,79,129,39.5,breathlessness|dizziness,asthma|diabetes,2
90,117,68,70,40.0,,hypertension|asthma,1
83,179,80,73,37.2,,hypertension,2
31,130,105,90,36.3,fever|chest pain,,0
69,130,108,90,37.2,chest pain|dizziness,,0
36,162,104,78,39.4,dizziness|fever,hypertension|asthma,1
32,138,75,112,40.0,,,1
36,128,101,119,37.7,,asthma,1
46,135,66,100,38.5,dizziness,,0
27,177,61,85,37.1,fever,hypertension|diabetes,2
53,136,101,109,36.5,dizziness,,1
53,132,71,72,37.6,chest pain,,0
45,166,84,64,37.9,chest pain|breathlessness,,0
74,131,106,96,36.7,,asthma|diabetes,0
75,171,105,75,37.1,fever|dizziness,diabetes,2
24,142,109,99,38.1,,,0
75,189,64,129,36.5,,asthma,2
84,163,70,125,37.0,,,2
55,150,92,98,38.1,breathlessness|fever,,0
88,130,103,91,36.8,chest pain|fever,asthma|hypertension,0
34,174,66,67,36.8,fever|breathlessness,hypertension,2
71,102,97,120,37.8,dizziness,asthma|hypertension,1
89,144,106,112,37.4,breathlessness,hypertension,1
51,143,73,72,39.3,dizziness|breathlessness,,1
30,139,64,140,38.9,dizziness,,2
40,172,60,78,36.7,,asthma,2
36,100,105,94,39.0,dizziness|breathlessness,hypertension|diabetes,1
45,111,72,133,38.5,,,2
27,138,109,81,38.3,dizziness|breathlessness,hypertension,0
76,177,96,107,36.7,breathlessness|fever,,2
69,129,108,61,39.3,breathlessness,asthma|diabetes,1
59,150,88,94,36.8,,,0
76,177,99,60,39.4,dizziness|chest pain,asthma|hypertension,2
22,177,104,60,38.1,breathlessness|dizziness,,2
31,100,98,69,37.4,chest pain|fever,,0
26,104,105,99,39.3,,asthma,1
87,170,74,106,36.7,dizziness,,1
81,182,87,135,36.5,,diabetes|asthma,2
21,111,103,79,37.7,,hypertension,0
50,179,64,120,39.2,,asthma,2
55,105,82,82,37.5,,diabetes|asthma,0
21,131,87,61,39.5,,,1
84,128,98,99,37.1,dizziness,,0
20,109,75,139,37.3,breathlessness,hypertension,2
50,157,105,120,37.9,,hypertension|asthma,1
50,108,81,110,38.9,breathlessness|chest pain,,1
66,155,88,100,37.1,fever,asthma|hypertension,0
46,151,106,133,38.9,chest pain|dizziness,diabetes,2
74,115,79,99,37.5,dizziness,,0
72,125,65,61,36.1,breathlessness,,0
63,168,108,71,39.1,dizziness|breathlessness,diabetes,1
60,114,71,61,39.6,dizziness,asthma|hypertension,1
74,115,100,105,36.1,breathlessness,asthma|diabetes,1
18,137,94,63,39.8,chest pain,,1
34,177,90,86,38.2,,hypertension,2
52,153,61,136,37.1,,hypertension,2
62,139,96,89,38.8,fever|breathlessness,,1
74,146,69,65,39.2,chest pain|dizziness,asthma,1
86,101,108,122,38.1,,,2
36,102,83,75,37.7,dizziness,diabetes,0
42,157,107,131,36.2,,hypertension|diabetes,2
22,172,63,131,36.5,fever,,2
75,158,66,140,38.9,,asthma|diabetes,2
26,166,101,68,36.4,chest pain|fever,hypertension,0
33,152,108,63,38.1,breathlessness|chest pain,diabetes,0
61,171,87,113,38.4,dizziness,hypertension,2
61,148,74,109,39.8,dizziness,asthma|diabetes,1
18,127,68,138,39.0,,,2
81,186,79,72,37.3,dizziness,diabetes|hypertension,2
88,176,73,117,36.4,,diabetes|hypertension,2
83,171,70,123,38.8,,diabetes|hypertension,2
77,114,84,87,36.5,,,0
83,149,95,64,38.8,dizziness,asthma|diabetes,1
53,129,83,68,38.6,fever|chest pain,,1
90,182,76,113,37.4,breathlessness|fever,,2
27,146,83,139,38.0,,diabetes,2
83,174,105,89,36.1,dizziness|fever,asthma|hypertension,2
43,130,79,115,36.8,dizziness,hypertension|diabetes,1
77,170,85,120,38.6,breathlessness|chest pain,asthma,1
61,114,62,61,38.0,,diabetes|hypertension,0
59,188,68,118,38.7,,,2
54,177,79,80,36.9,breathlessness,asthma,2
67,123,73,105,37.8,,diabetes|hypertension,1
30,165,62,96,36.9,,,0
88,154,88,85,38.6,,asthma|diabetes,1
55,148,76,77,37.4,fever,asthma|hypertension,0
76,125,67,88,37.7,chest pain,,0
65,133,91,119,38.2,fever|breathlessness,diabetes|hypertension,1
58,145,96,116,37.6,fever|breathlessness,diabetes,1
28,112,71,114,39.6,chest pain,hypertension,1
30,184,97,82,37.7,dizziness|fever,,2
50,162,64,110,39.7,chest pain|breathlessness,,1
84,139,60,81,37.9,,asthma|hypertension,0
83,184,70,123,37.9,,diabetes|asthma,2
81,183,93,122,40.0,,,2
76,109,98,139,36.7,fever,asthma,2
27,159,70,78,37.8,breathlessness,,0
82,153,96,100,39.2,dizziness|breathlessness,,1
35,152,94,133,40.0,,,2
90,176,85,66,38.2,dizziness|chest pain,,2
24,105,76,126,37.0,dizziness|chest pain,hypertension,2
39,165,109,98,37.8,,diabetes|asthma,0
39,111,88,100,38.0,fever,asthma,0
47,161,74,122,40.0,,,2
25,187,70,61,37.2,chest pain,asthma,2
49,174,99,129,37.4,,,2
53,155,92,84,39.6,dizziness|fever,hypertension,1
25,152,84,92,39.9,fever,diabetes|hypertension,1
85,125,104,117,37.0,fever,asthma,1
83,159,94,128,36.7,,diabetes,2
53,107,108,107,38.8,fever|chest pain,hypertension|diabetes,1
88,184,74,123,36.0,chest pain,,2
85,166,60,108,39.4,dizziness,hypertension,1
72,114,98,136,36.0,,diabetes,2
67,114,79,102,36.5,,diabetes,1
58,172,64,121,38.7,,hypertension|diabetes,2
29,150,105,126,36.4,,,2
66,123,107,140,39.6,,,2
89,167,78,69,38.5,dizziness,hypertension|diabetes,0
79,173,82,108,36.3,,,2
23,167,79,74,36.1,fever,asthma,0
90,168,85,107,36.2,dizziness|chest pain,,1
77,176,70,134,36.3,breathlessness|fever,diabetes|asthma,2
69,189,60,108,38.1,,diabetes,2
27,138,68,127,36.4,breathlessness|chest pain,,2
24,126,90,65,39.0,,hypertension|asthma,1
18,132,95,93,39.0,,hypertension,1
61,140,97,117,38.4,breathlessness|dizziness,,1
62,102,91,89,37.8,chest pain,,0
23,149,108,68,39.4,,asthma|diabetes,1
71,135,63,135,36.8,dizziness|fever,hypertension,2
59,153,85,85,38.8,chest pain,asthma,1
46,154,107,82,39.8,chest pain|breathlessness,,1
44,141,77,69,39.1,fever|chest pain,diabetes|hypertension,1
31,135,86,121,39.0,chest pain,diabetes|asthma,2
47,174,103,90,39.5,,asthma|hypertension,2
39,110,70,73,39.0,,asthma|hypertension,1
70,106,86,96,37.1,dizziness,,0
74,128,94,115,36.8,,diabetes,1
50,168,82,136,36.3,fever,asthma,2
90,133,108,91,39.5,,hypertension|asthma,1
53,185,83,94,39.6,dizziness|breathlessness,hypertension|asthma,2
37,165,79,123,38.4,,,2
52,162,92,66,38.6,fever,diabetes|hypertension,1
54,185,71,125,37.5,chest pain|fever,hypertension|asthma,2
38,160,101,111,37.9,chest pain,,1
48,166,108,70,37.3,chest pain,,0
72,116,65,81,36.4,,asthma|hypertension,0
86,138,67,71,36.9,breathlessness,,0
35,145,73,133,38.6,,,2
18,136,90,124,36.5,fever,diabetes,2
28,112,76,131,39.7,,diabetes|hypertension,2
50,112,73,126,37.2,,hypertension,2
26,107,66,69,37.1,dizziness|breathlessness,hypertension|asthma,0
71,120,80,72,37.9,fever,,0
75,176,106,64,39.9,fever,asthma|hypertension,2
68,112,99,85,38.0,fever,diabetes|asthma,0
33,116,65,136,38.9,breathlessness|dizziness,diabetes,2
77,187,82,73,39.7,fever,,2
40,115,74,61,36.1,breathlessness,,0
57,176,68,73,38.8,,diabetes|asthma,2
71,161,65,69,38.7,dizziness|breathlessness,,1
55,119,67,137,37.3,,asthma,2
38,182,84,100,39.3,fever|breathlessness,asthma,2
47,153,85,69,36.6,,,0
73,139,67,113,39.7,fever|breathlessness,,1
57,143,61,94,38.5,chest pain|fever,hypertension,0
59,137,95,111,38.5,chest pain|fever,hypertension|asthma,1
62,117,76,126,38.3,dizziness,hypertension,2
36,137,62,104,39.5,,hypertension|diabetes,1
36,149,84,74,38.1,fever,,0
75,134,108,109,36.9,chest pain,asthma|diabetes,1
84,145,75,70,38.5,,asthma,0
44,181,65,115,37.9,breathlessness|chest pain,,2
45,167,66,101,38.1,breathlessness,,1
23,152,91,93,38.7,dizziness|fever,,1
81,103,85,80,39.2,,diabetes,1
34,161,90,112,39.1,,diabetes,1
77,185,91,139,36.4,fever,,2
65,144,78,85,39.7,,,1
85,139,75,116,39.5,breathlessness|chest pain,asthma|hypertension,1
65,129,98,138,38.4,,diabetes|hypertension,2
78,111,72,68,38.8,,asthma|hypertension,1
36,130,71,98,38.8,,asthma,1
78,122,88,109,36.2,dizziness,asthma,1
63,186,90,126,37.0,dizziness,,2
88,130,81,107,36.1,,hypertension|asthma,1
78,168,77,89,36.2,breathlessness,,0
57,109,82,83,39.4,,asthma|diabetes,1
36,169,99,131,36.3,chest pain,asthma|hypertension,2
81,163,106,91,38.0,dizziness|fever,diabetes,0
47,183,83,113,37.5,fever,asthma|hypertension,2
67,134,102,104,37.7,fever|chest pain,diabetes|asthma,1
33,162,108,118,38.0,dizziness|breathlessness,hypertension|diabetes,1
26,121,99,140,37.6,dizziness|chest pain,diabetes,2
40,135,71,91,38.9,fever,asthma|diabetes,1
20,127,97,62,36.2,dizziness,,0
40,110,77,118,36.4,dizziness,,1
67,185,101,78,39.3,breathlessness|dizziness,asthma|diabetes,2
47,104,100,136,37.6,,diabetes,2
19,145,63,93,38.1,dizziness,hypertension,0
48,187,95,63,37.6,dizziness|chest pain,asthma,2
49,146,69,112,36.0,breathlessness|chest pain,asthma|diabetes,1
43,132,94,60,37.7,fever|breathlessness,,0
25,103,72,109,37.3,dizziness|fever,,1
53,153,85,109,36.0,,asthma|hypertension,1
37,171,102,99,39.9,dizziness|breathlessness,,2
29,175,102,69,39.0,chest pain,hypertension,2
34,157,81,105,39.6,fever|dizziness,,1
27,150,95,130,39.5,,diabetes,2
81,100,82,104,36.6,fever|chest pain,,1
76,187,62,121,39.0,dizziness,diabetes|asthma,2
49,115,70,117,36.6,fever,,1
27,140,73,130,38.9,,diabetes|hypertension,2
57,113,98,65,38.7,breathlessness,,1
69,111,86,84,36.1,dizziness|breathlessness,asthma|diabetes,0
73,140,81,85,37.2,fever|dizziness,,0
40,124,81,96,39.7,breathlessness|chest pain,asthma,1
89,102,108,79,39.5,,diabetes|hypertension,1
77,123,99,111,37.3,fever|breathlessness,,1
58,164,106,60,36.4,,diabetes,0
41,128,67,120,39.1,fever,asthma|diabetes,1
22,123,61,76,39.4,,hypertension,1
37,157,70,116,37.9,dizziness|breathlessness,hypertension|diabetes,1
70,122,63,137,39.6,fever|dizziness,,2
30,179,96,108,39.6,,,2
57,144,81,114,37.0,fever|chest pain,hypertension|asthma,1
74,172,98,117,39.5,breathlessness,,2
67,143,63,82,36.5,breathlessness|chest pain,,0
41,135,67,110,37.3,fever,hypertension|diabetes,1
37,107,87,66,38.2,breathlessness,diabetes,0
61,158,77,109,39.6,,diabetes|asthma,1
75,178,65,130,39.5,dizziness|breathlessness,,2
48,135,93,95,37.7,,,0
84,100,106,81,36.4,fever,hypertension,0
27,115,100,126,39.2,fever|breathlessness,diabetes|hypertension,2
88,188,97,122,37.2,fever,diabetes,2
74,153,71,136,39.2,fever,,2
47,148,104,126,39.9,fever,hypertension,2
70,161,101,131,37.0,,hypertension|asthma,2
52,175,107,136,36.9,dizziness,,2
89,100,64,109,36.9,,diabetes|asthma,1
62,180,61,84,36.4,,,2
50,143,94,87,39.1,,asthma|diabetes,1
78,187,80,115,36.6,,,2
53,115,107,129,36.3,chest pain,,2
67,104,108,138,39.1,,,2
46,135,68,82,39.8,fever|breathlessness,asthma|diabetes,1
41,186,63,68,37.6,dizziness|fever,diabetes|hypertension,2
88,162,80,126,37.8,breathlessness|dizziness,asthma,2
41,116,99,134,38.1,fever|breathlessness,diabetes,2
66,162,71,96,36.9,,asthma|diabetes,0
59,129,85,112,39.0,,diabetes,1
70,130,104,139,37.5,,,2
81,130,102,82,37.1,dizziness,diabetes,0
51,116,62,73,37.0,dizziness,hypertension,0
45,157,98,91,36.8,chest pain|breathlessness,,0
32,161,88,87,39.0,chest pain,,1
83,129,97,102,37.3,,hypertension|diabetes,1
40,131,98,80,37.9,,diabetes,0
24,148,73,93,37.4,chest pain|breathlessness,,0
64,184,60,89,38.2,,hypertension,2
62,148,94,104,37.9,dizziness|breathlessness,,1
60,108,64,125,39.0,,asthma|hypertension,2
67,112,106,97,36.3,chest pain,diabetes|asthma,0
82,134,78,119,37.7,chest pain,,1
40,155,67,140,37.0,fever|breathlessness,,2
60,111,67,112,37.7,,,1
66,189,109,112,38.7,chest pain|dizziness,,2
79,104,68,130,38.1,dizziness,hypertension|diabetes,2
50,172,87,124,36.5,chest pain|breathlessness,,2
69,173,62,132,37.7,fever|chest pain,diabetes|asthma,2
60,146,88,88,39.5,,hypertension|diabetes,1
68,132,91,64,39.0,dizziness,diabetes,1
38,119,62,69,36.2,chest pain|breathlessness,diabetes|hypertension,0
59,138,98,90,39.3,,asthma|diabetes,1
56,146,86,125,36.2,,asthma,2
85,108,80,132,36.8,fever,diabetes,2
20,113,79,77,36.5,,diabetes|asthma,0
64,148,75,85,36.2,,asthma,0
22,168,105,130,37.4,fever,diabetes,2
58,158,108,137,38.1,breathlessness,,2
83,139,73,110,36.3,,hypertension,1
31,175,84,89,38.8,breathlessness|dizziness,asthma,2
50,118,102,74,37.6,fever|dizziness,diabetes,0
87,182,101,69,38.7,fever,hypertension|diabetes,2
67,147,86,107,36.7,breathlessness|fever,asthma|hypertension,1
49,135,72,119,38.3,chest pain|fever,asthma,1
65,163,108,112,37.4,breathlessness,diabetes,1
33,125,99,118,36.4,dizziness,diabetes|asthma,1
70,102,61,104,39.1,dizziness|breathlessness,,1
24,106,83,84,36.2,breathlessness,hypertension,0
54,112,78,123,36.6,dizziness,,2
60,147,78,140,36.8,,,2
57,168,98,60,36.8,breathlessness|dizziness,,0
57,119,108,70,37.1,dizziness,asthma,0
24,144,94,100,38.5,fever|dizziness,diabetes,0
55,166,109,84,36.9,breathlessness,,0
52,106,96,134,39.8,,,2
83,182,103,63,40.0,chest pain,,2
55,112,88,79,36.3,chest pain,hypertension,0
65,143,90,107,37.1,,diabetes|hypertension,1
82,177,92,88,36.4,,hypertension|diabetes,2
31,110,87,138,36.9,fever|chest pain,asthma,2
46,120,73,62,38.2,,hypertension|diabetes,0
66,120,89,92,38.6,chest pain|dizziness,hypertension,1
89,154,84,92,39.5,breathlessness|fever,diabetes,1
53,125,85,85,36.7,breathlessness,,0
68,137,93,80,36.6,,hypertension,0
18,184,66,89,37.1,fever,asthma|hypertension,2
71,120,93,71,39.5,breathlessness,asthma|diabetes,1
88,167,65,70,39.7,,asthma,1
47,132,83,108,37.7,,,1
42,109,63,102,38.5,,,1
46,135,81,103,36.8,,,1
44,178,80,122,39.2,dizziness|breathlessness,diabetes|asthma,2
82,111,87,127,39.5,dizziness,asthma|hypertension,2
79,106,92,96,37.9,fever|breathlessness,hypertension|asthma,0
37,157,102,109,37.5,,,1
87,171,73,135,39.4,,asthma,2
54,135,83,107,39.1,,asthma,1
65,143,108,74,36.4,,diabetes|hypertension,0
41,118,72,105,38.0,fever,,1
84,116,93,110,38.5,dizziness,hypertension,1
68,103,65,115,38.7,,hypertension,1
59,106,92,123,38.1,chest pain,asthma,2
86,117,109,82,36.2,breathlessness|dizziness,hypertension,0
85,129,91,67,38.9,fever,diabetes|asthma,1
65,102,77,132,38.6,dizziness|breathlessness,hypertension,2
25,155,97,97,38.4,,,0
62,176,98,109,36.1,dizziness,,2
54,188,66,97,36.1,breathlessness,diabetes,2
76,165,79,135,39.0,fever,hypertension|diabetes,2
64,160,60,135,38.1,dizziness|breathlessness,asthma,2
33,105,75,83,37.9,dizziness,hypertension,0
30,148,81,119,39.4,,hypertension|diabetes,1
19,188,75,62,36.6,dizziness,,2
59,177,60,113,38.3,,asthma|diabetes,2
40,152,94,131,37.3,,diabetes,2
26,164,103,137,40.0,dizziness,asthma|diabetes,2
82,135,93,121,39.7,breathlessness|dizziness,,2
53,127,79,117,38.1,dizziness,,1
19,183,79,79,38.0,breathlessness|fever,diabetes,2
85,190,77,61,37.8,,hypertension,2
18,178,70,74,36.2,dizziness|breathlessness,hypertension|asthma,2
85,143,78,61,38.1,chest pain,asthma,0
29,155,102,122,39.6,dizziness,hypertension,2
84,142,101,115,36.2,fever|dizziness,diabetes,1
86,100,99,139,36.4,chest pain,hypertension|diabetes,2
53,154,80,66,39.1,,diabetes,1
50,147,74,112,39.6,breathlessness|dizziness,diabetes|asthma,1
47,115,103,83,39.1,,diabetes|hypertension,1
63,162,66,83,39.0,dizziness|breathlessness,,1
48,139,103,64,37.5,,diabetes|asthma,0
56,123,60,112,37.6,dizziness,hypertension|asthma,1
28,155,108,98,36.7,,hypertension|asthma,0
78,150,70,115,36.7,dizziness,,1
83,159,95,66,39.6,dizziness|chest pain,,1
62,120,106,113,37.1,fever|chest pain,asthma,1
47,167,79,131,39.1,dizziness|chest pain,,2
47,133,79,105,37.4,fever|chest pain,,1
21,120,69,120,39.6,,diabetes|hypertension,1
61,187,110,69,39.3,fever,asthma,2
46,135,70,129,37.3,chest pain|breathlessness,hypertension,2
31,138,66,75,36.5,,hypertension,0
56,189,76,123,38.3,dizziness,asthma,2
26,159,104,73,39.9,,asthma|diabetes,1
35,120,70,121,38.2,dizziness,,2
42,153,71,132,38.2,chest pain,diabetes|asthma,2
43,150,77,64,39.3,breathlessness|dizziness,,1
66,132,74,115,39.6,chest pain,diabetes,1
71,159,65,127,36.6,,diabetes,2
36,163,80,134,36.9,,,2
35,105,65,104,38.2,chest pain,hypertension|diabetes,1
56,161,81,137,38.9,chest pain|dizziness,,2
62,147,89,138,38.8,fever|breathlessness,diabetes,2
64,106,95,128,36.2,dizziness|chest pain,diabetes,2
77,105,98,63,39.2,,hypertension|diabetes,1
88,173,69,117,38.5,,hypertension,2
49,167,75,99,37.1,breathlessness,,0
59,139,109,133,37.8,fever|chest pain,diabetes|hypertension,2
23,144,103,127,38.1,,,2
25,152,63,85,36.2,,diabetes,0
86,116,72,76,36.6,breathlessness|dizziness,asthma,0
43,111,97,68,36.5,,diabetes,0
67,158,90,135,37.5,,,2
21,154,88,75,36.1,dizziness,diabetes,0
79,173,68,136,37.4,fever,asthma|hypertension,2
38,127,74,64,37.8,dizziness,hypertension,0
54,159,98,133,36.5,fever,,2
49,130,84,126,37.6,dizziness|fever,,2
57,107,64,75,38.7,chest pain|dizziness,diabetes|hypertension,1
44,144,80,85,39.3,,,1
73,141,67,85,37.6,,asthma,0
72,143,100,79,39.0,dizziness|breathlessness,,1
83,149,88,90,39.3,breathlessness,hypertension,1
39,145,71,94,38.8,breathlessness,asthma,1
29,159,88,90,39.4,breathlessness,,1
75,190,91,94,38.1,fever|dizziness,,2
30,131,70,119,39.6,chest pain|dizziness,,1
51,107,105,107,40.0,breathlessness,,1
33,167,89,91,39.5,breathlessness,,1
19,138,69,128,36.1,,,2
65,143,64,126,36.8,breathlessness,diabetes,2
20,112,108,108,38.0,dizziness|fever,asthma,1
90,177,88,68,38.2,breathlessness,,2
35,163,88,95,37.3,fever,diabetes|asthma,0
66,122,74,134,37.6,,,2
30,112,95,111,39.1,breathlessness|fever,asthma|diabetes,1
79,127,92,93,37.2,breathlessness,hypertension|diabetes,0
77,119,92,71,36.6,,,0
77,101,95,106,39.6,,diabetes|hypertension,1
42,181,108,124,36.7,breathlessness,diabetes,2
85,165,90,119,37.9,,hypertension,1
88,104,67,128,38.0,dizziness,asthma|hypertension,2
31,165,86,105,37.1,dizziness|fever,hypertension,1
59,122,94,133,37.9,,diabetes,2
45,111,102,118,36.5,fever|breathlessness,,1
20,184,64,96,39.4,breathlessness|dizziness,,2
69,158,64,60,39.4,dizziness|fever,hypertension,1
55,145,89,96,38.4,chest pain|fever,hypertension|diabetes,0
72,163,61,119,39.3,,asthma|hypertension,1
20,117,103,98,39.8,breathlessness,asthma,1
30,136,101,101,39.0,,diabetes,1
26,158,87,126,40.0,chest pain,,2
36,167,66,91,38.8,,,1
75,159,67,86,38.0,,hypertension|asthma,0
53,170,86,131,38.9,fever,asthma,2
53,183,68,90,37.6,fever|breathlessness,diabetes,2
60,172,99,78,39.6,dizziness,hypertension,2
27,175,96,103,39.7,breathlessness,hypertension,2
18,118,60,66,39.4,chest pain,hypertension,1
35,147,77,87,36.1,chest pain,diabetes|hypertension,0
50,173,82,113,36.3,breathlessness,diabetes|asthma,2
18,169,61,91,36.2,fever|chest pain,diabetes,0
68,122,84,81,37.5,fever|breathlessness,asthma,0
47,151,91,129,36.1,fever|dizziness,asthma,2
86,174,86,71,37.6,,hypertension|diabetes,2
66,169,71,129,39.9,dizziness,,2
24,141,79,89,36.4,chest pain|dizziness,hypertension|asthma,0
20,183,78,66,36.9,dizziness,asthma|hypertension,2
56,104,81,87,37.2,,,0
88,170,108,103,37.0,,asthma|diabetes,1
53,101,81,84,36.3,fever,hypertension,0
63,121,73,134,38.7,chest pain,diabetes,2
69,165,62,79,38.1,dizziness|chest pain,diabetes,0
26,188,100,73,38.5,fever|dizziness,,2
31,176,69,62,36.4,dizziness,hypertension|diabetes,2
68,100,77,98,37.0,chest pain|breathlessness,hypertension|diabetes,0
40,160,61,124,38.4,dizziness,diabetes,2
81,137,76,104,36.1,chest pain,,1
88,142,89,108,39.2,,diabetes,1
72,123,105,97,39.9,dizziness|fever,,1
35,130,103,100,37.1,dizziness|chest pain,asthma|diabetes,0
18,150,84,122,36.6,dizziness|chest pain,diabetes,2
28,144,108,138,37.5,dizziness,,2
51,116,79,109,37.2,breathlessness|fever,asthma,1
54,174,87,135,36.2,breathlessness|fever,hypertension,2
48,182,109,97,39.2,,,2
70,161,73,135,37.1,,,2
43,116,98,114,39.7,dizziness|breathlessness,asthma,1
19,179,76,115,39.2,chest pain|breathlessness,hypertension,2
67,176,64,110,37.9,breathlessness,,2
41,131,61,88,36.0,dizziness|breathlessness,hypertension|asthma,0
34,178,69,88,36.5,breathlessness|dizziness,asthma,2
47,113,77,73,38.6,,hypertension,1
75,183,63,86,38.6,,asthma,2
57,167,70,86,38.5,breathlessness,diabetes,0
53,188,86,84,39.0,breathlessness|chest pain,,2
45,113,77,65,39.0,,diabetes|hypertension,1
87,151,82,121,36.9,fever|chest pain,diabetes|hypertension,2
42,176,71,63,39.7,dizziness|chest pain,hypertension|diabetes,2
23,171,72,129,37.3,,,2
45,164,87,131,37.5,fever|breathlessness,,2
55,152,64,107,37.9,fever|dizziness,diabetes,1
24,105,98,76,36.4,dizziness|chest pain,diabetes|hypertension,0
26,175,87,74,39.6,fever,diabetes|asthma,2
55,121,105,61,38.6,fever|breathlessness,,1
41,119,93,139,36.9,,hypertension|asthma,2
60,166,76,103,36.5,,hypertension,1
68,138,62,86,38.5,breathlessness,diabetes,0
32,145,86,100,39.4,fever|dizziness,diabetes,1
44,152,65,123,37.7,,,2
29,142,102,129,37.2,chest pain|dizziness,,2
67,184,80,107,39.9,chest pain|dizziness,diabetes|asthma,2
46,127,103,113,39.4,chest pain,hypertension,1
46,147,60,127,39.9,fever,diabetes,2
57,172,77,106,38.3,dizziness,diabetes|asthma,2
46,111,66,115,38.2,breathlessness,hypertension,1
57,166,78,100,37.6,breathlessness,,0
21,139,96,122,38.4,breathlessness|dizziness,,2
48,186,62,85,38.4,,,2
41,142,65,69,36.4,chest pain|fever,hypertension|asthma,0
36,173,104,126,36.8,breathlessness,asthma|hypertension,2
81,186,92,86,39.0,fever,asthma|hypertension,2
57,100,106,95,37.3,dizziness|breathlessness,asthma|hypertension,0
68,139,62,129,39.3,,asthma,2
60,103,60,74,37.4,fever|chest pain,hypertension|diabetes,0
68,141,99,113,39.4,chest pain|breathlessness,hypertension|diabetes,1
25,184,93,69,39.5,breathlessness|dizziness,hypertension|asthma,2
79,189,76,98,36.3,chest pain|breathlessness,,2
34,160,73,130,38.5,breathlessness,hypertension,2
38,143,61,90,39.2,fever,,1
48,130,102,70,37.8,,hypertension|diabetes,0
27,136,103,72,36.0,breathlessness|chest pain,,0
55,185,67,120,39.3,,,2
67,118,72,99,36.8,chest pain|dizziness,diabetes,0
87,168,78,106,39.0,,hypertension,1
71,165,88,82,37.4,dizziness|chest pain,,0
24,121,61,139,36.6,chest pain|dizziness,hypertension,2
46,184,85,127,38.2,dizziness|fever,hypertension,2
62,118,69,67,39.3,breathlessness,,1
18,142,88,99,38.2,chest pain,hypertension,0
58,136,89,87,36.8,chest pain,,0
72,166,81,108,39.9,,hypertension|asthma,1
64,126,63,112,36.3,chest pain|breathlessness,hypertension|diabetes,1
53,127,70,126,36.8,breathlessness,diabetes|asthma,2
49,130,105,68,38.0,,,0
89,188,71,91,39.6,dizziness|breathlessness,diabetes|hypertension,2
72,133,62,110,36.8,dizziness|breathlessness,,1
85,111,61,96,37.6,breathlessness|dizziness,,0
49,161,73,98,37.1,breathlessness|chest pain,diabetes,0
66,181,60,85,38.3,,,2
34,183,71,65,37.6,,diabetes|asthma,2
50,116,61,128,36.5,,asthma|diabetes,2
69,183,100,72,36.5,breathlessness,asthma|diabetes,2
51,175,63,73,36.1,,diabetes|asthma,2
83,137,62,113,39.2,chest pain,,1
85,134,80,61,38.2,,hypertension|diabetes,0
83,180,107,114,36.2,dizziness|fever,asthma|diabetes,2
72,170,67,122,37.1,,diabetes|hypertension,2
81,119,67,75,37.0,dizziness|fever,,0
87,140,95,67,37.5,breathlessness,,0
39,179,72,104,40.0,dizziness|chest pain,diabetes|hypertension,2
60,159,75,84,37.3,,asthma|hypertension,0
85,188,70,120,37.5,fever,,2
64,136,71,98,38.8,breathlessness,,1
33,174,87,69,36.6,breathlessness,,2
72,105,68,139,39.9,,,2
61,166,105,82,37.4,fever,hypertension|diabetes,0
80,122,108,82,38.7,breathlessness|chest pain,,1
39,133,65,118,37.9,breathlessness,,1
19,133,90,92,39.8,dizziness|fever,hypertension|diabetes,1
37,140,109,91,37.7,dizziness,asthma,0
31,101,71,92,36.2,,,0
62,115,68,100,36.3,chest pain,,0
20,130,100,138,37.2,fever|dizziness,,2
53,142,78,134,36.4,,,2
66,156,77,102,38.5,,asthma|diabetes,1
57,119,82,75,38.7,,diabetes|asthma,1
85,160,83,63,38.0,fever,asthma,0
52,149,75,72,36.4,chest pain,,0
50,132,93,96,38.2,fever|breathlessness,,0
48,156,74,84,37.1,breathlessness|fever,diabetes,0
19,101,98,140,38.1,chest pain,asthma,2
87,149,74,67,37.8,,hypertension|diabetes,0
85,149,62,67,38.5,fever,asthma,0
53,104,99,131,38.9,chest pain,,2
36,137,79,132,39.3,chest pain,,2
61,145,83,81,38.4,chest pain,,0
22,161,81,83,39.2,chest pain,diabetes,1
47,101,69,97,37.1,fever|chest pain,,0
70,122,106,132,36.6,,diabetes|asthma,2
59,134,98,69,37.9,,hypertension,0
64,128,79,112,39.8,dizziness,hypertension|asthma,1
50,121,77,100,37.7,dizziness|chest pain,hypertension,0
52,128,84,72,39.5,,hypertension|asthma,1
54,167,90,110,38.9,chest pain|breathlessness,,1
63,185,78,116,38.1,,,2
35,164,67,140,38.7,fever|breathlessness,,2
23,101,94,75,39.1,,,1
64,171,63,61,36.4,breathlessness|dizziness,,2
82,108,108,103,37.9,dizziness,,1
77,183,93,62,39.2,chest pain,,2
73,171,63,66,37.7,,asthma|hypertension,2
78,183,69,66,36.5,,,2
68,148,65,115,39.3,,,1
28,134,110,92,36.2,chest pain|breathlessness,asthma,0
28,124,90,100,39.8,breathlessness,,1
18,107,89,89,38.5,fever,diabetes|hypertension,0
65,187,84,80,38.1,fever,,2
62,155,66,102,36.1,fever|breathlessness,asthma|diabetes,1
60,118,108,85,37.1,chest pain,diabetes|hypertension,0
40,122,107,101,37.8,breathlessness,asthma,1
77,120,78,83,38.2,,diabetes,0
54,172,102,89,39.2,,,2
59,186,110,120,36.3,,hypertension|asthma,2
45,153,92,70,38.6,,asthma|diabetes,1
28,148,63,77,37.9,dizziness,asthma,0
22,157,96,114,37.8,,hypertension|diabetes,1
64,119,82,87,39.6,,asthma,1
87,154,89,93,39.5,breathlessness|fever,,1
67,159,93,102,37.0,,diabetes,1
18,156,62,114,37.8,dizziness|chest pain,,1
25,110,66,98,38.5,dizziness|fever,diabetes,0
55,117,88,112,36.6,dizziness,hypertension,1
58,147,69,80,39.6,dizziness|chest pain,diabetes,1
41,173,93,106,38.9,chest pain,hypertension|asthma,2
89,106,66,103,37.2,chest pain|breathlessness,diabetes,1
51,188,108,93,39.4,breathlessness|fever,asthma,2
77,185,67,92,39.0,,diabetes|asthma,2
83,184,104,95,37.0,,hypertension,2
78,155,75,125,38.5,chest pain,,2
76,153,74,99,38.5,chest pain,,0
52,133,71,140,37.8,,hypertension,2
36,104,99,116,37.4,chest pain|dizziness,,1
80,152,106,60,36.8,,,0
41,173,109,80,36.9,breathlessness|chest pain,diabetes|asthma,2
60,163,75,121,36.3,breathlessness|fever,hypertension|asthma,2
64,170,78,67,36.6,chest pain,asthma,0
69,146,98,115,38.6,,hypertension|diabetes,1
77,140,108,99,39.1,breathlessness|dizziness,diabetes,1
84,163,107,128,37.6,,,2
52,169,97,66,38.8,,diabetes,1
82,135,86,80,37.4,dizziness|chest pain,asthma|hypertension,0
45,162,70,100,37.4,chest pain,diabetes|hypertension,0
87,175,110,136,37.9,fever|chest pain,,2
52,157,91,70,39.5,dizziness,hypertension|asthma,1
46,139,100,123,39.4,breathlessness|fever,diabetes|hypertension,2
84,145,89,85,38.0,breathlessness|chest pain,diabetes|hypertension,0
70,102,62,112,37.8,dizziness|fever,hypertension,1
63,115,98,102,37.3,,asthma|diabetes,1
53,115,107,80,37.5,breathlessness,asthma|hypertension,0
44,100,78,110,39.0,fever|chest pain,,1
77,164,68,62,38.7,chest pain,,1
48,178,62,120,39.9,,hypertension,2
73,123,71,120,38.0,breathlessness|chest pain,hypertension|asthma,1
34,119,87,125,39.7,,diabetes,2
86,178,95,114,39.4,,asthma|hypertension,2
88,172,78,127,39.1,chest pain,hypertension|asthma,2
76,112,109,135,37.2,,asthma,2
70,105,91,138,37.3,breathlessness|dizziness,,2
77,147,61,75,38.4,,,0
71,150,104,82,39.8,,,1
25,127,67,65,38.5,breathlessness,hypertension|diabetes,0
50,136,100,132,39.9,fever,,2
45,152,75,85,39.5,chest pain,diabetes|asthma,1
52,108,108,132,36.2,breathlessness,diabetes|asthma,2
64,175,100,84,39.0,breathlessness|dizziness,hypertension,2
68,151,98,139,37.6,fever|chest pain,hypertension,2
53,122,102,112,39.8,dizziness,hypertension,1
76,141,63,110,39.7,,diabetes|hypertension,1
33,139,64,77,37.9,,hypertension|asthma,0
38,143,108,132,39.9,,,2
64,186,91,68,39.7,chest pain,,2
19,157,92,133,36.3,chest pain|breathlessness,,2
64,144,90,134,38.5,breathlessness,diabetes,2
26,167,77,120,37.2,,asthma,1
43,146,106,101,39.3,fever|chest pain,hypertension,1
68,163,86,75,38.5,breathlessness,,0
72,167,97,83,37.4,,hypertension|asthma,0
43,150,64,92,36.5,chest pain,asthma|diabetes,0
54,188,77,105,38.9,chest pain,asthma,2
41,148,107,85,39.6,,diabetes,1
18,136,70,73,38.4,,diabetes|asthma,0
79,178,107,67,39.8,,,2
54,132,61,94,38.2,dizziness|breathlessness,,0
37,181,103,91,38.3,breathlessness|chest pain,,2
51,123,72,125,36.7,,hypertension,2
28,100,90,115,38.9,,,1
38,171,74,127,36.4,chest pain|fever,asthma,2
26,118,68,63,39.1,dizziness|chest pain,,1
73,190,71,68,37.8,breathlessness,,2
24,128,110,61,37.4,,diabetes,0
67,103,76,87,36.9,fever,diabetes,0
56,172,97,101,37.3,,asthma|diabetes,2
52,167,74,123,39.0,,asthma|diabetes,2
46,101,97,100,37.4,,diabetes,0
26,157,63,135,36.5,dizziness,hypertension,2
30,123,105,76,37.9,chest pain|fever,,0
38,185,103,62,39.7,,,2
74,155,68,85,36.4,fever|breathlessness,hypertension|asthma,0
24,154,67,129,40.0,chest pain|fever,,2
75,158,69,98,37.4,breathlessness|fever,asthma|hypertension,0
81,189,106,117,39.6,,diabetes,2
50,155,66,85,38.5,,diabetes|hypertension,0
21,135,68,69,36.2,,diabetes|asthma,0
48,175,99,80,39.6,breathlessness,hypertension,2
28,129,110,105,36.4,chest pain|dizziness,hypertension|diabetes,1
57,183,102,64,39.7,breathlessness|dizziness,hypertension,2
28,158,69,122,38.8,chest pain|dizziness,diabetes,2
29,161,106,131,38.6,,hypertension|diabetes,2
75,133,75,80,37.8,,asthma,0
38,159,62,91,39.9,chest pain,asthma,1
61,123,86,105,38.5,fever,asthma,1
39,174,91,118,38.5,breathlessness|fever,asthma,2
28,123,76,104,36.8,,hypertension,1
81,146,71,118,39.2,dizziness,diabetes|asthma,1
56,162,97,131,39.7,breathlessness|dizziness,diabetes|hypertension,2
52,163,81,76,36.1,,hypertension|diabetes,0
19,101,76,84,39.5,fever,,1
56,165,65,125,38.6,breathlessness|dizziness,asthma,2
72,189,82,66,38.9,,,2
59,153,73,92,36.2,chest pain|dizziness,,0
43,123,72,135,39.9,,diabetes|asthma,2
73,130,100,77,39.3,dizziness|breathlessness,diabetes,1
79,144,99,87,38.2,breathlessness,diabetes|asthma,0
28,159,84,113,37.3,,hypertension|diabetes,1
68,113,75,100,36.5,,,0
21,128,98,77,39.0,,asthma|hypertension,1
59,155,97,116,39.1,fever|breathlessness,diabetes|asthma,1
32,149,79,86,36.4,,,0
38,158,74,87,36.1,,hypertension|diabetes,0
87,111,109,114,37.8,dizziness|chest pain,asthma|hypertension,1
42,155,102,126,37.5,breathlessness|dizziness,diabetes,2
64,100,86,89,39.4,,hypertension|asthma,1
44,169,87,118,38.8,,diabetes,1
37,126,94,127,36.0,,diabetes,2
81,108,80,92,39.4,chest pain,diabetes,1
81,123,80,81,36.8,chest pain,,0
88,105,109,103,39.1,breathlessness|fever,,1
34,100,67,71,38.5,fever,diabetes,0
45,114,61,76,39.1,dizziness|breathlessness,diabetes|hypertension,1
35,118,93,84,39.2,chest pain|breathlessness,asthma,1
27,167,70,136,37.4,,hypertension,2
43,133,87,124,39.7,breathlessness,asthma|hypertension,2
34,120,97,125,39.4,,,2
27,105,106,105,36.1,breathlessness,,1
77,138,81,74,37.7,dizziness,,0
89,101,92,136,38.7,chest pain|fever,,2
62,152,107,61,37.4,fever|chest pain,,0
31,154,98,72,36.4,dizziness|breathlessness,hypertension,0
73,163,82,140,39.1,breathlessness|fever,,2
38,140,96,119,36.1,,hypertension|asthma,1
31,123,78,140,36.8,,asthma,2
83,142,93,131,37.3,,diabetes,2
62,108,80,114,39.2,chest pain,,1
82,166,100,105,39.0,,,1
36,120,80,76,36.7,dizziness,,0
32,123,103,103,38.9,breathlessness|fever,hypertension|asthma,1
37,135,87,129,37.1,dizziness|fever,,2
50,141,83,84,38.0,chest pain|breathlessness,,0
61,111,65,83,36.8,,diabetes,0
64,152,91,69,38.7,,,1
75,107,70,102,37.0,dizziness,hypertension,1
22,174,72,88,37.1,breathlessness,,2
86,170,75,88,36.4,fever|dizziness,diabetes|asthma,0
38,134,66,102,37.9,chest pain,asthma,1
18,114,78,65,39.7,chest pain,asthma,1
62,189,68,114,37.4,chest pain,diabetes|asthma,2
72,117,66,72,39.4,chest pain,asthma|hypertension,1
55,122,91,114,38.5,breathlessness,asthma|diabetes,1
77,168,101,80,36.4,,,0
59,167,71,121,36.8,chest pain|fever,diabetes|hypertension,2
89,127,60,61,39.8,breathlessness,asthma,1
26,187,108,92,39.5,dizziness,asthma,2
20,177,90,111,38.7,,asthma,2
40,115,69,124,38.3,,diabetes,2
38,129,98,73,39.7,,asthma,1
85,134,105,90,36.5,,hypertension|asthma,0
34,144,64,107,39.6,dizziness|chest pain,diabetes|asthma,1
81,160,91,75,38.3,,diabetes,0
23,153,86,98,37.3,,hypertension,0
73,137,87,108,39.5,fever,asthma,1
44,165,92,106,38.8,,asthma,1
75,159,81,121,39.3,fever|breathlessness,,2
26,102,72,111,39.6,dizziness,,1
67,177,61,97,37.9,chest pain,diabetes|hypertension,2
33,181,84,114,39.0,,diabetes,2
58,113,89,124,38.3,chest pain|dizziness,diabetes,2
52,186,107,81,36.7,,hypertension,2
40,148,110,103,37.7,,hypertension|diabetes,1
86,120,86,131,36.7,dizziness,diabetes,2
71,138,69,103,40.0,chest pain,,1
81,111,109,120,39.6,breathlessness,hypertension|asthma,1
41,102,107,78,38.6,,diabetes|asthma,1
69,168,79,79,37.7,,,0
47,186,101,111,38.9,,diabetes|asthma,2
35,140,95,119,39.7,,asthma,1
54,187,95,109,37.6,,,2
51,148,87,131,37.3,dizziness|fever,asthma,2
61,155,80,124,37.3,fever,asthma,2
33,152,104,66,37.1,chest pain,,0
54,148,79,91,37.6,,asthma,0
63,133,82,127,38.5,,diabetes|hypertension,2
87,100,91,76,38.6,chest pain,hypertension|asthma,1
77,155,79,90,36.5,dizziness,asthma|hypertension,0
49,114,110,102,36.4,,diabetes|asthma,1
43,119,64,107,36.4,dizziness,diabetes,1
59,169,99,140,38.8,fever,diabetes,2
28,157,65,129,39.4,chest pain,asthma|hypertension,2
84,170,67,62,37.0,fever,,0
52,139,70,63,36.1,chest pain,asthma,0
89,176,107,103,38.2,chest pain|fever,,2
78,143,63,82,38.1,chest pain|dizziness,,0
46,168,82,126,37.4,breathlessness|chest pain,,2
27,155,60,87,36.3,,hypertension,0
85,150,62,82,38.2,fever|chest pain,diabetes|asthma,0
21,156,91,81,39.3,,diabetes,1
38,113,63,86,37.8,,,0
48,117,74,120,38.2,fever,asthma|diabetes,1
34,184,106,140,38.1,fever,hypertension,2
25,157,89,132,38.0,chest pain,diabetes,2
29,154,101,88,37.3,chest pain|fever,hypertension|asthma,0
45,118,73,93,37.9,,hypertension,0
38,113,75,131,39.0,,diabetes|asthma,2
40,111,60,103,36.6,,hypertension,1
87,138,76,76,39.6,,hypertension,1
41,106,72,104,37.9,breathlessness,diabetes,1
90,159,106,73,39.1,,,1
59,182,89,98,37.0,breathlessness|dizziness,,2
86,142,71,72,39.2,,hypertension,1
83,122,81,90,37.0,fever|chest pain,,0
65,181,68,62,36.3,,,2
28,109,101,107,38.2,chest pain,hypertension|diabetes,1
83,187,85,73,36.3,dizziness,diabetes,2
30,181,77,66,37.3,chest pain|dizziness,,2
51,124,65,124,39.8,,asthma|hypertension,2
41,140,60,81,37.4,dizziness|chest pain,asthma|hypertension,0
29,152,93,74,38.5,chest pain|fever,,0
89,160,108,100,38.8,fever|breathlessness,diabetes|asthma,1
74,103,70,122,38.6,,asthma,2
90,123,107,67,39.5,dizziness,,1
35,186,87,121,39.5,breathlessness,diabetes,2
57,103,64,60,36.8,fever|chest pain,,0
79,126,64,111,39.9,,asthma|hypertension,1
74,162,102,119,37.1,chest pain|breathlessness,,1
61,187,110,114,37.0,dizziness|breathlessness,hypertension|asthma,2
73,138,76,73,36.5,breathlessness|chest pain,,0
71,156,97,140,36.3,,diabetes,2
89,102,97,109,37.0,dizziness,hypertension|asthma,1
86,111,77,104,39.3,,,1
80,152,106,100,37.5,,,0
24,141,67,75,36.1,breathlessness|dizziness,,0
53,161,77,81,39.0,dizziness|chest pain,hypertension|diabetes,1
40,107,99,112,37.9,,hypertension|diabetes,1
34,180,88,124,37.9,,,2
50,120,95,118,39.5,breathlessness,hypertension,1
88,168,95,133,37.1,chest pain|breathlessness,diabetes|hypertension,2
71,108,66,66,36.2,chest pain|fever,hypertension|asthma,0
41,171,67,117,37.7,breathlessness,diabetes|hypertension,2
20,190,85,90,38.8,fever|chest pain,,2
58,144,110,87,38.4,fever|chest pain,diabetes,0
83,103,65,72,36.2,,hypertension,0
29,111,61,64,36.4,fever,asthma|diabetes,0
32,189,61,120,37.6,fever,,2
79,176,95,82,37.8,fever|breathlessness,,2
34,118,95,74,40.0,chest pain|fever,asthma|hypertension,1
84,189,87,75,39.6,chest pain|breathlessness,asthma,2
57,184,83,84,39.2,dizziness|chest pain,diabetes|asthma,2
62,144,109,114,39.8,chest pain|breathlessness,diabetes|hypertension,1
63,143,92,126,38.0,chest pain|breathlessness,diabetes,2
49,139,105,120,38.3,chest pain,asthma,1
55,110,96,109,36.4,breathlessness,asthma,1
53,154,67,137,39.9,,hypertension,2
69,172,92,128,37.2,,diabetes|asthma,2
77,168,68,65,36.4,chest pain|breathlessness,,0
88,146,70,124,39.2,,diabetes|asthma,2
78,116,107,137,39.1,fever|dizziness,hypertension,2
50,124,66,72,36.2,dizziness|fever,diabetes,0
46,172,73,135,37.7,breathlessness|chest pain,,2
76,106,83,81,37.0,,,0
21,185,107,94,36.2,,,2
28,186,105,60,39.9,,hypertension|diabetes,2
73,166,85,125,38.8,dizziness|breathlessness,,2
88,147,107,82,37.9,fever,hypertension,0
23,176,84,123,37.6,chest pain,asthma,2
26,132,99,120,36.6,breathlessness|dizziness,diabetes|hypertension,1
70,137,70,78,36.7,,diabetes,0
24,156,104,135,36.5,fever|dizziness,asthma,2
23,129,77,130,37.1,,diabetes,2
60,101,69,107,39.5,fever,,1
23,142,107,127,36.5,,asthma,2
81,104,87,71,37.9,,,0
23,182,66,71,38.9,breathlessness|fever,,2
75,178,65,105,36.8,,diabetes|hypertension,2
90,136,72,128,36.7,,diabetes|asthma,2
24,160,104,87,38.2,dizziness|chest pain,diabetes|hypertension,0
84,154,108,130,38.2,fever,,2
60,147,62,116,38.6,,diabetes|asthma,1
27,116,60,105,36.6,,diabetes|asthma,1
41,100,98,64,39.6,dizziness|fever,asthma|diabetes,1
43,106,71,119,39.8,dizziness,hypertension,1
89,136,88,108,37.6,fever|chest pain,,1
58,165,106,105,39.5,dizziness,,1
54,123,102,112,38.5,chest pain|dizziness,asthma,1
53,106,97,140,38.2,breathlessness|fever,diabetes|hypertension,2
51,168,93,131,38.6,fever|breathlessness,hypertension|asthma,2
19,179,74,127,39.6,,diabetes|hypertension,2
59,146,90,83,36.8,,hypertension,0
22,177,91,123,36.6,,,2
89,138,103,89,37.3,dizziness,asthma,0
48,184,82,90,38.3,,,2
49,104,108,124,36.6,fever,asthma,2
26,132,99,100,37.9,fever|chest pain,,0
55,117,67,79,37.6,,diabetes,0
38,177,101,105,37.0,breathlessness|chest pain,hypertension|asthma,2
65,147,64,102,38.3,dizziness,hypertension|diabetes,1
49,160,95,120,36.7,fever|breathlessness,asthma|diabetes,1
45,129,65,103,39.0,dizziness|chest pain,,1
86,146,86,68,36.6,fever,hypertension|diabetes,0
55,105,86,122,37.0,dizziness|breathlessness,diabetes|asthma,2
47,112,98,74,39.0,dizziness|chest pain,asthma|hypertension,1
75,138,93,99,36.2,chest pain,,0
48,163,96,109,38.2,fever,diabetes,1
18,151,93,140,36.2,,asthma|hypertension,2
24,134,104,102,39.6,fever|chest pain,,1
52,181,72,66,39.6,chest pain|fever,hypertension|asthma,2
35,110,102,63,39.3,breathlessness,,1
30,122,69,89,36.4,dizziness|chest pain,,0
87,126,60,107,38.9,dizziness,,1
43,116,65,122,39.2,chest pain|fever,hypertension,2
21,171,68,114,37.1,,diabetes,2
74,105,100,119,37.1,,,1
42,117,98,66,36.7,breathlessness|fever,,0
45,157,110,80,39.8,dizziness,,1
29,103,109,90,39.5,chest pain,,1
59,124,100,80,36.8,chest pain,diabetes|asthma,0
67,174,91,137,37.8,,asthma|diabetes,2
89,152,86,83,37.4,fever|breathlessness,asthma,0
89,185,73,129,38.1,chest pain,diabetes|asthma,2
69,146,107,135,38.4,breathlessness|fever,diabetes,2
23,184,65,73,38.6,dizziness|breathlessness,diabetes,2
30,120,107,67,37.0,,hypertension,0
83,136,69,81,37.7,dizziness|breathlessness,,0
42,102,74,104,36.6,,diabetes|asthma,1
47,159,78,99,38.9,,asthma|hypertension,1
65,133,65,99,39.6,fever,diabetes|asthma,1
57,120,65,101,37.5,,asthma|hypertension,1
41,175,90,136,37.2,,,2
55,163,101,119,37.2,breathlessness,,1
38,109,93,136,37.5,dizziness,asthma|hypertension,2
45,142,94,132,38.9,dizziness|chest pain,asthma|diabetes,2
68,153,62,71,39.4,,diabetes,1
31,169,86,111,39.5,chest pain,asthma,1
67,158,89,83,37.8,chest pain|fever,hypertension,0
41,115,75,105,37.4,chest pain|breathlessness,diabetes,1
86,148,69,61,36.5,fever,,0
72,143,96,73,36.3,,diabetes,0
70,174,61,116,37.0,chest pain,diabetes,2
38,126,97,111,38.6,breathlessness,asthma,1
88,143,89,118,39.5,breathlessness,asthma|hypertension,1
82,149,101,118,36.0,,hypertension,1
67,105,87,62,39.1,fever,,1
73,186,110,99,38.8,fever,,2
22,135,90,76,39.0,chest pain|fever,,1
27,153,101,60,36.5,chest pain|fever,diabetes,0
81,187,75,81,38.1,fever|dizziness,hypertension,2
18,103,105,112,36.2,chest pain,diabetes|hypertension,1
25,184,70,119,37.2,fever|chest pain,hypertension,2
78,183,80,133,39.8,dizziness,asthma|diabetes,2
33,113,85,103,37.2,breathlessness,hypertension,1
82,173,110,73,36.7,,,2
82,169,107,75,38.2,,,0
88,105,77,77,37.2,fever|dizziness,diabetes,0
62,181,105,125,39.8,dizziness|breathlessness,,2
46,188,110,131,38.5,,asthma,2
73,127,81,62,39.7,chest pain|breathlessness,diabetes,1
51,116,109,90,38.7,dizziness|fever,,1
54,135,85,72,36.8,,hypertension|asthma,0
72,154,93,113,38.7,fever|breathlessness,asthma,1
87,149,83,64,39.4,chest pain|fever,,1
50,186,95,68,37.2,fever,diabetes|hypertension,2
47,148,95,90,39.9,,,1
23,102,95,75,39.0,,,1
22,126,93,90,37.5,chest pain|breathlessness,,0
35,183,62,131,36.7,dizziness,asthma|diabetes,2
57,114,79,125,37.5,dizziness|fever,asthma,2
77,120,78,84,39.7,dizziness|chest pain,asthma|diabetes,1
30,167,78,65,36.9,,asthma,0
32,182,77,123,38.8,breathlessness|chest pain,,2
61,130,76,99,36.9,dizziness,diabetes|hypertension,0
19,145,110,64,36.1,fever|chest pain,diabetes|asthma,0
31,145,109,81,39.0,chest pain|breathlessness,asthma|diabetes,1
48,112,103,100,38.0,,,0
72,117,68,81,38.9,dizziness,diabetes,1
23,146,96,81,39.5,fever,asthma,1
62,169,76,108,38.3,fever,diabetes|hypertension,1
67,164,93,95,36.7,,,0
66,165,88,88,36.2,,hypertension|diabetes,0
84,147,70,75,37.9,dizziness,asthma|hypertension,0
33,143,64,122,39.9,,hypertension|diabetes,2
33,137,71,83,36.2,breathlessness,,0
39,160,80,73,37.5,,asthma,0
62,157,110,105,38.8,,,1
54,176,77,140,39.4,breathlessness|chest pain,,2
34,178,93,73,36.2,chest pain|fever,,2
66,167,66,138,36.7,,diabetes|asthma,2
62,156,85,70,38.7,dizziness,asthma|hypertension,1
42,115,85,62,37.7,dizziness|fever,hypertension|asthma,0
80,154,83,93,38.8,dizziness,,1
24,168,68,111,40.0,chest pain,diabetes,1
46,160,101,88,38.1,breathlessness,asthma|hypertension,0
27,178,80,111,37.6,,asthma|hypertension,2
55,115,68,140,37.0,dizziness|breathlessness,asthma,2
44,107,85,134,38.6,breathlessness,diabetes,2
87,160,63,136,36.4,,,2
43,156,77,116,39.6,chest pain,diabetes|asthma,1
71,181,84,92,38.3,fever|dizziness,hypertension,2
79,119,69,69,37.1,chest pain,asthma,0
35,127,62,76,36.6,,,0
63,120,86,128,39.6,,,2
79,172,86,80,37.7,breathlessness,asthma|diabetes,2
63,154,89,61,39.7,fever|dizziness,hypertension,1
58,139,61,66,38.5,,hypertension,0
30,155,71,89,37.0,,,0
40,115,99,76,36.4,fever|breathlessness,diabetes|asthma,0
38,126,92,107,38.3,,asthma|diabetes,1
88,112,60,132,38.3,,hypertension|diabetes,2
25,121,90,89,36.6,breathlessness|fever,,0
47,113,104,130,38.5,,asthma,2
32,139,85,97,38.3,,,0
89,123,68,136,37.3,fever,diabetes|asthma,2
54,162,90,97,37.7,fever|chest pain,asthma|hypertension,0
66,163,102,127,37.9,,hypertension|asthma,2
70,159,106,115,38.7,breathlessness|chest pain,asthma,1
56,153,94,135,40.0,breathlessness|dizziness,,2
70,120,87,130,38.3,,diabetes|asthma,2
76,144,76,62,37.8,chest pain|dizziness,,0
90,151,105,72,37.6,chest pain,,0
61,127,88,120,36.1,,asthma|hypertension,1
81,152,110,140,37.3,,hypertension,2
30,118,86,111,38.6,dizziness,asthma|hypertension,1
73,163,92,108,38.7,breathlessness,diabetes|hypertension,1
64,163,96,82,39.6,fever|dizziness,,1
39,187,67,84,39.7,breathlessness|chest pain,hypertension|diabetes,2
62,170,74,82,37.8,dizziness,,0
78,166,96,136,37.0,,asthma|diabetes,2
49,157,86,96,39.9,breathlessness,asthma|diabetes,1
81,147,75,97,39.6,fever,,1
35,179,92,84,36.4,dizziness,hypertension,2
65,123,72,106,37.2,dizziness,hypertension|diabetes,1
77,109,83,84,36.4,,,0
59,143,98,104,39.1,fever|dizziness,,1
24,122,63,61,38.8,,,1
71,184,80,62,38.3,fever|chest pain,,2
33,113,110,126,38.2,,,2
76,102,72,82,36.3,chest pain,hypertension|diabetes,0
18,134,88,70,37.0,,diabetes,0
89,183,107,136,39.2,,,2
49,188,84,108,37.6,dizziness,hypertension,2
26,101,74,82,36.8,fever|chest pain,,0
66,140,92,78,40.0,,diabetes|asthma,1
33,131,68,134,37.0,dizziness,,2
75,189,81,116,37.3,chest pain|breathlessness,asthma,2
22,179,89,86,36.2,,diabetes,2
52,137,79,89,36.4,dizziness,,0
55,124,63,86,39.4,breathlessness|fever,hypertension|diabetes,1
70,121,75,126,39.6,fever|breathlessness,hypertension|asthma,2
56,150,91,109,38.9,dizziness|fever,hypertension,1
39,168,72,105,37.2,fever|chest pain,asthma|hypertension,1
36,125,77,92,36.5,dizziness,asthma|diabetes,0
21,120,105,103,38.9,,diabetes,1
66,132,66,137,39.1,dizziness|fever,diabetes,2
55,159,67,114,39.3,chest pain|fever,,1
41,154,83,108,39.4,,,1
53,101,73,64,39.3,fever|breathlessness,asthma,1
37,183,88,69,38.4,,,2
41,132,74,115,37.7,dizziness,,1
58,101,93,75,39.1,,,1
40,137,96,108,37.5,chest pain,,1
30,182,73,67,36.4,chest pain|dizziness,,2
21,116,106,80,37.9,chest pain|breathlessness,,0
74,174,90,120,36.1,,hypertension|diabetes,2
68,149,97,76,36.9,,,0
53,120,97,135,39.1,chest pain,hypertension|diabetes,2
47,175,99,85,37.6,breathlessness,,2
43,186,84,107,36.4,dizziness,asthma|hypertension,2
53,112,88,107,39.1,,asthma,1
24,102,103,130,36.5,breathlessness,diabetes|asthma,2
48,177,90,77,38.5,,hypertension,2
39,132,75,61,39.0,,diabetes|hypertension,1
18,135,70,136,37.2,,hypertension|diabetes,2
28,165,83,88,38.5,,,0
60,175,93,128,38.4,breathlessness,diabetes|asthma,2
30,104,91,118,38.3,,hypertension|asthma,1
81,126,60,68,37.9,dizziness|chest pain,asthma,0
24,168,82,139,36.6,dizziness|breathlessness,hypertension,2
50,119,80,74,38.7,,asthma|hypertension,1
73,134,61,126,39.3,breathlessness,asthma|diabetes,2
40,103,91,80,39.9,dizziness,,1
88,171,93,105,37.9,chest pain,hypertension|asthma,2
67,164,72,101,36.9,,,1
84,120,105,103,36.4,,diabetes,1
35,181,88,61,38.4,chest pain,hypertension,2
39,161,101,131,37.9,fever,,2
90,122,98,134,36.2,,asthma|diabetes,2
84,182,69,100,37.0,breathlessness|dizziness,asthma,2
33,136,90,111,39.9,fever,hypertension,1
90,108,104,107,39.2,,asthma|diabetes,1
22,140,80,62,37.2,,hypertension,0
43,189,68,93,39.1,breathlessness,,2
74,113,69,77,38.3,dizziness|chest pain,diabetes|asthma,0
32,156,75,127,39.1,chest pain|breathlessness,asthma,2
39,113,85,112,36.2,chest pain|breathlessness,,1
56,109,63,79,39.3,chest pain|breathlessness,asthma,1
35,179,92,87,39.6,chest pain|breathlessness,,2
65,164,99,122,39.3,chest pain,hypertension,2
65,132,83,112,37.2,dizziness,hypertension|diabetes,1
35,124,97,94,37.9,fever,,0
21,101,90,76,37.0,,hypertension,0
35,131,106,75,37.9,breathlessness,asthma|hypertension,0
23,172,93,137,39.6,fever|breathlessness,hypertension|asthma,2
87,163,107,123,36.3,breathlessness|chest pain,asthma,2
65,106,86,113,39.6,,diabetes,1
78,134,71,125,37.1,fever|dizziness,hypertension|diabetes,2
82,126,84,115,39.5,chest pain,asthma,1
24,143,96,113,38.3,breathlessness|chest pain,asthma|hypertension,1
83,152,64,60,36.9,fever,asthma,0
87,114,99,112,38.4,,hypertension,1
66,158,96,95,38.8,chest pain|fever,,1
70,181,64,83,36.1,breathlessness,diabetes,2
58,124,105,62,39.1,,hypertension,1
86,153,83,109,39.1,,,1
63,152,65,94,37.4,fever|breathlessness,diabetes,0
87,158,64,62,37.8,,asthma,0
44,154,88,82,38.7,,asthma,1
70,174,109,86,36.0,,hypertension,2
35,108,76,123,37.3,,,2
69,129,60,76,39.8,,asthma|hypertension,1
63,149,88,92,37.9,breathlessness|fever,,0
45,173,77,90,37.2,chest pain,asthma,2
70,190,103,106,37.9,breathlessness,hypertension,2
30,184,77,73,36.3,,asthma,2
47,108,101,113,37.1,fever,,1
19,126,64,62,37.8,fever,asthma,0
51,165,85,66,39.4,chest pain,diabetes,1
81,160,80,124,36.5,chest pain,diabetes,2
41,190,81,85,36.7,,diabetes,2
81,151,62,111,39.3,chest pain,hypertension|diabetes,1
86,147,61,108,37.4,,asthma,1
21,133,70,124,39.7,fever,diabetes|hypertension,2
25,118,76,114,36.7,,,1
44,164,99,79,39.1,chest pain,hypertension|diabetes,1
85,165,82,81,39.4,fever|chest pain,hypertension,1
56,167,102,102,36.9,,,1
78,187,98,61,39.0,chest pain,diabetes|asthma,2
88,181,66,121,37.4,,,2
64,188,94,64,37.9,,,2
19,182,78,115,39.8,chest pain|dizziness,hypertension|asthma,2
31,156,69,117,39.2,,asthma,1
75,117,108,65,38.4,chest pain|fever,asthma,0
19,108,109,136,37.7,chest pain,,2
63,141,84,137,38.5,fever,diabetes,2
82,172,74,121,37.2,breathlessness|fever,,2
46,186,87,118,37.9,,,2
31,111,64,63,38.8,fever|breathlessness,hypertension,1
69,114,66,107,39.0,chest pain,,1
87,164,82,98,38.7,breathlessness|dizziness,,1
24,101,67,69,37.8,fever|dizziness,hypertension,0
61,172,110,89,37.0,dizziness|chest pain,diabetes,2
22,101,84,80,39.1,,diabetes,1
71,112,103,70,37.2,,diabetes|hypertension,0
85,149,70,125,38.5,breathlessness|chest pain,hypertension|diabetes,2
86,167,72,121,36.1,fever,,2
69,132,67,123,38.3,breathlessness|chest pain,asthma,2
62,167,65,85,36.9,breathlessness|fever,,0
59,163,93,114,38.2,fever,,1
18,127,104,106,37.6,breathlessness,diabetes,1
77,115,79,67,38.7,chest pain,,1
26,175,69,60,37.6,breathlessness|dizziness,asthma,2
89,121,100,81,37.2,fever|dizziness,hypertension|diabetes,0
25,111,74,131,37.1,breathlessness|dizziness,asthma|hypertension,2
76,105,62,64,38.8,breathlessness,diabetes|asthma,1
35,122,76,121,37.9,,diabetes|hypertension,2
36,120,74,73,37.5,chest pain,diabetes|hypertension,0
38,135,64,140,38.8,chest pain,,2
78,190,68,95,40.0,dizziness|chest pain,,2
23,175,106,98,37.4,,diabetes|hypertension,2
68,182,80,114,39.4,,asthma|hypertension,2
22,148,94,117,38.0,breathlessness,hypertension|asthma,1
19,106,91,62,37.2,fever|dizziness,asthma|hypertension,0
81,142,65,82,38.0,fever,,0
18,187,86,106,38.6,,,2
64,156,98,129,37.3,dizziness,hypertension,2
30,157,82,66,38.6,,,1
68,125,97,79,39.1,fever|chest pain,hypertension|asthma,1
25,187,95,72,39.3,dizziness|chest pain,,2
21,112,94,69,39.7,chest pain|dizziness,,1
54,135,71,99,38.4,dizziness|chest pain,asthma,0
34,152,66,71,38.0,,hypertension|asthma,0
28,100,89,134,36.5,dizziness,diabetes|hypertension,2
76,150,92,77,38.8,,asthma,1
68,138,81,77,37.3,dizziness|breathlessness,hypertension|asthma,0
35,173,99,86,36.9,dizziness,diabetes,2
28,118,91,128,39.5,breathlessness,,2
51,174,62,97,38.3,,diabetes,2
85,178,105,63,38.5,dizziness|fever,diabetes,2
34,189,110,117,38.3,fever|chest pain,hypertension,2
82,141,100,130,38.7,,,2
73,108,60,107,39.6,breathlessness,,1
24,155,61,86,36.5,,,0
30,143,69,68,37.0,breathlessness,diabetes|asthma,0
57,156,60,118,38.7,fever|breathlessness,,1
30,170,89,135,39.3,breathlessness,diabetes,2
27,190,95,63,37.6,fever|chest pain,,2
87,122,83,111,36.6,,hypertension|asthma,1
43,131,104,76,36.4,dizziness,hypertension,0
73,153,108,99,38.3,,diabetes|hypertension,0
84,179,91,131,36.5,,hypertension|diabetes,2
86,173,63,99,36.8,,hypertension|asthma,2
32,162,80,80,38.2,chest pain|dizziness,asthma,0
45,101,107,93,37.0,,hypertension|diabetes,0
84,108,87,99,38.9,breathlessness,hypertension|asthma,1
24,177,69,86,38.2,,,2
51,188,88,81,37.7,fever,diabetes,2
45,183,80,131,39.8,dizziness,asthma|diabetes,2
38,187,93,77,37.7,chest pain|dizziness,,2
43,181,75,78,36.5,chest pain|fever,asthma,2
49,126,101,85,36.9,chest pain|fever,,0
42,152,70,133,36.4,breathlessness,,2
26,183,84,139,38.9,breathlessness,asthma,2
76,177,60,80,39.1,,hypertension|diabetes,2
18,105,82,69,39.6,fever,hypertension|asthma,1
58,186,104,118,38.5,,hypertension,2
85,176,98,139,39.7,fever|breathlessness,hypertension,2
81,173,76,129,39.1,chest pain|fever,,2
50,171,70,118,36.1,dizziness,,2
61,130,63,92,39.6,dizziness|chest pain,hypertension|diabetes,1
81,109,73,100,38.0,,,0
78,158,61,113,38.0,,,1
70,133,109,108,37.4,chest pain,,1
42,140,107,118,38.3,,diabetes|hypertension,1
31,158,92,105,36.4,fever|breathlessness,diabetes,1
86,144,76,92,36.1,breathlessness,hypertension|diabetes,0
40,147,88,78,36.2,breathlessness|fever,hypertension|asthma,0
84,107,60,66,38.4,fever|breathlessness,diabetes|hypertension,0
88,105,84,124,38.6,,asthma,2
85,129,109,71,38.5,,hypertension|diabetes,0
69,134,95,120,37.9,dizziness,diabetes|hypertension,1
22,164,100,115,39.1,,hypertension|asthma,1
32,186,82,66,39.1,,hypertension,2
52,114,104,102,39.5,fever|dizziness,asthma,1
55,137,94,100,37.7,fever,asthma|diabetes,0
90,169,60,140,38.2,chest pain|fever,,2
54,137,82,128,36.8,breathlessness|dizziness,,2
64,145,66,108,38.9,breathlessness,,1
38,183,110,65,36.8,,,2
58,111,70,92,37.6,fever|breathlessness,hypertension|asthma,0
36,186,88,83,37.0,,,2
57,134,66,83,38.0,,diabetes,0
82,161,92,65,36.5,dizziness,asthma|diabetes,0
39,155,74,110,37.1,,hypertension,1
72,146,106,79,37.4,chest pain,hypertension|asthma,0
36,107,90,67,38.0,dizziness,diabetes,0
79,147,73,106,36.8,breathlessness,hypertension|asthma,1
18,175,89,100,38.6,,hypertension,2
60,169,64,76,39.9,,hypertension,1
71,156,103,101,37.0,chest pain,diabetes,1
58,124,62,117,38.9,fever,,1
33,139,74,104,36.5,dizziness|chest pain,hypertension,1
43,184,107,128,36.7,dizziness,diabetes,2
58,141,93,138,39.0,fever,asthma,2
52,176,96,102,37.7,chest pain|fever,hypertension,2
76,151,92,117,36.7,chest pain|dizziness,hypertension|asthma,1
47,162,88,129,39.1,dizziness|breathlessness,diabetes|hypertension,2
21,172,67,108,37.0,breathlessness,diabetes,2
80,106,73,137,39.2,chest pain|dizziness,,2
64,155,82,96,36.2,,diabetes|hypertension,0
66,180,102,65,36.2,fever,,2
34,133,75,96,36.7,fever,hypertension|asthma,0
27,124,99,114,39.5,breathlessness,diabetes,1
37,161,85,116,36.9,fever|dizziness,hypertension,1
45,153,105,123,36.7,,diabetes,2
23,172,79,126,37.3,,diabetes|hypertension,2
77,123,89,82,37.4,fever,,0
69,167,102,74,36.0,breathlessness|chest pain,hypertension|diabetes,0
67,173,79,130,37.5,,asthma,2
72,124,91,86,40.0,chest pain,asthma|diabetes,1
84,164,75,100,37.1,fever,diabetes,0
49,135,100,90,37.7,,hypertension,0
52,151,107,92,36.9,,,0
84,174,108,111,37.7,chest pain|dizziness,hypertension,2
67,157,96,103,36.3,,diabetes,1
22,136,61,124,37.0,dizziness,asthma|hypertension,2
28,113,92,135,36.3,fever,hypertension|diabetes,2
21,125,95,115,36.3,,hypertension|diabetes,1
38,182,75,76,39.5,breathlessness|dizziness,asthma,2
48,130,92,95,37.8,dizziness|chest pain,diabetes,0
70,172,78,117,38.0,breathlessness,,2
28,106,70,74,36.1,,diabetes|asthma,0
70,132,63,65,37.3,dizziness,hypertension|diabetes,0
26,156,106,99,39.0,fever|chest pain,hypertension|asthma,1
85,163,74,133,38.0,dizziness|breathlessness,asthma|hypertension,2
52,188,63,65,36.0,fever|chest pain,,2
55,141,109,82,37.8,chest pain|fever,,0
81,112,108,107,39.2,,diabetes,1
19,157,69,91,37.6,dizziness,diabetes|hypertension,0
37,177,75,87,37.6,,,2
40,189,83,135,37.2,fever,asthma,2
26,145,65,132,37.1,,,2
44,151,85,136,38.0,dizziness,,2
82,134,84,112,39.8,breathlessness|fever,asthma|diabetes,1
18,183,103,72,39.6,chest pain|breathlessness,,2
51,141,63,77,40.0,,,1
40,147,99,88,38.8,,asthma,1
62,145,80,126,36.2,fever,asthma|hypertension,2
57,125,77,75,36.3,,,0
73,118,95,78,37.9,,asthma,0
37,106,95,83,39.1,breathlessness,,1
40,138,73,107,38.5,chest pain|fever,,1
47,146,71,83,38.0,chest pain,diabetes|hypertension,0
46,169,66,95,39.0,chest pain|fever,,1
50,187,68,61,39.1,dizziness|chest pain,,2
20,158,103,136,39.6,,hypertension,2
52,138,75,114,36.4,,diabetes|hypertension,1
48,159,92,62,39.8,fever|chest pain,asthma|diabetes,1
76,105,79,104,36.3,,asthma,1
85,102,106,99,40.0,dizziness,diabetes,1
88,131,80,71,37.5,breathlessness|chest pain,,0
57,145,98,81,36.3,fever|chest pain,diabetes,0
78,140,68,78,39.8,,,1
83,169,102,72,38.9,breathlessness|dizziness,,1
23,172,60,140,37.0,chest pain|fever,diabetes|asthma,2
80,140,66,140,39.1,fever,hypertension|diabetes,2
29,158,110,131,37.6,chest pain|dizziness,asthma,2
28,151,76,89,38.1,fever|dizziness,diabetes,0
49,129,74,89,37.9,chest pain,hypertension|asthma,0
42,185,99,126,38.0,,,2
80,133,91,64,37.4,,asthma,0
23,170,60,128,38.9,,hypertension,2
87,187,62,102,37.0,fever|breathlessness,asthma,2
32,148,90,112,39.6,fever|dizziness,,1
38,134,78,93,37.7,,hypertension|asthma,0
18,154,101,76,39.2,chest pain,diabetes,1
51,159,83,111,37.3,fever|breathlessness,asthma,1
23,190,68,68,37.9,breathlessness|fever,hypertension|diabetes,2
26,142,77,96,39.3,fever,,1
24,170,82,97,38.1,breathlessness|chest pain,,0
88,115,62,109,39.2,,asthma|hypertension,1
37,114,68,73,38.7,breathlessness,hypertension,1
34,176,62,117,39.0,,,2
73,125,106,70,37.0,dizziness|breathlessness,asthma,0
25,128,79,138,38.9,chest pain|breathlessness,hypertension,2
82,108,95,83,38.9,breathlessness,,1
49,186,98,64,38.2,chest pain,asthma,2
81,181,109,99,38.4,dizziness|fever,asthma,2
35,119,91,112,39.7,fever,hypertension|diabetes,1
83,105,95,133,37.3,breathlessness|fever,diabetes,2
86,166,99,87,38.1,,asthma|hypertension,0
40,170,81,84,38.3,dizziness,diabetes,0
44,140,108,97,36.5,chest pain,,0
70,157,104,113,36.2,breathlessness,diabetes,1
81,108,110,135,37.0,breathlessness,diabetes,2
42,150,100,81,36.1,fever|dizziness,diabetes|hypertension,0
66,104,97,79,39.2,chest pain|dizziness,hypertension|diabetes,1
61,170,83,65,36.8,,diabetes,0
46,168,103,95,38.9,,,1
64,174,63,61,39.5,,,2
86,101,69,61,38.1,fever|dizziness,hypertension|asthma,0
70,167,70,121,38.9,fever,,2
65,170,73,94,37.3,fever,,0
32,128,101,71,38.1,dizziness,,0
30,177,88,105,38.7,,,2
58,103,101,125,38.8,fever|breathlessness,asthma|hypertension,2
51,125,92,81,36.5,fever|chest pain,diabetes,0
63,154,108,67,37.6,fever,hypertension,0
49,131,62,138,40.0,fever|chest pain,diabetes,2
45,109,81,113,37.5,dizziness,diabetes,1
81,120,93,62,36.2,fever,,0
70,107,73,84,38.6,chest pain|breathlessness,,1
46,130,81,61,37.9,,hypertension|diabetes,0
69,174,78,121,36.2,chest pain,hypertension|asthma,2
43,166,110,89,39.5,fever,hypertension,1
21,164,84,125,37.3,dizziness,hypertension,2
57,190,66,82,37.6,,,2
85,176,97,110,38.5,,asthma|diabetes,2
80,186,71,79,37.3,,diabetes,2
54,167,60,124,38.0,,hypertension|asthma,2
80,171,79,114,37.2,,asthma|diabetes,2
76,176,101,111,37.4,dizziness|chest pain,,2
62,100,70,93,36.9,,asthma|hypertension,0
57,185,83,110,37.4,,,2
37,111,108,102,39.1,breathlessness,asthma|diabetes,1
69,159,100,75,38.9,fever,asthma|hypertension,1
21,109,93,70,38.7,,hypertension|diabetes,1
49,174,67,140,37.4,dizziness,,2
65,136,109,132,36.4,fever|breathlessness,hypertension,2
23,148,98,91,38.2,fever,diabetes,0
90,101,70,112,36.8,,,1
32,103,75,64,38.9,breathlessness,hypertension|asthma,1
46,159,69,136,40.0,chest pain,,2
25,103,110,121,39.4,,,2
47,172,89,127,38.1,chest pain,hypertension,2
35,137,91,132,39.3,breathlessness|chest pain,diabetes,2
50,106,88,112,39.5,,,1
22,112,70,101,40.0,dizziness|breathlessness,,1
29,142,77,132,37.5,,asthma|diabetes,2
22,175,89,138,39.3,,diabetes,2
38,134,60,112,36.3,,diabetes,1
51,105,66,90,39.5,,asthma,1
57,117,64,74,39.2,dizziness|breathlessness,asthma,1
21,118,96,109,38.9,chest pain|breathlessness,,1
48,189,65,126,39.4,fever|breathlessness,,2
90,156,60,96,36.9,chest pain,asthma|hypertension,0
23,159,110,96,38.8,breathlessness,diabetes|hypertension,1
60,150,85,127,38.5,breathlessness|fever,diabetes|hypertension,2
54,154,98,123,38.6,breathlessness,hypertension|asthma,2
77,109,79,73,39.2,chest pain|dizziness,diabetes|hypertension,1
74,122,96,81,39.1,fever|breathlessness,diabetes|asthma,1
40,121,73,77,38.3,chest pain,,0
35,109,96,116,37.6,fever,,1
32,179,92,131,37.8,breathlessness,hypertension|diabetes,2
55,183,98,81,38.1,,,2
57,132,92,136,38.9,chest pain,,2
83,103,108,98,39.2,,hypertension,1
46,163,92,123,38.7,chest pain|breathlessness,diabetes|hypertension,2
81,151,92,100,38.2,dizziness|chest pain,hypertension,0
30,149,62,138,37.2,dizziness,,2
51,178,78,139,36.1,,asthma,2
72,176,101,113,39.5,,asthma,2
26,170,93,78,39.2,chest pain|dizziness,,1
37,170,68,94,39.4,breathlessness|fever,,1
30,171,63,119,38.6,fever|breathlessness,hypertension,2
26,101,110,128,37.4,fever,asthma,2
34,105,61,119,39.5,chest pain,,1
37,120,100,100,38.3,chest pain|breathlessness,hypertension,0
45,157,104,105,38.7,breathlessness,hypertension|asthma,1
78,127,67,84,38.0,chest pain|dizziness,,0
52,152,90,108,38.3,fever|chest pain,,1
63,103,105,103,37.8,chest pain|dizziness,,1
48,100,82,112,39.2,,diabetes|hypertension,1
82,140,71,129,37.7,fever,hypertension|diabetes,2
66,125,105,83,39.2,,hypertension,1
42,164,98,65,36.8,breathlessness|dizziness,hypertension,0
38,105,86,139,36.6,breathlessness|dizziness,asthma,2
71,179,60,73,37.0,fever,asthma,2
53,129,89,79,38.5,dizziness|fever,diabetes,0
81,152,63,130,39.5,fever|breathlessness,diabetes|asthma,2
82,169,66,120,38.6,dizziness|breathlessness,,1
43,177,108,123,39.2,dizziness,diabetes,2
24,154,95,88,36.7,chest pain,asthma,0
60,159,61,105,37.6,chest pain,hypertension,1
61,110,80,125,39.5,breathlessness|dizziness,diabetes|asthma,2
80,138,86,100,39.2,,diabetes,1
32,111,109,104,37.4,fever,,1
82,152,107,76,39.5,,diabetes,1
68,164,64,140,36.9,chest pain,hypertension|diabetes,2
73,117,99,139,37.3,,asthma,2
42,135,74,108,36.8,breathlessness|chest pain,asthma,1
66,159,102,70,38.0,,,0
49,153,74,71,36.6,chest pain,asthma,0
41,175,89,120,37.9,fever|chest pain,,2
23,144,97,79,38.7,chest pain|fever,hypertension,1
27,170,82,68,36.5,fever|breathlessness,hypertension,0
55,127,68,116,36.6,,diabetes|asthma,1
26,133,94,73,36.2,chest pain,diabetes|hypertension,0
79,190,90,106,39.1,chest pain,diabetes|asthma,2
59,158,99,60,36.4,chest pain,diabetes|asthma,0
28,181,103,84,36.7,chest pain|breathlessness,,2
77,139,76,101,39.6,,hypertension,1
46,135,107,65,38.8,breathlessness,asthma|hypertension,1
89,109,66,121,36.9,,,2
21,141,63,133,38.2,chest pain,asthma,2
22,174,75,129,36.5,,hypertension|diabetes,2
81,176,71,129,39.7,breathlessness,,2
54,148,96,112,36.6,dizziness|breathlessness,asthma,1
56,105,63,67,38.4,chest pain|breathlessness,asthma,0
32,179,60,99,36.3,,hypertension|asthma,2
44,159,72,113,39.9,fever|breathlessness,asthma,1
61,176,92,139,39.2,,hypertension|asthma,2
58,181,91,65,37.1,chest pain,,2
23,153,101,134,36.8,breathlessness|dizziness,,2
53,115,100,88,39.8,fever|chest pain,,1
79,149,73,128,39.2,,hypertension|diabetes,2
83,190,92,107,38.5,,asthma|diabetes,2
42,181,91,123,36.1,breathlessness,diabetes,2
75,176,82,61,37.3,,,2
42,124,93,113,37.1,breathlessness,diabetes|hypertension,1
35,105,61,124,36.0,dizziness|chest pain,diabetes,2
41,176,72,107,38.9,chest pain,diabetes|hypertension,2
41,142,80,83,38.2,,asthma,0
68,176,91,118,37.1,dizziness,,2
27,108,95,83,38.7,,asthma|diabetes,1
62,115,107,80,39.5,dizziness,diabetes|asthma,1
69,177,67,106,39.6,breathlessness|chest pain,diabetes|hypertension,2
67,143,108,73,36.2,breathlessness,asthma,0
37,176,72,103,38.5,,hypertension,2
58,149,75,131,38.3,chest pain|breathlessness,asthma|diabetes,2
59,113,100,125,38.3,,,2
24,109,108,76,38.7,,,1
58,149,76,91,38.6,dizziness,,1
57,137,89,114,39.7,,,1
69,188,106,112,39.4,fever|dizziness,asthma,2
86,145,65,108,37.5,chest pain|dizziness,hypertension,1
44,159,62,74,38.1,chest pain|fever,,0
55,120,90,118,37.4,breathlessness,,1
84,127,66,64,39.1,,hypertension|diabetes,1
35,167,86,72,39.2,breathlessness|fever,diabetes|asthma,1
38,110,110,101,36.1,,diabetes,1
86,130,75,89,36.8,chest pain|fever,,0
64,179,107,137,39.7,,hypertension,2
68,138,110,82,36.4,chest pain|breathlessness,,0
68,168,101,74,36.3,breathlessness,,0
35,131,68,137,36.0,breathlessness|dizziness,diabetes|asthma,2
18,174,107,116,39.7,,,2
46,111,75,108,38.7,,asthma,1
40,126,89,61,37.0,,hypertension|asthma,0
42,113,103,129,37.4,breathlessness,,2
79,159,68,116,36.7,,asthma,1
60,190,104,96,37.1,,diabetes|hypertension,2
59,144,85,121,36.7,,,2
56,155,83,117,36.2,,,1
70,175,60,138,38.4,,asthma,2
18,184,95,118,37.2,,diabetes,2
38,108,95,117,37.1,,diabetes,1
24,140,69,68,36.5,,,0
53,129,62,71,38.3,breathlessness|chest pain,diabetes|asthma,0
69,101,93,103,39.7,,asthma|diabetes,1
24,126,83,72,38.9,breathlessness,,1
39,103,109,92,36.5,chest pain,diabetes|asthma,0
49,156,62,62,38.4,chest pain|dizziness,diabetes|asthma,0
64,114,94,91,36.1,dizziness|fever,,0
89,121,81,82,39.1,fever|chest pain,hypertension,1
39,144,84,66,38.7,dizziness,hypertension,1
41,130,89,111,37.4,dizziness,diabetes|asthma,1
62,165,100,85,39.6,chest pain|breathlessness,,1
55,145,66,60,37.2,,,0
75,104,69,85,36.2,,,0
50,105,90,132,39.9,fever|dizziness,,2
43,136,99,73,37.1,,hypertension,0
34,102,77,137,38.0,,diabetes|hypertension,2
34,148,74,100,38.5,fever|dizziness,,0
76,168,69,119,36.7,,asthma,1
60,175,76,137,37.8,,diabetes,2
43,104,110,85,39.2,chest pain,diabetes|hypertension,1
76,188,74,133,36.1,chest pain|fever,hypertension|asthma,2
61,111,74,135,37.7,breathlessness|dizziness,diabetes,2
23,122,74,93,38.1,chest pain,diabetes|asthma,0
47,172,107,134,37.8,breathlessness,,2
81,160,110,91,37.9,,hypertension,0
46,179,95,111,37.5,,asthma|hypertension,2
78,113,64,68,36.8,,hypertension,0
45,184,79,78,39.0,fever,asthma,2
37,180,106,103,37.3,dizziness,hypertension|asthma,2
22,174,61,74,38.0,,,2
24,103,60,78,39.8,,asthma,1
38,131,101,127,38.1,chest pain|fever,,2
81,111,71,80,38.8,fever|breathlessness,diabetes|hypertension,1
20,115,107,109,37.6,,hypertension|diabetes,1
44,100,94,83,39.7,breathlessness,,1
35,122,78,121,37.6,fever|chest pain,asthma|diabetes,2
89,123,60,95,37.2,fever|chest pain,diabetes|hypertension,0
72,137,109,104,39.0,fever|chest pain,,1
84,135,80,61,38.3,,asthma|diabetes,0
80,113,89,99,36.4,dizziness,,0
64,156,100,65,38.7,dizziness|chest pain,asthma|hypertension,1
63,178,81,101,39.5,,,2
31,123,85,122,38.3,breathlessness|fever,asthma|hypertension,2
89,102,72,63,39.2,chest pain|fever,,1
84,174,75,67,38.2,breathlessness|fever,diabetes|asthma,2
73,158,95,63,38.3,fever,,0
49,178,75,73,37.2,breathlessness,asthma|diabetes,2
54,132,103,110,37.1,chest pain|dizziness,hypertension,1
86,126,72,111,38.2,breathlessness|dizziness,diabetes,1
64,104,78,76,39.4,dizziness,hypertension,1
54,100,103,60,38.7,fever,,1
87,190,109,81,37.0,,hypertension,2
61,133,88,115,39.5,,diabetes,1
25,152,83,139,36.3,,,2
30,138,73,88,38.3,fever,,0
84,148,70,139,38.8,chest pain,diabetes,2
74,174,100,72,37.2,breathlessness,asthma,2
64,186,103,65,37.1,breathlessness,,2
52,105,99,112,36.7,chest pain,diabetes|asthma,1
72,145,88,61,39.5,dizziness,diabetes|asthma,1
20,189,81,78,36.6,chest pain,hypertension|asthma,2
53,187,89,139,39.6,breathlessness,hypertension,2
83,122,96,98,36.0,chest pain,asthma|hypertension,0
19,180,94,136,39.1,fever,,2
50,182,90,87,38.8,fever|dizziness,hypertension|asthma,2
22,129,81,101,36.6,dizziness|breathlessness,diabetes,1
37,172,97,119,38.4,fever,hypertension|diabetes,2
23,166,80,95,38.6,dizziness|fever,hypertension,1
45,114,86,77,37.2,fever|chest pain,,0
52,170,100,133,37.1,,diabetes|hypertension,2
31,130,107,74,37.8,fever|breathlessness,,0
67,120,78,88,39.9,fever,,1
62,142,90,72,37.4,breathlessness|dizziness,diabetes,0
45,184,74,69,38.0,fever|chest pain,hypertension|diabetes,2
62,173,77,61,36.4,chest pain,hypertension,2
84,125,89,127,39.5,fever|chest pain,diabetes|asthma,2
40,147,104,105,36.2,fever,asthma,1
49,147,79,70,36.6,fever,asthma|hypertension,0
88,119,88,92,38.3,,hypertension|asthma,0
90,143,68,112,38.8,breathlessness,diabetes|hypertension,1
60,114,109,64,37.3,dizziness|breathlessness,asthma,0
40,145,98,75,36.9,chest pain|dizziness,,0
53,154,91,94,37.3,,asthma,0
63,172,83,109,36.5,dizziness,asthma,2
58,115,89,101,37.1,breathlessness|chest pain,hypertension|diabetes,1
76,138,62,125,38.2,,hypertension,2
83,165,62,63,39.7,dizziness,diabetes|hypertension,1
50,152,110,122,38.4,,diabetes|asthma,2
36,130,65,79,37.1,,diabetes|asthma,0
20,137,61,63,38.4,,,0
45,132,101,86,36.2,fever,asthma|hypertension,0
53,155,78,88,39.7,,,1
67,168,100,129,36.7,breathlessness,hypertension|asthma,2
68,132,82,112,39.5,,asthma,1
37,133,99,61,37.4,fever,,0
24,150,67,108,37.5,chest pain,,1
42,158,96,140,38.4,dizziness,hypertension,2
72,153,101,106,36.3,fever,asthma|hypertension,1
28,131,101,82,36.2,fever|dizziness,diabetes|asthma,0
23,152,65,75,39.2,breathlessness|chest pain,,1
41,153,97,81,39.0,breathlessness,asthma,1
51,179,83,105,37.0,fever,hypertension|diabetes,2
56,120,60,123,38.4,breathlessness,,2
51,118,104,120,38.1,,asthma,1
70,112,73,108,39.6,breathlessness|fever,asthma,1
57,146,95,90,39.9,,diabetes,1
33,128,73,74,36.4,breathlessness,hypertension,0
63,182,65,77,38.0,,hypertension|asthma,2
47,112,103,98,39.2,chest pain,,1
41,101,82,123,39.7,,hypertension|asthma,2
37,154,67,81,39.4,breathlessness,hypertension|diabetes,1
48,130,73,102,39.1,chest pain|fever,diabetes|hypertension,1
62,116,105,107,38.6,fever|dizziness,asthma,1
18,129,110,71,36.8,breathlessness|chest pain,asthma|diabetes,0
83,130,100,74,39.4,chest pain|dizziness,,1
41,189,105,111,38.1,fever|breathlessness,,2
83,167,80,72,36.6,breathlessness,,0
40,158,94,138,36.7,,,2
76,167,102,110,39.9,,,1
72,148,97,140,36.5,,hypertension|diabetes,2
25,109,107,101,39.6,dizziness,,1
53,148,86,132,37.3,,diabetes,2
43,114,96,90,37.8,dizziness,diabetes,0
49,132,62,104,38.3,fever|dizziness,diabetes|asthma,1
29,144,74,131,37.0,,,2
55,154,104,74,39.8,chest pain,,1
44,184,78,124,37.2,chest pain|fever,asthma|hypertension,2
54,104,89,93,37.9,,,0
82,166,94,79,38.7,fever,diabetes,1
84,159,103,65,38.0,,,0
54,109,99,132,39.4,fever|breathlessness,asthma,2
57,183,75,70,37.6,fever|chest pain,asthma|hypertension,2
61,185,76,88,37.7,,asthma|diabetes,2
25,190,90,78,37.3,,diabetes,2
26,189,86,135,37.3,dizziness,diabetes|asthma,2
50,168,71,134,38.7,dizziness,,2
44,143,62,115,36.4,chest pain|fever,,1
55,101,85,117,37.5,breathlessness|dizziness,,1
54,169,110,88,37.0,,asthma,0
19,152,99,131,37.2,chest pain,,2
19,107,67,130,36.6,,,2
32,115,103,120,37.6,,diabetes,1
85,177,91,119,37.5,dizziness|chest pain,diabetes|asthma,2
81,128,71,78,36.6,dizziness,asthma,0
46,108,83,112,38.6,,asthma,1
85,162,65,109,37.1,chest pain|breathlessness,,1
85,122,94,109,38.1,fever,asthma,1
22,147,70,71,38.4,dizziness|fever,,0
52,139,82,129,39.9,fever,diabetes,2
71,152,60,74,38.6,dizziness|chest pain,asthma,1
52,129,105,79,36.8,fever,asthma,0
18,143,90,61,39.4,dizziness,,1
35,114,97,101,36.8,chest pain,hypertension|asthma,1
55,185,102,89,37.4,fever,,2
78,104,83,79,36.4,,asthma|diabetes,0
61,161,97,87,39.5,breathlessness|chest pain,,1
45,102,106,68,36.4,dizziness,asthma|hypertension,0
23,133,66,116,38.7,,,1
84,149,104,122,37.9,breathlessness,diabetes,2
72,184,81,129,39.3,chest pain|fever,,2
49,120,70,130,36.5,breathlessness,asthma|hypertension,2
62,111,100,125,37.0,,diabetes|hypertension,2
80,102,68,90,38.3,fever|breathlessness,,0
42,185,85,134,39.5,fever|chest pain,,2
90,151,102,71,39.0,,diabetes|hypertension,1
40,171,106,131,39.4,fever,diabetes|asthma,2
25,165,73,134,38.6,fever|chest pain,,2
86,171,106,114,37.4,,asthma|hypertension,2
83,160,93,102,36.1,breathlessness|chest pain,hypertension|diabetes,1
26,125,75,117,39.2,dizziness,asthma,1
90,166,78,131,37.2,chest pain,diabetes|hypertension,2
25,153,93,73,39.0,,,1
81,115,101,132,37.8,,,2
47,158,65,69,36.7,,hypertension,0
84,124,82,65,38.9,dizziness|chest pain,,1
67,123,89,70,38.3,,hypertension,0
47,181,75,134,39.8,fever,hypertension,2
32,125,86,86,39.0,fever,asthma|diabetes,1
71,152,94,83,37.8,breathlessness,hypertension,0
62,179,97,127,36.9,,diabetes,2
79,134,64,95,39.2,dizziness,asthma,1
70,133,105,89,37.2,,diabetes,0
36,179,107,67,39.6,,diabetes,2
72,152,69,139,38.1,dizziness|breathlessness,asthma|hypertension,2
90,136,97,109,39.6,breathlessness|chest pain,asthma|diabetes,1
89,188,70,61,39.6,chest pain,,2
27,148,62,67,36.7,breathlessness|dizziness,hypertension|diabetes,0
82,146,86,113,39.8,breathlessness|chest pain,hypertension,1
89,186,84,85,39.4,,diabetes,2
90,155,66,82,37.5,chest pain|breathlessness,asthma|diabetes,0
75,149,103,82,39.2,,,1
45,159,74,136,37.0,breathlessness|chest pain,,2
49,106,80,90,38.4,breathlessness,hypertension,0
28,106,78,137,39.3,breathlessness|fever,asthma|diabetes,2
67,147,104,108,37.6,breathlessness|chest pain,hypertension,1
50,134,72,137,36.3,breathlessness|chest pain,,2
57,162,76,102,36.6,chest pain|dizziness,diabetes|asthma,1
43,143,91,125,38.1,,hypertension,2
80,188,82,135,36.3,breathlessness,diabetes,2
60,152,71,85,36.5,dizziness|breathlessness,hypertension,0
36,146,90,72,37.3,dizziness|chest pain,,0
71,102,83,60,37.0,,diabetes,0
61,103,100,74,39.4,dizziness,,1
90,141,71,108,38.1,dizziness|fever,,1
68,124,79,96,39.1,chest pain,hypertension,1
39,148,99,76,38.4,,asthma|diabetes,0
50,160,72,126,39.6,dizziness,,2
23,133,73,84,39.3,,diabetes,1
18,164,78,95,36.6,dizziness|breathlessness,diabetes|asthma,0
70,169,103,62,38.4,,,0
79,152,67,74,36.7,dizziness,,0
81,173,83,95,36.1,,hypertension|diabetes,2
75,138,78,62,37.1,,diabetes|hypertension,0
52,173,64,102,37.7,chest pain|breathlessness,asthma,2
81,122,66,111,37.6,breathlessness,hypertension,1
37,155,75,86,38.0,chest pain,hypertension|asthma,0
31,110,79,89,37.0,,asthma,0
34,188,95,113,37.1,dizziness,diabetes|hypertension,2
71,134,107,114,38.9,,,1
79,124,61,94,36.4,,hypertension|asthma,0
49,140,73,72,36.6,,diabetes,0
23,156,66,94,36.8,dizziness|fever,diabetes|asthma,0
36,100,95,110,38.7,chest pain,diabetes|hypertension,1
20,166,73,133,39.5,dizziness,,2
21,137,93,115,38.1,,,1
49,173,75,65,38.0,breathlessness|dizziness,diabetes|hypertension,2
75,127,83,72,37.3,dizziness,diabetes|asthma,0
85,115,98,136,39.3,chest pain,hypertension|asthma,2
19,179,73,73,39.0,dizziness,asthma,2
21,104,110,126,39.0,,diabetes|asthma,2
31,152,80,95,39.6,,hypertension|asthma,1
84,164,79,105,36.7,chest pain|fever,asthma,1
71,185,87,85,38.4,dizziness,,2
77,174,72,137,39.3,dizziness|chest pain,hypertension|diabetes,2
54,106,97,126,36.8,fever|chest pain,diabetes|asthma,2
69,104,66,120,38.0,chest pain|fever,,1
56,166,73,76,36.0,dizziness|fever,diabetes|asthma,0
79,109,63,129,38.7,dizziness,diabetes|asthma,2
20,105,80,61,39.0,dizziness|breathlessness,hypertension,1
18,136,100,113,37.9,,hypertension|asthma,1
74,184,106,109,38.6,,diabetes|hypertension,2
44,162,81,102,36.9,dizziness,asthma|hypertension,1
50,138,97,107,37.7,chest pain|breathlessness,,1
83,154,85,95,38.7,fever|dizziness,hypertension|diabetes,1
27,174,104,88,36.3,breathlessness|dizziness,diabetes,2
48,137,67,93,38.7,chest pain|fever,hypertension|asthma,1
44,185,78,128,36.2,,,2
67,107,107,97,39.5,fever|chest pain,asthma,1
51,152,83,128,36.4,,diabetes,2
60,165,97,71,38.7,,,1
41,189,109,100,37.4,fever,,2
47,187,82,138,36.7,fever,diabetes|hypertension,2
51,172,95,80,39.6,breathlessness,asthma,2
61,166,98,102,38.0,fever|breathlessness,hypertension|asthma,1
33,151,65,81,37.6,breathlessness|dizziness,,0
84,146,104,106,36.2,chest pain|fever,diabetes,1
74,182,64,92,36.9,fever|dizziness,,2
50,124,97,108,39.2,dizziness,,1
38,174,110,92,37.8,chest pain,diabetes|hypertension,2
68,166,66,83,38.3,,diabetes,0
55,154,78,111,38.3,fever|breathlessness,,1
65,115,62,70,39.9,dizziness,asthma|diabetes,1
88,156,84,103,36.4,,,1
34,117,76,60,38.0,,,0
64,116,76,140,38.8,chest pain,asthma,2
78,173,100,118,38.3,breathlessness|chest pain,asthma|hypertension,2
20,183,70,82,36.1,breathlessness,,2
73,145,62,63,37.4,,diabetes,0
45,128,62,121,39.8,breathlessness|chest pain,,2
21,152,106,87,38.6,fever,diabetes|hypertension,1
76,144,104,89,39.4,dizziness|breathlessness,hypertension,1
71,122,76,68,36.7,,hypertension,0
62,101,89,94,36.9,,,0
41,151,76,103,39.7,breathlessness|fever,asthma|hypertension,1
31,124,91,83,36.8,,,0
46,116,70,115,39.4,fever|chest pain,diabetes,1
85,145,89,122,38.3,breathlessness,,2
18,105,98,104,36.1,dizziness,diabetes,1
21,105,65,112,37.2,,,1
53,162,107,122,39.1,chest pain,asthma|hypertension,2
68,172,99,80,37.0,fever,diabetes,2
66,148,80,100,39.2,fever,,1
26,118,110,65,38.9,dizziness|fever,diabetes|asthma,1
29,104,106,95,36.6,breathlessness|dizziness,,0
53,180,98,87,39.6,fever,hypertension|asthma,2
60,169,61,132,36.8,fever,,2
41,183,103,116,39.4,dizziness|chest pain,hypertension,2
53,187,101,77,38.6,dizziness,,2
71,135,91,93,38.5,fever|chest pain,,0
21,189,70,109,38.8,fever|chest pain,,2
28,120,83,90,39.8,,hypertension|diabetes,1
88,102,64,95,37.0,chest pain|dizziness,diabetes,0
86,123,81,75,36.7,,hypertension,0
82,170,88,132,39.6,fever,diabetes,2
41,167,110,95,39.2,fever|chest pain,,1
63,182,99,97,38.9,chest pain|breathlessness,hypertension|asthma,2
50,134,73,86,38.0,,asthma|hypertension,0
85,159,92,64,36.2,chest pain|fever,hypertension|diabetes,0
66,163,88,138,36.9,,diabetes,2
51,171,105,71,36.7,,,2
26,111,96,110,37.7,,diabetes|asthma,1
34,129,90,131,36.5,breathlessness,asthma|hypertension,2
81,187,73,79,37.7,,hypertension,2
74,180,110,76,36.5,breathlessness|dizziness,hypertension,2
50,190,89,86,38.9,dizziness|fever,diabetes|asthma,2
72,128,84,63,37.8,,,0
70,142,108,108,39.1,dizziness|fever,hypertension|diabetes,1
20,129,91,78,37.1,,hypertension,0
64,185,64,103,36.5,,hypertension,2
50,120,109,126,38.4,dizziness|fever,asthma,2
50,115,97,130,36.7,breathlessness,diabetes,2
22,142,100,97,36.4,,diabetes|hypertension,0
88,165,70,131,36.7,,hypertension,2
23,116,68,135,37.3,,diabetes,2
82,163,105,97,38.8,,hypertension,1
18,151,70,107,39.9,fever,asthma|diabetes,1
64,100,73,126,39.7,dizziness,,2
61,174,64,110,39.3,,diabetes,2
29,174,108,129,38.1,dizziness,asthma,2
72,118,97,113,38.9,,,1
39,134,74,101,37.1,breathlessness,,1
58,117,62,69,36.3,breathlessness|chest pain,asthma|diabetes,0
83,104,86,60,38.2,breathlessness,,0
37,161,104,84,36.8,,hypertension|diabetes,0
33,158,80,80,38.3,dizziness,asthma,0
49,135,98,139,38.3,,asthma,2
31,109,104,135,36.3,fever|breathlessness,asthma|hypertension,2
75,176,85,127,39.8,chest pain,,2
62,122,74,73,37.1,,diabetes|asthma,0
82,156,87,106,36.7,,hypertension,1
71,186,72,62,36.8,dizziness|breathlessness,diabetes|hypertension,2
47,111,86,88,39.2,,asthma,1
43,182,110,75,39.0,dizziness|chest pain,,2
44,166,107,128,36.8,breathlessness,hypertension,2
55,181,80,63,36.1,chest pain,hypertension,2
25,168,66,76,39.3,fever|dizziness,diabetes|asthma,1
87,118,66,74,38.9,fever,diabetes,1
76,108,93,112,37.4,breathlessness,diabetes|hypertension,1
52,107,86,107,39.2,breathlessness|chest pain,,1
76,177,86,110,39.8,,asthma,2
71,187,93,132,39.2,,asthma|diabetes,2
70,123,104,115,36.2,,,1
77,142,81,85,37.4,breathlessness,,0
74,139,100,132,36.9,dizziness|fever,,2
40,114,71,112,36.4,fever|breathlessness,asthma,1
88,110,76,129,39.4,fever,,2
45,178,101,73,37.4,dizziness,diabetes,2
51,137,68,81,36.0,,hypertension,0
48,122,104,126,36.7,,diabetes,2
84,136,100,80,36.8,,asthma,0
89,134,92,60,39.8,chest pain|breathlessness,diabetes|hypertension,1
61,137,76,132,37.9,chest pain,diabetes|asthma,2
46,190,82,106,36.5,,,2
33,165,106,97,39.6,dizziness,diabetes,1
73,102,104,106,37.4,fever|dizziness,,1
60,162,65,73,38.6,,diabetes|hypertension,1
81,107,94,82,38.4,dizziness|chest pain,diabetes,0
34,142,71,100,39.4,,hypertension,1
52,132,81,120,36.8,,diabetes|asthma,1
45,120,85,96,39.9,fever|chest pain,,1
44,176,84,121,40.0,chest pain|fever,asthma|hypertension,2
31,187,110,128,37.7,fever,,2
74,171,63,60,39.0,chest pain|dizziness,diabetes,2
26,117,100,96,38.3,fever|dizziness,hypertension|asthma,0
74,163,105,73,39.7,,hypertension|asthma,1
47,189,62,71,37.9,chest pain,diabetes|hypertension,2
88,146,87,60,39.0,dizziness|breathlessness,diabetes,1
78,148,110,97,38.3,dizziness,asthma,0
54,120,84,112,37.9,breathlessness,asthma|diabetes,1
62,165,84,79,37.8,chest pain,asthma|hypertension,0
39,152,89,68,39.1,fever|chest pain,,1
29,101,87,71,36.1,fever|chest pain,,0
22,139,94,71,38.4,,asthma|diabetes,0
49,185,88,121,37.4,dizziness,diabetes|asthma,2
34,133,94,82,38.1,dizziness|fever,asthma,0
74,177,103,133,38.3,breathlessness|dizziness,,2
65,167,87,99,39.8,,diabetes|hypertension,1
58,182,109,91,38.9,dizziness|breathlessness,asthma,2
23,103,101,93,37.0,fever,,0
87,107,62,118,36.4,,hypertension,1
76,154,84,99,37.7,,hypertension|diabetes,0
24,175,79,64,39.9,chest pain|breathlessness,asthma,2
36,125,104,78,37.7,fever|chest pain,,0
45,174,81,69,39.5,dizziness|chest pain,hypertension,2
57,130,78,72,36.6,fever|breathlessness,hypertension,0
84,110,110,77,37.0,chest pain|dizziness,diabetes|hypertension,0
54,149,81,94,38.7,fever,asthma,1
56,125,99,73,36.9,dizziness|breathlessness,hypertension|diabetes,0
88,112,82,134,36.9,fever|dizziness,hypertension|asthma,2
21,112,92,113,36.7,breathlessness|chest pain,hypertension|asthma,1
90,162,107,94,38.0,fever|breathlessness,asthma|hypertension,0
81,182,78,86,37.3,fever,diabetes,2
21,169,83,107,37.8,dizziness|chest pain,,1
48,152,70,79,37.0,,diabetes,0
29,149,94,114,39.4,fever|chest pain,,1
86,129,65,73,38.2,fever|dizziness,,0
27,173,89,132,38.2,dizziness|chest pain,,2
67,108,94,77,38.2,chest pain,,0
71,115,78,136,36.6,dizziness,diabetes,2
79,118,89,70,38.5,fever,diabetes,0
87,190,69,89,38.0,chest pain,,2
38,147,110,105,38.8,,diabetes|hypertension,1
86,103,70,129,38.7,breathlessness,,2
66,132,72,134,36.7,chest pain|breathlessness,asthma,2
82,187,76,62,37.2,,hypertension|asthma,2
41,113,85,130,36.9,breathlessness,diabetes,2
89,175,100,110,39.1,dizziness|breathlessness,hypertension|asthma,2
72,183,106,99,39.1,,,2
19,158,71,95,37.6,dizziness,,0
75,132,76,116,39.3,fever,,1
86,109,97,94,38.8,,diabetes,1
66,134,83,99,39.4,fever,hypertension|asthma,1
75,111,99,74,39.5,dizziness,hypertension|asthma,1
67,104,77,68,38.5,fever,,0
27,128,64,139,38.9,,,2
77,121,85,106,38.5,breathlessness|fever,hypertension|diabetes,1
69,106,64,122,38.1,,,2
55,149,66,65,39.5,,asthma,1
18,143,74,61,36.3,fever,asthma,0
71,155,60,75,38.7,dizziness,,1
64,179,72,91,37.2,,,2
28,116,67,68,39.2,chest pain|breathlessness,hypertension|diabetes,1
18,107,79,87,38.5,,diabetes,0
74,153,65,79,39.1,dizziness,hypertension|diabetes,1
79,121,93,108,38.6,breathlessness,asthma|hypertension,1
38,150,76,79,39.4,breathlessness|dizziness,hypertension|asthma,1
18,150,96,106,37.2,,asthma|diabetes,1
65,120,78,69,38.1,,asthma,0
58,133,82,96,36.9,dizziness,,0
65,114,94,136,38.2,breathlessness|chest pain,,2
25,172,88,100,39.5,,,2
87,133,66,69,38.7,breathlessness|dizziness,asthma,1
81,170,70,91,38.2,breathlessness|chest pain,asthma,0
84,185,97,96,39.2,dizziness,hypertension|diabetes,2
68,134,65,110,37.5,,hypertension,1
77,168,102,87,37.4,,,0
33,158,61,135,36.3,fever|dizziness,hypertension|diabetes,2
59,137,99,87,36.4,breathlessness|dizziness,asthma,0
42,119,95,126,37.3,fever,asthma|hypertension,2
19,144,87,84,39.9,,,1
36,123,97,68,38.0,dizziness,diabetes,0
37,109,91,93,37.0,breathlessness|dizziness,,0
74,140,78,87,37.2,fever|dizziness,,0
76,166,86,76,39.8,,diabetes,1
21,142,84,111,36.8,,,1
34,172,60,75,38.0,breathlessness|chest pain,,2
76,158,74,71,36.3,dizziness|chest pain,asthma|hypertension,0
77,155,74,79,36.7,,asthma|hypertension,0
54,139,102,111,37.5,breathlessness|chest pain,diabetes,1
30,140,97,131,39.7,,diabetes|hypertension,2
37,110,105,102,36.3,chest pain,asthma|hypertension,1
43,143,70,77,37.7,breathlessness,asthma,0
77,163,60,80,37.1,dizziness|chest pain,asthma,0
85,190,89,94,39.0,dizziness|breathlessness,asthma,2
27,118,107,104,38.9,,diabetes|asthma,1
53,158,90,117,38.7,,,1
69,133,94,90,38.1,dizziness|breathlessness,,0
82,156,101,88,38.0,chest pain,,0
79,121,93,86,36.7,,hypertension,0
24,113,83,104,36.5,breathlessness,,1
76,185,96,95,37.8,breathlessness,hypertension|asthma,2
82,178,98,97,37.0,chest pain,,2
85,103,98,113,39.1,,diabetes,1
84,111,83,98,38.5,dizziness,hypertension,0
81,150,75,126,36.5,fever|chest pain,diabetes|asthma,2
20,154,86,133,38.6,breathlessness,diabetes,2
34,135,92,102,37.8,dizziness|chest pain,,1
19,127,104,78,37.9,breathlessness,diabetes,0
54,127,73,89,38.9,,diabetes|asthma,1
44,181,93,136,37.9,chest pain,diabetes|asthma,2
50,179,78,103,38.2,chest pain|breathlessness,diabetes|hypertension,2
66,175,107,78,37.3,fever,diabetes,2
25,173,67,72,39.1,chest pain|dizziness,,2
58,165,73,120,37.5,,,1
34,153,105,82,39.6,chest pain,diabetes,1
82,170,69,111,37.2,,,1
65,125,83,103,37.3,dizziness,hypertension|asthma,1
37,176,87,63,39.5,fever,hypertension,2
55,148,92,86,38.2,chest pain,,0
75,181,68,67,39.2,dizziness|chest pain,,2
49,123,67,97,37.9,dizziness|chest pain,asthma,0
50,181,66,111,38.9,fever|dizziness,diabetes,2
84,113,84,75,36.4,,,0
25,134,106,121,36.2,fever,asthma|diabetes,2
31,115,106,133,37.9,,hypertension,2
57,140,74,110,38.2,fever|breathlessness,diabetes,1
45,176,110,127,37.3,dizziness|chest pain,,2
76,142,76,121,39.7,breathlessness|fever,,2
68,132,92,87,36.9,,asthma,0
58,188,109,70,37.3,chest pain,,2
75,189,109,128,36.9,dizziness,asthma|diabetes,2
79,122,79,119,37.8,dizziness|chest pain,diabetes|asthma,1
39,152,98,125,39.8,fever,asthma|hypertension,2
20,113,91,94,39.4,,asthma,1
57,181,67,68,39.6,,,2
56,161,78,106,38.6,fever,hypertension|diabetes,1
66,181,106,94,39.8,,diabetes,2
28,170,79,87,38.7,fever|dizziness,,1
22,123,105,117,36.0,chest pain|breathlessness,hypertension,1
83,127,73,61,38.8,breathlessness|chest pain,hypertension,1
42,170,89,115,39.7,,diabetes,1
26,189,100,88,39.2,chest pain|breathlessness,asthma|diabetes,2
43,181,109,61,37.3,dizziness,diabetes,2
50,154,102,140,38.5,,asthma,2
29,145,90,121,37.3,fever,asthma,2
25,185,80,85,36.3,,,2
22,104,101,124,38.2,,,2
24,138,87,136,36.8,,,2
76,157,67,130,38.8,dizziness,,2
41,150,66,85,38.4,,diabetes|asthma,0
84,106,60,83,38.8,,asthma|diabetes,1
29,143,61,72,36.9,chest pain,asthma|hypertension,0
61,123,93,123,36.4,fever|chest pain,diabetes,2
67,147,108,133,39.4,fever|breathlessness,asthma,2
77,170,69,90,36.3,,hypertension,0
35,124,68,74,39.8,,diabetes|hypertension,1
66,153,92,73,39.5,fever|chest pain,,1
19,166,83,134,39.0,dizziness,asthma|hypertension,2
38,184,87,87,37.8,chest pain|dizziness,asthma|diabetes,2
52,154,81,78,38.5,,diabetes,0
54,146,68,99,36.4,,diabetes|asthma,0
76,118,68,72,39.2,breathlessness,diabetes|hypertension,1
36,115,105,68,36.4,dizziness|breathlessness,asthma,0
23,127,84,112,38.7,fever,asthma|hypertension,1
54,181,83,72,37.6,,diabetes|hypertension,2
82,159,89,77,36.6,,,0
80,147,85,94,38.5,chest pain|dizziness,,0
72,161,60,65,38.2,fever|chest pain,,0
86,143,103,132,36.9,breathlessness|chest pain,diabetes|asthma,2
90,181,105,127,39.7,chest pain,diabetes,2
28,114,91,87,37.1,dizziness|fever,hypertension,0
75,145,86,65,39.0,chest pain,diabetes,1
48,130,96,104,37.8,fever|breathlessness,,1
64,179,65,121,36.2,breathlessness,hypertension|asthma,2
68,156,103,109,38.7,,asthma,1
29,123,84,82,37.5,breathlessness,asthma,0
55,154,107,71,37.0,,diabetes,0
67,169,87,137,38.1,,hypertension,2
46,127,78,69,38.6,breathlessness,asthma|hypertension,1
88,172,67,61,37.4,breathlessness,diabetes|hypertension,2
80,103,65,109,39.7,dizziness|breathlessness,,1
23,153,94,69,36.7,,diabetes,0
43,139,64,133,39.7,chest pain|fever,,2
59,150,78,100,36.6,,,0
49,136,105,70,37.1,,,0
20,180,83,69,39.1,breathlessness|dizziness,,2
80,129,80,128,38.8,,asthma|diabetes,2
22,163,104,133,39.7,,,2
20,125,85,140,38.2,,hypertension|asthma,2
65,186,72,79,38.4,,hypertension,2
62,161,98,106,39.5,,asthma|hypertension,1
39,122,86,62,38.7,fever|chest pain,hypertension,1
30,124,70,135,39.8,,diabetes,2
27,119,75,96,37.9,dizziness,,0
62,177,73,67,37.2,,diabetes|hypertension,2
77,154,102,65,36.9,,asthma|diabetes,0
25,133,105,80,39.2,fever|breathlessness,hypertension|asthma,1
85,126,89,125,36.7,chest pain|fever,diabetes|asthma,2
88,159,62,79,37.6,dizziness,,0
53,174,105,73,38.6,,asthma,2
35,130,77,61,39.7,fever|breathlessness,asthma,1
64,105,81,97,38.8,,hypertension,1
50,151,79,116,39.5,,hypertension,1
22,133,92,103,37.7,,,1
21,127,62,100,39.0,dizziness,asthma|hypertension,1
89,174,71,88,40.0,fever,diabetes|hypertension,2
46,176,103,73,38.9,,asthma|diabetes,2
23,142,66,140,36.8,,diabetes|hypertension,2
60,132,73,116,38.0,,hypertension,1
62,136,102,112,37.5,fever|chest pain,asthma,1
70,111,92,121,36.8,dizziness,,2
61,126,88,63,38.1,,asthma,0
23,178,86,62,39.9,,asthma|diabetes,2
57,118,75,61,38.9,fever,hypertension|asthma,1
32,120,94,68,37.3,chest pain|fever,hypertension,0
59,187,69,88,36.8,,asthma|hypertension,2
64,157,103,111,38.6,breathlessness|dizziness,hypertension,1
24,169,61,134,36.7,,diabetes|asthma,2
21,177,83,133,38.1,fever,diabetes|asthma,2
62,121,89,102,37.1,dizziness|fever,hypertension,1
47,186,93,94,39.9,chest pain|dizziness,diabetes|hypertension,2
45,116,94,89,39.7,fever|chest pain,asthma|diabetes,1
64,160,78,114,37.7,,hypertension,1
71,119,104,98,39.4,chest pain|breathlessness,,1
69,107,97,98,37.1,chest pain,asthma,0
30,147,92,113,37.8,breathlessness|chest pain,,1
65,129,89,69,36.1,,hypertension,0
33,148,109,101,38.4,breathlessness|chest pain,hypertension|asthma,1
35,167,107,102,36.2,fever,diabetes|hypertension,1
88,170,100,111,38.9,dizziness|breathlessness,asthma|diabetes,1
42,166,97,134,39.8,dizziness,,2
68,139,106,133,38.5,chest pain|dizziness,asthma,2
54,165,94,62,39.9,breathlessness,hypertension|asthma,1
26,164,102,108,37.3,dizziness,,1
28,101,87,86,38.7,chest pain,,1
78,150,83,84,40.0,chest pain,diabetes|hypertension,1
43,120,82,66,36.9,dizziness,hypertension,0
36,134,70,62,37.8,chest pain|breathlessness,hypertension,0
62,146,61,110,38.3,chest pain,hypertension,1
55,188,109,124,36.6,fever|breathlessness,asthma|diabetes,2
20,181,82,89,39.9,fever|breathlessness,,2
78,101,72,137,39.7,,hypertension,2
43,158,63,95,39.3,dizziness|breathlessness,asthma,1
65,155,65,127,37.4,fever|chest pain,hypertension|diabetes,2
27,127,104,68,37.6,chest pain,hypertension|asthma,0
32,133,68,117,36.8,chest pain|breathlessness,hypertension,1
27,118,80,89,38.5,,diabetes|hypertension,0
40,142,71,60,36.1,fever|breathlessness,,0
82,103,69,96,39.0,,asthma,1
64,122,98,74,38.2,,asthma|diabetes,0
68,119,104,81,36.1,breathlessness|chest pain,hypertension|asthma,0
54,178,60,84,36.2,fever|breathlessness,,2
62,148,71,90,39.1,chest pain,,1
29,152,65,72,39.6,fever,diabetes,1
52,137,60,94,39.0,,diabetes|hypertension,1
89,115,87,62,38.5,breathlessness|chest pain,diabetes,0
49,175,95,86,39.2,dizziness,hypertension,2
28,125,65,103,39.2,dizziness,hypertension,1
26,113,82,60,39.7,dizziness|breathlessness,,1
85,134,65,71,36.9,chest pain|breathlessness,,0
23,148,106,113,36.3,breathlessness|fever,,1
83,154,75,99,36.1,dizziness|fever,diabetes|asthma,0
54,145,86,89,37.3,,asthma,0
86,156,77,125,36.1,breathlessness,,2
85,118,77,71,36.3,dizziness|fever,diabetes,0
42,159,91,63,39.8,fever,,1
43,144,74,130,36.8,,diabetes,2
46,190,71,126,38.4,fever,,2
47,118,76,114,36.4,,,1
66,161,86,111,39.6,,,1
25,156,80,67,36.2,,,0
79,102,82,72,39.9,dizziness,,1
80,190,67,85,36.5,dizziness|chest pain,,2
50,171,85,126,36.7,,asthma|hypertension,2
38,188,105,135,37.8,dizziness|chest pain,,2
67,133,76,129,39.9,dizziness,diabetes,2
76,153,66,112,38.6,,asthma|hypertension,1
44,112,79,81,36.1,dizziness|breathlessness,,0
52,104,60,135,39.9,dizziness|breathlessness,,2
22,129,66,60,36.8,fever,asthma,0
62,113,86,101,38.9,,,1
86,179,91,86,37.1,fever,diabetes|asthma,2
56,123,108,133,36.4,,,2
32,102,98,63,39.1,fever|breathlessness,diabetes,1
90,173,106,98,38.6,chest pain,hypertension,2
26,181,91,77,36.4,breathlessness,diabetes|asthma,2
19,134,94,126,39.7,,asthma,2
28,130,63,103,37.9,dizziness|breathlessness,asthma|hypertension,1
43,168,65,96,37.6,dizziness|breathlessness,hypertension|diabetes,0
68,175,92,122,38.6,breathlessness,diabetes,2
62,126,88,124,39.3,,asthma,2
37,174,71,87,39.9,,asthma|hypertension,2
31,106,109,135,36.1,,asthma|hypertension,2
84,113,103,73,38.2,,diabetes|asthma,0
40,135,76,128,39.1,chest pain,diabetes|asthma,2
61,105,105,138,37.0,chest pain|breathlessness,asthma|diabetes,2
53,188,86,103,38.6,,,2
88,117,90,92,39.5,chest pain|breathlessness,,1
59,164,104,63,36.1,breathlessness,asthma,0
75,136,97,118,37.0,breathlessness,hypertension|asthma,1
35,168,103,65,37.2,,,0
48,163,76,138,39.4,chest pain,,2
28,121,90,119,36.8,,diabetes|hypertension,1
79,119,71,108,36.0,breathlessness,diabetes,1
62,147,103,102,38.3,breathlessness|chest pain,diabetes|hypertension,1
21,126,67,69,36.7,,asthma,0
81,115,101,131,36.7,,diabetes,2
36,141,77,138,37.0,,,2
23,130,109,82,37.3,chest pain,,0
21,188,81,87,36.7,dizziness|chest pain,diabetes|asthma,2
82,147,91,107,38.1,,hypertension|asthma,1
32,154,73,115,37.8,breathlessness|chest pain,asthma|diabetes,1
25,131,79,65,37.3,dizziness,,0
89,152,63,97,39.9,dizziness|breathlessness,,1
76,111,76,139,38.6,chest pain|dizziness,,2
83,163,67,111,37.5,breathlessness|chest pain,asthma|diabetes,1
29,104,81,74,39.3,dizziness,asthma|diabetes,1
82,178,97,137,37.7,dizziness|fever,,2
37,103,92,130,38.1,breathlessness|fever,asthma|diabetes,2
79,105,85,85,38.1,breathlessness,,0
77,147,67,84,37.4,fever,,0
58,129,89,123,39.9,dizziness,,2
77,187,70,103,37.8,dizziness,diabetes,2
76,176,75,128,37.7,breathlessness,hypertension,2
28,150,107,107,38.6,,hypertension,1
47,127,71,140,38.5,,,2
45,174,89,117,37.6,,hypertension|diabetes,2
77,121,78,106,37.5,dizziness,asthma,1
39,180,71,120,39.7,chest pain,diabetes,2
60,100,107,123,37.0,dizziness|breathlessness,,2
88,142,90,127,36.3,breathlessness,,2
55,163,84,131,38.6,,,2
39,128,103,90,36.2,chest pain|dizziness,,0
35,160,83,64,39.6,dizziness,diabetes|hypertension,1
58,179,84,94,37.0,,,2
67,128,72,107,38.0,,,1
61,165,60,131,37.4,,diabetes,2
73,103,92,101,36.2,breathlessness,diabetes,1
83,160,90,65,36.4,breathlessness|dizziness,,0
90,136,100,140,36.8,,,2
75,107,83,128,36.0,,hypertension|diabetes,2
72,138,86,115,36.0,dizziness|chest pain,asthma,1
41,120,68,84,37.4,,hypertension,0
81,147,64,81,36.9,dizziness,,0
62,100,103,113,36.6,breathlessness,diabetes|asthma,1
67,163,99,76,36.8,chest pain|dizziness,asthma|diabetes,0
87,137,98,111,39.9,breathlessness,asthma|hypertension,1
77,152,73,89,37.5,,asthma,0
49,155,73,103,36.3,breathlessness,hypertension,1
47,125,79,70,39.3,,diabetes,1
54,173,93,140,38.4,breathlessness|fever,,2
67,109,100,87,36.6,breathlessness,diabetes,0
37,102,109,125,36.8,chest pain,asthma,2
34,177,93,81,36.1,dizziness|breathlessness,asthma,2
28,101,65,70,36.3,dizziness|chest pain,diabetes|asthma,0
53,158,73,80,38.2,fever|breathlessness,hypertension|diabetes,0
32,141,94,94,39.2,breathlessness|chest pain,,1
35,148,64,116,38.3,dizziness,hypertension|diabetes,1
30,163,77,139,38.1,dizziness,hypertension,2
37,172,78,93,38.4,dizziness,diabetes,2
51,105,104,76,38.8,fever|breathlessness,hypertension|asthma,1
77,110,105,75,38.7,breathlessness|fever,,1
40,110,68,77,39.2,chest pain,,1
45,118,88,72,39.5,,,1
81,183,71,61,36.2,dizziness,asthma,2
34,124,66,138,36.6,,,2
29,104,88,79,37.5,fever,asthma|hypertension,0
54,188,98,134,38.1,breathlessness,asthma|diabetes,2
47,105,70,99,39.1,chest pain,,1
32,123,65,99,37.4,breathlessness,diabetes,0
82,107,62,134,39.5,,diabetes|asthma,2
45,129,63,127,36.8,breathlessness,asthma|hypertension,2
88,147,110,87,38.0,,,0
81,156,97,92,36.2,,,0
75,172,93,140,37.1,fever,,2
60,111,76,137,39.3,chest pain|breathlessness,,2
18,150,89,91,39.9,,,1
63,181,72,60,39.0,fever|breathlessness,,2
61,118,109,110,36.5,breathlessness|dizziness,asthma|diabetes,1
56,117,62,116,38.5,fever|chest pain,,1
45,126,84,117,36.1,breathlessness|fever,,1
36,159,107,97,38.2,chest pain,,0
46,161,104,110,36.3,,,1
71,112,73,113,37.5,,,1
79,152,62,103,38.8,dizziness|chest pain,,1
68,171,77,131,36.6,,,2
74,165,98,92,38.6,chest pain|breathlessness,asthma|diabetes,1
33,181,96,95,37.5,fever|chest pain,hypertension|diabetes,2
54,110,105,111,39.6,,,1
34,147,84,72,39.6,breathlessness,asthma,1
72,104,61,111,37.0,breathlessness|chest pain,diabetes,1
78,178,97,77,36.8,breathlessness|fever,diabetes,2
42,110,97,87,38.2,,hypertension|diabetes,0
44,145,81,97,39.2,fever,asthma|hypertension,1
23,181,105,90,37.2,breathlessness,hypertension|asthma,2
74,178,68,137,36.4,chest pain|fever,,2
55,169,74,100,36.7,,asthma,0
28,116,91,78,37.4,,,0
41,100,95,113,38.1,dizziness,,1
57,164,109,107,39.9,,asthma,1
55,171,104,126,37.6,dizziness,hypertension|asthma,2
51,157,110,77,39.2,chest pain,diabetes|asthma,1
31,171,66,95,36.1,chest pain|breathlessness,asthma,2
36,120,90,94,38.5,,hypertension,0
22,122,79,69,40.0,chest pain,,1
40,162,107,73,36.8,fever|breathlessness,diabetes|asthma,0
22,122,105,130,39.0,chest pain,diabetes,2
82,141,69,94,36.7,chest pain|breathlessness,hypertension,0
90,190,92,117,38.6,,diabetes|asthma,2
75,127,65,117,37.4,breathlessness,diabetes|hypertension,1
28,105,108,62,38.5,dizziness,asthma|diabetes,0
74,137,104,107,36.1,chest pain|dizziness,,1
76,182,71,122,36.4,breathlessness|chest pain,hypertension|asthma,2
61,157,92,90,38.9,,hypertension,1
50,136,66,121,39.8,,diabetes,2
26,106,92,78,36.9,chest pain|dizziness,hypertension|asthma,0
43,163,72,85,38.5,,,0
38,163,65,111,37.7,,,1
65,174,75,111,39.9,chest pain|dizziness,asthma|diabetes,2
37,100,79,70,37.9,,hypertension|asthma,0
29,159,102,121,37.5,fever,asthma,2
79,182,91,134,36.7,,hypertension,2
47,174,84,116,39.8,fever,hypertension|diabetes,2
88,135,100,132,36.3,fever|chest pain,hypertension|asthma,2
85,162,62,76,38.2,,hypertension,0
62,167,70,76,39.4,fever,,1
26,111,60,89,36.2,fever,,0
37,132,64,92,39.1,fever,hypertension|diabetes,1
54,113,87,121,39.6,breathlessness|chest pain,diabetes|hypertension,2
65,115,84,72,36.3,breathlessness,asthma|diabetes,0
39,168,94,60,37.7,,diabetes|asthma,0
57,140,86,76,36.1,breathlessness|fever,hypertension|diabetes,0
30,122,91,88,39.1,breathlessness|dizziness,diabetes,1
85,186,109,112,37.3,chest pain|dizziness,,2
35,155,96,104,38.4,dizziness,asthma,1
82,162,100,121,36.4,dizziness|chest pain,asthma,2
32,190,82,79,38.7,dizziness,,2
81,151,63,84,39.9,breathlessness,hypertension,1
35,170,76,88,38.6,dizziness|breathlessness,diabetes|asthma,1
36,106,109,77,37.9,chest pain,diabetes,0
28,186,68,82,36.9,,asthma,2
52,151,95,82,39.9,,hypertension,1
22,162,101,112,38.9,breathlessness,hypertension|diabetes,1
35,151,108,107,39.1,dizziness|chest pain,asthma,1
29,137,98,110,38.0,fever|chest pain,,1
88,120,109,65,38.3,fever,hypertension,0
65,183,78,85,36.7,chest pain,asthma,2
87,168,64,107,38.3,breathlessness,asthma,1
37,135,64,62,36.3,dizziness|fever,asthma,0
25,176,100,106,36.6,,asthma,2
48,177,88,93,38.3,chest pain|breathlessness,diabetes|asthma,2
19,145,108,60,38.0,chest pain|dizziness,,0
68,125,100,95,36.1,chest pain|breathlessness,,0
63,140,88,130,38.7,fever,,2
83,185,102,98,37.7,chest pain|fever,,2
78,177,103,86,39.1,chest pain,diabetes|hypertension,2
50,141,95,101,38.4,breathlessness|dizziness,,1
24,131,109,90,36.3,,hypertension,0
20,135,86,137,39.9,,,2
47,164,69,65,38.5,,,0
28,122,63,134,36.5,,,2
43,112,109,112,38.8,,asthma,1
67,183,102,117,37.8,chest pain,,2
77,117,99,126,37.2,,,2
71,175,66,130,37.7,,asthma,2
71,190,73,140,39.5,fever|chest pain,hypertension,2
56,172,88,136,36.9,fever|chest pain,asthma|diabetes,2
81,116,98,105,37.2,,hypertension,1
80,121,92,95,37.5,dizziness|chest pain,,0
66,186,96,136,36.1,chest pain|breathlessness,,2
72,132,106,76,38.5,breathlessness,,0
27,130,104,113,38.3,fever,asthma,1
25,142,67,111,36.2,fever|dizziness,asthma|diabetes,1
28,181,92,136,37.3,fever,hypertension,2
63,115,88,137,39.2,,hypertension|asthma,2
25,184,81,108,39.6,,diabetes,2
78,121,78,86,38.8,fever|dizziness,asthma|hypertension,1
60,144,78,126,37.4,dizziness|fever,,2
74,121,74,133,37.6,fever|chest pain,diabetes|hypertension,2
32,147,93,92,39.8,dizziness,hypertension|diabetes,1
32,168,85,76,38.6,fever|breathlessness,hypertension|asthma,1
27,129,101,115,36.1,breathlessness|dizziness,asthma|diabetes,1
82,105,68,130,36.5,fever|breathlessness,hypertension|asthma,2
44,171,66,118,36.7,dizziness|fever,,2
31,117,86,69,37.2,fever,hypertension,0
31,183,109,127,36.7,chest pain,diabetes|hypertension,2
45,169,72,111,36.4,,,1
63,143,109,87,36.2,chest pain,diabetes,0
56,155,82,99,38.6,,,1
70,135,103,93,36.5,,,0
24,101,69,66,38.2,breathlessness,asthma|diabetes,0
48,156,98,61,39.9,fever|chest pain,,1
73,125,63,111,37.5,fever|breathlessness,diabetes|asthma,1
74,126,69,127,38.0,dizziness|fever,diabetes|hypertension,2
70,114,82,73,36.5,dizziness|breathlessness,,0
63,175,69,108,39.5,dizziness|breathlessness,,2
69,155,60,68,39.4,chest pain,,1
90,141,79,61,39.5,dizziness,diabetes|asthma,1
67,113,75,128,38.2,,,2
60,148,80,137,36.7,chest pain|dizziness,hypertension|asthma,2
38,188,99,127,36.3,breathlessness,diabetes|hypertension,2
35,151,102,111,37.9,dizziness,,1
25,127,86,121,36.2,breathlessness|fever,asthma|hypertension,2
44,120,79,98,37.6,,,0
49,103,90,86,37.2,,,0
46,132,109,71,37.3,chest pain|dizziness,diabetes,0
54,147,69,112,38.4,fever,diabetes|asthma,1
85,150,74,63,37.3,,,0
55,120,103,95,37.8,,asthma,0
90,183,108,110,36.3,,asthma|hypertension,2
78,141,89,118,39.8,chest pain,hypertension,1
69,104,78,108,39.5,fever|chest pain,,1
78,155,86,80,37.0,chest pain|breathlessness,asthma|hypertension,0
47,120,85,75,39.0,fever|breathlessness,,1
65,112,61,118,37.6,dizziness,diabetes|hypertension,1
23,186,100,70,38.2,dizziness,hypertension|asthma,2
25,189,75,68,37.1,,hypertension|asthma,2
71,162,103,97,39.6,breathlessness|chest pain,hypertension,1
37,178,81,136,38.4,,diabetes,2
30,110,67,120,37.4,breathlessness|dizziness,diabetes,1
65,152,93,60,36.5,,hypertension|diabetes,0
61,110,62,137,38.5,,,2
73,125,99,135,39.4,,,2
29,139,72,109,38.6,dizziness,diabetes|asthma,1
45,160,63,121,39.9,fever,diabetes|asthma,2
31,116,110,92,38.6,fever|chest pain,,1
90,163,71,126,36.0,dizziness|fever,,2
23,168,104,135,39.1,chest pain,,2
59,189,100,100,38.1,fever|chest pain,diabetes|hypertension,2
69,161,98,115,36.7,,asthma|diabetes,1
58,176,72,76,39.0,breathlessness,,2
27,160,67,105,39.7,,hypertension,1
64,104,61,113,38.1,dizziness|fever,asthma|hypertension,1
88,180,68,69,39.8,chest pain|fever,hypertension|asthma,2
22,125,82,134,37.0,chest pain,diabetes,2
75,113,95,109,36.9,chest pain,hypertension|asthma,1
21,153,106,135,36.8,,,2
58,160,97,103,39.8,,,1
49,183,97,100,36.5,,hypertension|diabetes,2
65,164,94,77,36.2,,,0
50,150,64,105,36.9,breathlessness|fever,diabetes,1
50,106,97,113,39.8,chest pain,asthma,1
72,138,98,120,38.2,dizziness|chest pain,hypertension|asthma,1
49,109,68,66,38.0,fever|dizziness,,0
42,114,102,107,36.8,,asthma,1
23,174,62,105,38.1,,,2
50,102,74,107,38.6,,,1
47,190,81,121,36.7,dizziness,,2
67,128,60,69,39.1,breathlessness|fever,diabetes,1
59,145,88,116,36.4,dizziness|breathlessness,asthma|diabetes,1
85,155,95,95,37.1,breathlessness|chest pain,asthma|hypertension,0
44,153,62,122,39.6,dizziness,,2
38,154,109,91,36.1,,hypertension|diabetes,0
55,140,101,115,39.0,breathlessness,hypertension|asthma,1
47,119,110,113,36.7,fever|chest pain,hypertension,1
42,165,87,81,36.4,,diabetes,0
21,174,94,124,39.2,dizziness|chest pain,hypertension,2
84,107,81,93,38.1,chest pain,diabetes,0
75,154,99,106,37.5,chest pain,asthma|hypertension,1
88,120,66,94,37.1,chest pain|fever,,0
86,132,97,100,37.1,,diabetes|hypertension,0
51,122,109,134,38.1,dizziness,diabetes|hypertension,2
47,171,104,112,39.3,chest pain,diabetes|asthma,2
79,126,80,111,38.9,dizziness,diabetes|asthma,1
37,160,74,117,36.8,,asthma|hypertension,1
70,149,98,126,38.9,,hypertension,2
19,189,107,129,39.1,breathlessness,,2
82,115,103,123,39.0,chest pain|fever,,2
66,164,74,96,40.0,,,1
88,151,61,110,37.0,dizziness,asthma,1
42,174,101,121,36.7,,,2
46,142,67,106,38.4,dizziness|fever,hypertension,1
43,105,69,74,37.7,breathlessness|chest pain,diabetes,0
88,125,71,96,36.8,,,0
39,127,87,77,37.1,breathlessness|fever,,0
49,127,87,130,36.8,chest pain|dizziness,diabetes|asthma,2
35,182,82,81,38.6,breathlessness,,2
53,185,103,139,38.0,dizziness|breathlessness,,2
38,168,72,86,38.9,,,1
66,126,72,125,38.2,fever,asthma,2
31,127,97,80,38.1,,asthma|diabetes,0
87,125,65,140,36.8,fever,asthma,2
42,109,101,93,36.1,fever|chest pain,diabetes,0
76,173,94,102,38.3,,,2
64,146,81,62,38.5,breathlessness|fever,hypertension,0
39,106,82,74,39.0,,diabetes,1
84,109,79,77,40.0,breathlessness,,1
63,100,86,139,39.1,chest pain,diabetes|hypertension,2
89,180,84,89,39.1,breathlessness|dizziness,,2
69,167,92,76,36.5,dizziness,,0
33,162,70,102,37.5,,diabetes|asthma,1
79,100,96,121,39.2,,,2
89,154,85,87,37.3,,hypertension|asthma,0
28,149,110,135,39.5,breathlessness|fever,diabetes,2
60,115,110,64,39.5,dizziness|breathlessness,,1
62,150,94,97,37.3,,asthma,0
20,161,87,84,36.9,dizziness,asthma|diabetes,0
30,187,66,90,38.6,dizziness|chest pain,asthma|hypertension,2
54,103,95,131,37.5,breathlessness|fever,,2
40,101,78,130,37.9,fever,asthma|hypertension,2
56,122,102,88,36.6,chest pain,diabetes|asthma,0
41,112,72,131,39.1,breathlessness|chest pain,,2
46,154,62,74,39.1,dizziness|breathlessness,hypertension,1
78,183,100,76,38.6,,diabetes|hypertension,2
52,148,85,85,39.1,fever|chest pain,,1
19,190,71,61,36.8,,diabetes|hypertension,2
21,103,67,102,38.9,fever,diabetes,1
75,139,101,139,39.0,breathlessness|dizziness,asthma|diabetes,2
50,165,94,123,37.2,fever|dizziness,hypertension|asthma,2
80,143,61,95,39.7,breathlessness|chest pain,asthma,1
70,116,85,101,39.4,fever,,1
81,163,97,79,39.7,fever,diabetes,1
39,153,87,117,36.3,breathlessness|dizziness,,1
90,108,70,105,39.1,dizziness,hypertension,1
36,101,81,99,38.8,breathlessness,diabetes|asthma,1
53,165,73,83,36.8,fever|chest pain,asthma,0
79,185,90,99,39.0,,hypertension|diabetes,2
26,114,105,116,38.5,dizziness|fever,,1
76,119,87,133,38.2,fever|breathlessness,,2
65,169,84,110,39.1,dizziness|breathlessness,asthma|diabetes,1
32,174,66,91,40.0,fever|chest pain,diabetes,2
76,103,110,77,39.8,chest pain,diabetes,1
67,173,92,111,37.5,,hypertension,2
88,149,61,136,37.4,,,2
36,176,63,140,38.8,fever|chest pain,diabetes,2
69,150,97,95,36.0,,hypertension|diabetes,0
87,148,76,116,38.1,chest pain|breathlessness,,1
23,188,91,136,36.5,chest pain|breathlessness,asthma|diabetes,2
85,123,107,136,38.6,breathlessness|fever,,2
31,165,63,93,38.0,fever,,0
62,189,106,117,38.4,chest pain,,2
59,153,71,76,36.2,,hypertension|diabetes,0
88,126,62,91,38.6,fever,diabetes|hypertension,1
57,179,77,73,38.8,fever|chest pain,,2
82,171,66,115,36.5,chest pain|breathlessness,,2
77,176,72,85,36.1,chest pain,asthma|diabetes,2
76,162,86,76,36.7,breathlessness,diabetes|asthma,0
28,167,70,89,39.6,chest pain,diabetes|hypertension,1
82,104,95,102,36.1,breathlessness,,1
45,180,106,140,39.4,,,2
50,144,107,110,37.7,,hypertension|diabetes,1
62,104,105,121,37.5,,diabetes|hypertension,2
44,119,106,108,38.1,breathlessness,,1
52,111,85,99,39.0,dizziness,hypertension,1
66,119,99,115,36.6,fever,asthma|diabetes,1
28,168,85,60,39.8,fever|chest pain,,1
52,134,106,128,36.0,breathlessness,asthma,2
20,131,83,60,39.6,breathlessness,asthma,1
87,177,79,87,37.3,fever,,2
20,173,60,124,36.0,chest pain,,2
75,125,62,120,38.8,breathlessness,asthma|hypertension,1
83,108,74,84,36.8,dizziness,,0
73,159,96,90,37.7,fever,asthma|diabetes,0
35,144,82,95,38.4,chest pain,diabetes,0
50,181,91,125,39.8,dizziness,asthma,2
68,127,106,91,38.9,,hypertension,1
72,123,98,97,36.6,dizziness,,0
57,181,96,117,37.3,breathlessness,asthma|diabetes,2
84,160,110,93,37.9,,asthma|diabetes,0
51,157,108,116,38.9,dizziness|breathlessness,diabetes|asthma,1
88,185,76,88,38.7,,asthma,2
81,156,105,82,37.7,fever|chest pain,asthma|diabetes,0
51,115,73,120,39.5,,hypertension,1
81,175,82,136,38.1,dizziness|breathlessness,hypertension|asthma,2
32,134,77,100,39.7,,,1
37,149,85,78,36.2,,asthma,0
73,121,87,79,39.1,breathlessness,,1
75,140,76,98,37.2,fever,,0
19,136,91,84,37.1,dizziness|breathlessness,,0
19,116,110,67,37.8,dizziness,diabetes|asthma,0
71,156,88,76,39.6,,asthma|hypertension,1
55,160,90,85,39.2,breathlessness|fever,hypertension,1
44,144,102,82,36.7,,asthma,0
72,164,100,125,37.3,,asthma|diabetes,2
50,165,102,79,36.6,dizziness,asthma|hypertension,0
51,179,88,81,39.4,,asthma|hypertension,2
19,147,64,109,37.3,,asthma,1
73,176,80,82,38.9,chest pain,,2
67,144,69,102,36.0,dizziness,hypertension|diabetes,1
82,106,103,121,39.3,dizziness|chest pain,diabetes,2
79,140,88,95,38.6,dizziness|fever,,1
32,176,75,81,38.6,breathlessness|dizziness,diabetes|hypertension,2
31,121,97,85,36.5,chest pain|breathlessness,,0
25,112,88,136,39.4,dizziness,diabetes|hypertension,2
42,175,101,69,37.3,fever|breathlessness,diabetes|hypertension,2
30,174,78,78,39.2,breathlessness|fever,hypertension,2
38,137,73,79,39.2,dizziness,diabetes|hypertension,1
27,139,78,125,36.3,dizziness,,2
33,103,75,65,39.0,breathlessness,hypertension|asthma,1
46,175,79,68,39.0,dizziness|fever,diabetes|hypertension,2
31,110,66,123,39.8,fever,diabetes,2
90,100,102,95,36.3,breathlessness,,0
75,182,85,69,37.3,breathlessness,,2
89,186,63,71,38.8,breathlessness,,2
61,158,110,89,38.6,fever,asthma,1
51,121,95,85,37.5,breathlessness,diabetes|asthma,0
40,122,66,62,37.4,fever,diabetes|asthma,0
86,160,106,106,36.6,dizziness,asthma|diabetes,1
44,141,104,117,37.7,chest pain|dizziness,,1
70,168,93,125,36.2,breathlessness,diabetes,2
35,150,67,113,38.2,fever|dizziness,,1
76,127,110,99,36.1,chest pain|dizziness,asthma|hypertension,0
45,157,75,121,38.8,,hypertension|asthma,2
38,109,60,69,37.9,breathlessness|fever,diabetes,0
32,127,84,124,39.1,fever|breathlessness,hypertension,2
84,154,80,100,39.3,chest pain,diabetes|hypertension,1
35,103,63,137,37.3,breathlessness,,2
82,183,79,113,37.8,breathlessness|dizziness,diabetes|asthma,2
44,136,104,125,36.2,,,2
73,177,74,89,39.4,fever|dizziness,asthma|hypertension,2
64,177,87,106,37.4,fever,asthma,2
35,144,84,88,38.7,dizziness|chest pain,asthma,1
38,140,77,130,39.8,breathlessness,diabetes|asthma,2
65,183,70,106,38.3,,,2
76,122,62,108,39.1,breathlessness,asthma,1
67,163,71,108,39.0,,,1
50,149,84,120,36.8,,hypertension,1
77,117,107,129,36.8,,hypertension|asthma,2
25,176,68,92,39.9,chest pain|fever,hypertension,2
58,175,101,85,36.7,,diabetes,2
82,175,90,105,36.9,,diabetes,2
80,150,102,98,39.0,chest pain|breathlessness,hypertension|asthma,1
89,138,81,109,38.2,dizziness|fever,,1
78,103,97,116,37.4,breathlessness|chest pain,hypertension|diabetes,1
67,114,97,108,39.6,chest pain|fever,,1
24,123,108,98,38.4,fever|breathlessness,asthma|hypertension,0
56,137,104,130,36.2,fever|chest pain,hypertension|diabetes,2
75,164,97,86,39.7,dizziness|chest pain,diabetes|asthma,1
58,128,91,126,37.4,,diabetes,2
29,117,70,127,39.0,breathlessness|fever,hypertension|asthma,2
21,100,82,88,38.8,fever,diabetes,1
85,164,89,98,37.9,chest pain|fever,diabetes,0
42,103,91,82,38.6,,hypertension|diabetes,1
21,181,69,140,38.4,fever|breathlessness,hypertension|asthma,2
82,155,76,129,39.0,,asthma|diabetes,2
51,190,98,121,39.7,fever|chest pain,diabetes|asthma,2
82,105,64,124,37.3,dizziness|fever,asthma|hypertension,2
40,122,92,91,37.8,breathlessness|dizziness,,0
46,152,73,103,38.9,,hypertension|asthma,1
58,117,69,60,38.5,,hypertension|asthma,0
34,120,66,99,36.5,fever,hypertension|asthma,0
47,127,68,98,39.3,breathlessness,diabetes|hypertension,1
61,144,77,139,38.0,,,2
84,139,77,83,36.3,,diabetes|asthma,0
79,170,70,128,39.2,fever|dizziness,diabetes|asthma,2
47,115,81,72,36.9,fever,asthma|diabetes,0
79,100,110,99,39.9,,,1
81,103,96,68,37.7,dizziness,,0
85,112,70,92,39.5,,diabetes|asthma,1
71,102,90,80,36.1,,diabetes,0
87,171,97,133,38.8,chest pain,asthma,2
56,134,98,108,36.3,fever,asthma|diabetes,1
19,134,67,70,39.9,chest pain|fever,,1
48,109,85,66,37.8,fever,hypertension|asthma,0
63,127,105,81,38.2,chest pain|dizziness,,0
23,143,100,107,36.6,,hypertension,1
61,188,101,125,37.6,chest pain|fever,hypertension,2
87,174,88,67,37.0,fever,hypertension|diabetes,2
19,176,94,66,39.2,breathlessness|fever,diabetes,2
47,189,97,127,38.2,chest pain,asthma|diabetes,2
49,172,77,71,37.5,dizziness,diabetes,2
38,105,93,113,37.1,,,1
38,112,73,136,38.8,,diabetes|asthma,2
32,121,105,116,36.9,fever|chest pain,hypertension,1
44,101,106,83,37.3,,asthma|diabetes,0
75,114,108,77,38.4,chest pain|dizziness,diabetes|asthma,0
57,102,98,138,36.5,fever|chest pain,hypertension,2
67,189,74,75,36.4,,asthma,2
65,150,74,110,37.8,chest pain|dizziness,asthma,1
18,175,74,118,36.2,dizziness|breathlessness,diabetes|asthma,2
31,117,89,71,38.2,breathlessness,asthma,0
30,129,86,65,36.5,chest pain|fever,diabetes|asthma,0
73,136,83,87,37.9,fever|chest pain,hypertension|asthma,0
71,120,87,109,38.9,fever|chest pain,,1
69,161,96,121,38.2,chest pain,diabetes|hypertension,2
67,118,81,124,38.3,breathlessness|fever,diabetes,2
47,190,78,71,39.9,chest pain|breathlessness,,2
20,179,64,107,38.2,breathlessness,,2
22,120,93,101,37.8,fever|breathlessness,diabetes,1
21,128,66,94,36.2,fever|dizziness,diabetes|asthma,0
69,120,92,88,36.9,,asthma|hypertension,0
72,107,64,114,36.7,dizziness|fever,,1
37,131,61,127,38.6,breathlessness|chest pain,,2
36,122,105,125,38.8,,asthma|diabetes,2
63,186,70,73,38.3,breathlessness,hypertension|diabetes,2
37,100,98,129,36.6,chest pain|fever,hypertension|diabetes,2
19,158,73,113,39.9,chest pain|breathlessness,,1
64,117,84,122,36.5,,hypertension|asthma,2
76,129,61,120,36.3,fever|breathlessness,hypertension|asthma,1
53,106,68,97,36.4,dizziness,diabetes,0
42,181,72,76,36.5,chest pain,,2
32,119,66,139,39.0,fever,asthma|diabetes,2
80,122,110,123,36.1,,diabetes,2
24,156,68,125,38.3,,,2
28,165,90,136,37.4,,hypertension|diabetes,2
74,170,60,105,37.7,chest pain,diabetes|asthma,1
31,131,71,101,37.1,fever,,1
58,120,72,83,39.4,,hypertension|diabetes,1
57,137,82,64,37.1,chest pain|fever,asthma|hypertension,0
82,132,66,135,37.5,,hypertension,2
41,141,60,129,39.8,,,2
80,161,101,133,36.9,,asthma|hypertension,2
33,146,102,121,37.1,fever,asthma,2
25,102,69,96,38.7,chest pain,diabetes,1
89,117,98,83,36.6,fever,hypertension|asthma,0
40,177,77,96,36.1,fever|chest pain,diabetes,2
18,167,90,78,39.7,dizziness|chest pain,,1
42,142,66,79,39.0,dizziness,diabetes|hypertension,1
39,125,79,66,37.6,dizziness,,0
28,159,77,90,37.1,dizziness,diabetes,0
76,146,95,61,39.4,chest pain|breathlessness,asthma,1
77,131,62,133,37.8,,,2
24,137,74,78,38.5,,asthma,0
62,123,67,100,37.3,dizziness,,0
25,128,86,102,39.0,fever|dizziness,asthma|diabetes,1
60,119,95,116,38.6,breathlessness|chest pain,hypertension|diabetes,1
48,130,102,122,37.8,chest pain,hypertension|asthma,2
63,152,71,136,37.7,,hypertension|diabetes,2
23,142,77,99,40.0,dizziness,,1
24,186,101,72,38.8,chest pain|dizziness,hypertension|diabetes,2
53,162,88,81,40.0,fever|breathlessness,asthma|diabetes,1
55,153,91,124,39.2,fever|chest pain,diabetes,2
54,187,76,63,39.8,chest pain|fever,diabetes|asthma,2
76,185,61,78,37.9,chest pain,asthma,2
57,133,93,108,38.3,,,1
72,101,87,70,39.8,fever,hypertension|diabetes,1
38,182,99,114,38.1,chest pain|fever,hypertension,2
70,138,110,92,37.1,dizziness|breathlessness,asthma|hypertension,0
31,159,69,116,36.8,chest pain|breathlessness,hypertension,1
54,172,90,111,36.9,fever,diabetes|asthma,2
48,172,89,85,37.6,dizziness|breathlessness,asthma|hypertension,2
82,162,103,123,37.4,,hypertension,2
74,165,90,134,37.5,dizziness,diabetes|hypertension,2
41,154,103,109,39.6,dizziness,,1
33,103,62,78,36.5,,hypertension|asthma,0
35,106,106,116,36.5,dizziness|breathlessness,,1
74,126,74,138,36.4,,hypertension,2
73,111,95,74,37.5,dizziness,asthma,0
68,112,74,89,39.0,breathlessness|dizziness,hypertension|asthma,1
58,104,69,127,38.2,dizziness,,2
58,146,66,99,38.4,breathlessness|chest pain,asthma|diabetes,0
82,167,83,63,36.5,dizziness|breathlessness,asthma,0
73,146,72,80,39.3,,diabetes,1
79,103,85,121,39.1,,hypertension|diabetes,2
38,155,104,74,36.8,,asthma|diabetes,0
46,129,81,131,38.7,breathlessness|fever,diabetes,2
82,158,99,73,38.3,,,0
72,176,60,69,38.7,,asthma,2
81,152,107,66,38.5,,,0
70,109,101,102,38.1,,diabetes,1
72,105,100,61,37.3,,diabetes|hypertension,0
29,140,67,76,37.1,chest pain|dizziness,,0
49,168,75,90,39.5,breathlessness|fever,diabetes,1
65,183,71,137,37.3,breathlessness,diabetes|asthma,2
77,182,77,90,37.1,,hypertension,2
90,155,83,70,37.1,dizziness,,0
22,115,78,118,36.7,fever|dizziness,,1
46,101,64,62,36.3,dizziness|fever,,0
71,134,73,122,36.0,chest pain,hypertension,2
36,132,110,137,39.1,breathlessness|chest pain,asthma|diabetes,2
68,118,103,90,39.3,,diabetes|asthma,1
70,116,79,123,38.6,,diabetes,2
35,178,71,78,36.4,dizziness|breathlessness,,2
86,189,76,102,36.5,dizziness|fever,asthma|diabetes,2
19,178,87,100,36.3,fever|dizziness,asthma|hypertension,2
53,147,105,111,36.7,,,1
49,135,73,129,37.4,,,2
42,150,67,100,37.4,,,0
54,150,68,96,37.7,,diabetes,0
54,155,75,76,38.0,breathlessness,asthma|hypertension,0
68,158,78,122,37.7,fever|breathlessness,,2
28,175,87,104,37.1,chest pain,diabetes|asthma,2
53,145,87,66,38.8,dizziness,asthma|diabetes,1
83,159,90,135,36.1,fever|dizziness,,2
78,163,61,83,36.7,chest pain|dizziness,,0
49,146,79,81,36.9,dizziness|breathlessness,diabetes,0
54,138,79,117,38.1,,hypertension,1
30,181,75,76,39.4,breathlessness,asthma|diabetes,2
39,175,103,139,36.3,,,2
59,161,101,99,39.7,,diabetes,1
74,104,71,61,37.5,chest pain,,0
85,109,98,91,36.3,chest pain|breathlessness,diabetes|asthma,0
35,108,95,116,36.4,,asthma,1
31,183,64,85,39.8,,asthma,2
45,103,64,121,39.8,,,2
51,188,61,70,37.9,fever,diabetes|asthma,2
86,153,82,73,39.8,dizziness|breathlessness,,1
83,136,102,61,38.6,dizziness|fever,asthma|hypertension,1
28,119,110,112,39.3,dizziness|chest pain,,1
88,114,90,113,38.2,dizziness,,1
86,155,105,109,37.7,chest pain|dizziness,asthma,1
35,137,84,77,37.4,chest pain|breathlessness,hypertension,0
32,172,82,66,36.8,,asthma,2
88,119,84,60,37.8,dizziness,hypertension,0
34,152,95,100,37.7,fever|chest pain,asthma,0
79,169,85,89,38.1,breathlessness|fever,,0
90,142,63,140,38.7,,asthma,2
28,152,84,129,39.1,dizziness,asthma|diabetes,2
52,109,60,93,37.0,fever|breathlessness,,0
61,157,63,123,37.1,dizziness,,2
19,145,68,77,38.6,dizziness|breathlessness,hypertension,1
62,144,87,84,37.0,breathlessness,,0
88,178,60,94,36.7,fever,asthma|hypertension,2
49,181,77,104,37.6,chest pain|breathlessness,hypertension,2
39,102,77,112,38.1,dizziness,,1
55,116,65,135,37.7,chest pain|dizziness,asthma,2
21,108,67,69,36.5,breathlessness|chest pain,diabetes,0
42,100,78,99,39.4,,asthma,1
25,130,107,112,38.4,dizziness,diabetes,1
41,139,82,116,39.4,,diabetes|asthma,1
55,111,69,84,39.4,breathlessness,asthma,1
41,132,78,117,38.8,fever|dizziness,,1
34,173,76,122,39.2,dizziness|fever,,2
42,120,75,99,39.0,,asthma|diabetes,1
25,150,86,100,37.9,dizziness|chest pain,hypertension|asthma,0
62,123,97,106,39.6,fever|breathlessness,asthma,1
36,166,75,110,39.7,,hypertension|diabetes,1
61,128,82,124,39.9,breathlessness|dizziness,,2
65,104,100,99,38.0,,,0
73,102,67,65,38.2,chest pain,hypertension|asthma,0
22,135,108,135,38.4,dizziness,hypertension,2
78,139,110,123,39.4,fever,hypertension,2
45,185,69,116,38.7,,asthma|diabetes,2
37,110,80,80,38.3,fever,,0
72,185,64,64,40.0,,asthma|diabetes,2
82,115,106,114,38.7,breathlessness|chest pain,diabetes|asthma,1
85,116,77,74,37.5,dizziness|fever,hypertension,0
20,166,76,119,38.7,dizziness|breathlessness,,1
57,125,82,90,36.6,,diabetes,0
20,105,98,123,37.2,chest pain|fever,hypertension|asthma,2
21,123,60,61,39.6,,diabetes|asthma,1
35,151,97,105,38.5,fever,,1
72,169,71,131,36.7,,hypertension,2
21,128,108,103,36.8,,diabetes|asthma,1
57,113,66,113,36.2,dizziness|chest pain,,1
71,120,66,88,37.8,,hypertension|diabetes,0
20,175,71,61,39.1,dizziness,,2
35,103,99,126,39.4,chest pain|dizziness,hypertension|diabetes,2
29,123,87,110,39.3,dizziness|fever,hypertension|asthma,1
48,120,77,68,37.8,breathlessness,asthma|hypertension,0
88,160,96,104,38.7,,,1
68,147,69,68,38.1,chest pain,hypertension|diabetes,0
81,159,84,117,39.2,fever|chest pain,hypertension|asthma,1
74,130,67,117,39.7,breathlessness|fever,hypertension,1
35,145,110,102,38.0,fever,diabetes,1
23,183,78,83,38.1,dizziness|fever,hypertension|asthma,2
61,145,88,61,38.3,dizziness|chest pain,,0
81,161,72,69,37.9,chest pain|dizziness,,0
90,158,78,97,37.1,,asthma,0
81,163,68,114,39.3,fever,hypertension|asthma,1
88,138,62,138,37.3,fever|breathlessness,,2
88,174,92,138,36.4,dizziness,hypertension,2
29,146,72,84,37.7,fever,asthma|diabetes,0
21,177,103,129,39.5,chest pain|dizziness,asthma|diabetes,2
38,169,82,124,38.6,fever,diabetes|hypertension,2
48,130,98,127,39.0,fever|breathlessness,,2
38,105,94,68,36.2,breathlessness,asthma|hypertension,0
57,188,89,122,37.7,,,2
58,147,81,121,39.1,dizziness,,2
31,128,68,95,37.0,,diabetes,0
36,148,67,131,37.8,fever|dizziness,diabetes,2
50,165,64,75,37.2,dizziness,,0
42,160,66,72,40.0,,hypertension,1
82,151,78,126,36.6,chest pain,asthma,2
70,161,78,98,37.1,,hypertension,0
44,148,97,85,37.3,chest pain,asthma|diabetes,0
42,149,103,76,39.0,breathlessness,hypertension,1
46,142,68,89,38.7,,diabetes|asthma,1
81,115,60,140,37.4,chest pain|breathlessness,,2
38,102,98,125,37.7,,diabetes|hypertension,2
86,106,101,66,39.7,breathlessness,,1
88,138,95,136,38.3,,,2
35,140,75,82,37.7,,asthma,0
73,158,106,108,37.8,fever|breathlessness,asthma|hypertension,1
22,108,98,108,36.8,dizziness|chest pain,asthma,1
44,132,83,85,37.8,fever,hypertension,0
85,129,76,79,38.2,fever,,0
47,140,87,128,38.7,fever|dizziness,,2
89,168,92,128,36.8,,diabetes|hypertension,2
88,151,71,114,38.6,,diabetes|asthma,1
75,114,85,129,38.4,,,2
49,123,72,118,37.0,,asthma|diabetes,1
81,164,71,103,37.7,,hypertension,1
73,103,101,63,36.9,chest pain|dizziness,diabetes|asthma,0
21,120,64,109,38.2,chest pain|fever,hypertension,1
79,151,92,67,37.2,,asthma,0
56,105,110,113,37.5,,hypertension|diabetes,1
41,187,100,120,36.9,chest pain,asthma|hypertension,2
58,114,60,102,39.7,breathlessness|dizziness,,1
31,126,71,110,36.4,,diabetes|hypertension,1
55,144,81,72,39.5,chest pain,diabetes|hypertension,1
66,148,77,60,39.4,chest pain|breathlessness,,1
80,128,101,117,36.1,,asthma,1
87,158,86,75,38.8,fever|chest pain,hypertension,1
63,161,95,97,37.6,chest pain|breathlessness,asthma|diabetes,0
47,149,60,132,38.2,breathlessness|chest pain,,2
44,115,70,78,37.5,chest pain|breathlessness,asthma|hypertension,0
70,129,90,121,38.7,chest pain,asthma,2
65,150,81,72,39.4,fever|chest pain,,1
25,112,80,94,38.5,chest pain|fever,diabetes|hypertension,0
23,118,106,128,39.0,breathlessness,diabetes,2
38,167,66,100,36.2,dizziness|breathlessness,,0
80,153,78,110,38.6,chest pain|fever,asthma|hypertension,1
88,155,97,121,37.5,chest pain|fever,hypertension,2
62,128,84,107,38.6,,diabetes,1
50,167,64,88,37.6,,diabetes|asthma,0
88,160,109,116,37.3,chest pain,,1
60,184,92,68,37.7,chest pain|dizziness,,2
30,154,67,135,37.7,fever|breathlessness,asthma,2
76,189,91,116,39.6,dizziness|fever,asthma,2
41,109,89,126,36.4,chest pain,,2
79,179,105,82,37.6,chest pain,,2
51,141,99,116,38.6,,,1
81,159,99,115,38.9,dizziness,asthma|diabetes,1
49,130,84,80,36.3,fever|breathlessness,diabetes,0
27,182,72,71,36.4,,diabetes,2
70,185,84,69,37.9,fever|chest pain,diabetes,2
88,184,85,112,39.4,chest pain,,2
48,103,95,130,38.7,,asthma,2
47,124,95,136,36.7,chest pain|dizziness,diabetes|hypertension,2
52,136,67,79,38.8,,asthma|hypertension,1
62,157,61,103,36.7,,asthma,1
44,110,89,65,39.6,,diabetes|hypertension,1
84,186,67,81,39.4,breathlessness,asthma|hypertension,2
51,152,91,131,39.8,breathlessness|fever,diabetes,2
43,125,68,136,36.6,,,2
72,152,61,101,37.1,chest pain,,1
69,143,109,100,39.3,fever,hypertension|asthma,1
62,120,82,63,39.4,breathlessness|dizziness,,1
81,188,105,97,36.1,fever,hypertension|asthma,2
62,129,99,76,39.8,fever|dizziness,,1
86,167,92,137,38.2,,diabetes,2
84,138,60,91,38.1,,asthma,0
89,168,76,96,39.8,fever|chest pain,,1
67,146,87,77,38.3,chest pain,diabetes|asthma,0
39,118,95,114,39.8,fever,asthma|diabetes,1
53,145,65,85,37.1,fever|breathlessness,,0
18,135,86,130,36.6,dizziness,,2
18,112,101,70,38.3,dizziness|fever,,0
87,143,97,93,36.1,,hypertension,0
57,109,65,94,37.1,,diabetes,0
65,100,63,92,38.8,fever|chest pain,asthma|diabetes,1
78,162,110,100,39.9,breathlessness|dizziness,,1
18,148,100,78,39.2,chest pain,hypertension,1
53,104,77,134,36.4,breathlessness,diabetes,2
79,160,90,72,37.4,,hypertension|diabetes,0
69,134,104,125,38.1,dizziness|fever,,2
53,114,84,109,38.8,,asthma,1
35,173,105,137,38.8,,diabetes|asthma,2
33,110,71,75,39.7,fever|chest pain,hypertension|asthma,1
68,139,71,70,37.6,chest pain|dizziness,,0
38,125,100,121,39.6,,,2
82,187,109,83,37.3,fever,,2
74,167,71,103,38.3,chest pain|fever,hypertension|asthma,1
89,134,91,84,38.2,,diabetes|asthma,0
81,102,89,71,37.8,dizziness,,0
47,124,78,126,37.4,fever,diabetes|asthma,2
39,153,74,81,36.6,dizziness,diabetes,0
43,179,61,82,38.6,fever|dizziness,hypertension|asthma,2
25,171,73,90,38.0,fever|chest pain,hypertension,2
55,187,72,78,39.5,,hypertension,2
52,150,109,63,36.3,dizziness,,0
54,135,102,87,36.7,chest pain,,0
29,159,60,101,37.6,,,1
35,130,106,87,37.6,dizziness|fever,diabetes|hypertension,0
85,141,96,85,36.7,dizziness,,0
65,100,98,126,39.2,chest pain,,2
32,115,90,92,38.5,fever|breathlessness,asthma,0
61,165,103,125,38.8,dizziness|fever,,2
68,143,108,133,39.9,dizziness,asthma|hypertension,2
63,142,85,132,36.3,,diabetes,2
24,177,66,117,38.1,fever|breathlessness,,2
79,113,92,128,38.2,,hypertension|diabetes,2
37,148,94,111,38.3,fever|breathlessness,asthma|diabetes,1
63,109,62,124,39.0,fever|chest pain,diabetes|asthma,2
60,169,83,89,39.4,fever,asthma|hypertension,1
51,162,64,66,38.9,breathlessness|fever,,1
31,165,79,106,36.5,fever,hypertension|diabetes,1
67,175,96,79,38.1,fever|dizziness,asthma|diabetes,2
50,171,63,111,37.5,,,2
87,185,69,97,38.7,fever,hypertension|asthma,2
41,117,66,131,39.9,,hypertension|diabetes,2
53,131,68,75,38.8,breathlessness,,1
28,174,83,138,37.3,,asthma,2
38,146,103,64,36.2,,diabetes,0
25,157,105,100,38.5,fever,,0
66,154,102,108,37.1,chest pain|dizziness,diabetes,1
89,118,64,114,37.6,fever,diabetes|asthma,1
75,155,93,130,38.9,fever,,2
28,190,91,101,39.7,fever,asthma|hypertension,2
28,127,106,130,38.8,,asthma|diabetes,2
80,160,106,110,39.7,fever,hypertension|diabetes,1
82,166,76,94,37.7,breathlessness|chest pain,,0
31,164,105,111,38.7,,,1
58,139,98,62,39.8,,diabetes|asthma,1
30,140,110,122,36.5,,asthma|hypertension,2
31,144,91,119,36.9,fever,,1
42,162,87,129,39.9,breathlessness|dizziness,,2
71,160,81,114,39.2,,asthma|diabetes,1
19,151,93,106,37.6,dizziness,,1
57,130,108,136,38.1,dizziness,,2
41,173,72,124,39.2,,asthma,2
80,122,87,87,38.2,fever|chest pain,hypertension|asthma,0
50,168,99,130,38.9,chest pain|fever,hypertension,2
76,166,107,119,38.3,chest pain|dizziness,hypertension,1
37,102,63,85,37.2,fever|chest pain,hypertension|diabetes,0
68,186,71,68,37.4,,diabetes|hypertension,2
30,172,86,117,37.2,chest pain|dizziness,asthma|diabetes,2
67,112,98,131,38.5,dizziness,hypertension|diabetes,2
34,186,96,119,37.8,chest pain,,2
60,112,110,109,39.8,breathlessness|fever,diabetes,1
28,170,71,60,37.8,dizziness|fever,,0
78,164,108,95,36.2,,hypertension,0
63,178,77,81,38.8,,hypertension,2
70,117,67,96,38.8,,hypertension,1
29,153,64,138,37.2,breathlessness|chest pain,,2
36,137,88,96,38.7,,asthma|diabetes,1
88,178,62,140,37.7,,asthma|hypertension,2
57,125,80,119,36.1,fever|breathlessness,diabetes|hypertension,1
64,127,90,78,37.6,dizziness,hypertension|asthma,0
44,163,68,65,38.6,fever|breathlessness,,1
36,168,80,98,39.1,fever,,1
49,112,77,84,39.1,dizziness,,1
79,184,76,71,38.3,breathlessness|fever,asthma,2
79,174,86,90,36.7,,diabetes|asthma,2
66,123,104,111,36.3,,,1
39,146,69,98,39.8,breathlessness|fever,,1
62,180,83,92,38.9,fever,,2
46,135,76,98,38.2,dizziness|breathlessness,hypertension,0
32,115,72,90,38.7,chest pain,,1
19,125,70,92,39.3,fever,asthma|diabetes,1
32,128,102,69,39.4,,diabetes,1
64,117,100,117,36.6,,hypertension,1
83,152,93,110,37.3,fever,diabetes|hypertension,1
43,118,72,128,36.5,chest pain|breathlessness,asthma,2
60,124,86,101,38.7,breathlessness,diabetes|hypertension,1
48,121,95,97,40.0,,asthma,1
71,178,95,130,36.5,chest pain|breathlessness,,2
65,152,69,69,36.6,,asthma,0
40,171,79,86,37.5,breathlessness|dizziness,hypertension,2
48,101,91,66,36.6,,,0
63,168,87,103,38.4,fever,,1
41,145,79,65,39.7,chest pain,asthma|hypertension,1
62,169,64,119,39.7,,,1
26,156,96,129,36.5,dizziness,hypertension|diabetes,2
90,174,89,64,37.5,chest pain,,2
18,180,86,129,37.1,fever,hypertension,2
42,102,103,120,38.2,breathlessness|fever,hypertension,1
43,121,67,75,36.5,,hypertension,0
67,141,71,67,37.0,dizziness|breathlessness,,0
90,102,92,113,36.7,chest pain|breathlessness,,1
57,156,92,102,38.5,breathlessness|dizziness,asthma,1
79,144,69,94,37.2,dizziness,diabetes,0
64,147,81,108,37.4,,asthma,1
53,130,70,99,37.8,,hypertension,0
26,153,91,95,36.5,dizziness,,0
68,142,106,98,36.7,,hypertension,0
59,164,79,112,39.4,fever|breathlessness,,1
55,132,85,91,38.8,fever|chest pain,diabetes,1
74,131,80,75,38.5,dizziness|breathlessness,asthma,0
80,170,102,134,38.4,,,2
81,100,94,119,39.0,fever,diabetes|hypertension,1
54,184,107,138,38.1,fever,,2
38,131,80,71,39.1,,,1
39,183,74,135,38.6,fever|breathlessness,diabetes|hypertension,2
63,164,70,100,37.2,chest pain,,0
89,172,92,131,37.3,dizziness|breathlessness,asthma,2
71,120,89,87,36.6,,hypertension,0
48,147,107,129,38.2,chest pain|dizziness,,2
35,181,66,88,36.9,,diabetes|asthma,2
88,132,85,128,36.6,breathlessness,,2
28,117,83,128,38.1,fever,,2
78,112,102,110,37.2,dizziness|chest pain,,1
83,183,80,79,39.9,,asthma,2
85,151,60,123,36.4,,hypertension,2
87,129,85,126,36.2,,,2
80,137,77,103,39.9,chest pain,asthma,1
26,170,94,77,37.7,fever,,0
27,129,103,90,36.7,chest pain|breathlessness,,0
29,131,68,111,39.0,fever,,1
90,152,102,130,36.8,dizziness,diabetes|asthma,2
41,106,68,105,36.7,,,1
36,180,82,68,39.3,chest pain|dizziness,asthma,2
30,103,106,109,38.1,fever,diabetes|asthma,1
62,137,92,108,39.9,fever|breathlessness,diabetes|asthma,1
63,134,99,139,39.1,,diabetes,2
21,106,102,73,37.7,,diabetes|asthma,0
53,166,108,61,36.0,breathlessness,diabetes,0
67,151,69,78,37.6,chest pain,diabetes|asthma,0
74,107,95,104,36.0,breathlessness,diabetes|asthma,1
47,123,109,66,36.5,dizziness,diabetes|hypertension,0
63,186,74,104,39.0,,asthma,2
41,184,99,101,37.8,chest pain,hypertension,2
66,179,91,129,39.2,chest pain|dizziness,hypertension|asthma,2
22,110,89,132,36.5,fever|breathlessness,,2
79,186,69,75,38.5,chest pain,asthma,2
50,122,85,103,36.7,,,1
60,139,95,79,39.5,,,1
34,177,91,60,39.5,breathlessness,hypertension,2
19,134,91,116,37.5,chest pain|dizziness,,1
89,131,71,130,38.7,,hypertension|asthma,2
72,118,61,130,37.4,dizziness,hypertension|diabetes,2
84,143,103,103,36.5,breathlessness,,1
49,104,94,108,38.7,dizziness|breathlessness,diabetes,1
69,146,97,109,39.1,breathlessness|chest pain,hypertension,1
42,169,64,84,38.1,chest pain|dizziness,diabetes,0
36,159,84,117,38.1,breathlessness,,1
53,174,85,71,37.6,breathlessness,asthma|diabetes,2
74,166,107,64,37.9,breathlessness|chest pain,hypertension|diabetes,0
19,118,73,71,36.3,chest pain|dizziness,,0
87,121,71,116,36.3,dizziness,diabetes|hypertension,1
65,131,96,103,36.9,fever|dizziness,,1
37,180,109,112,37.9,breathlessness,,2
40,135,96,80,38.6,,diabetes,1
87,100,71,139,38.6,,diabetes|asthma,2
29,152,70,116,39.9,breathlessness|fever,,1
24,134,101,113,39.9,,diabetes|asthma,1
36,158,94,137,37.9,,diabetes|asthma,2
24,155,64,104,38.3,,hypertension,1
66,151,74,106,38.8,,asthma,1
33,190,62,91,36.1,fever,,2
31,151,93,82,37.1,,hypertension,0
49,109,85,115,39.8,fever|breathlessness,,1
74,177,80,97,38.8,dizziness,asthma|diabetes,2
50,130,100,111,39.4,breathlessness,hypertension|diabetes,1
35,131,64,68,38.8,chest pain|breathlessness,asthma|hypertension,1
69,107,68,92,37.8,fever,,0
49,140,77,75,39.1,,diabetes|hypertension,1
62,133,89,66,38.8,chest pain|breathlessness,,1
39,159,64,76,38.9,chest pain|dizziness,hypertension|asthma,1
33,162,88,139,39.3,dizziness|chest pain,asthma,2
35,136,78,102,37.0,dizziness,hypertension,1
27,171,100,63,37.1,dizziness|chest pain,asthma|hypertension,2
54,174,107,71,36.8,,asthma|hypertension,2
26,170,70,101,36.7,,asthma,1
89,153,107,61,39.4,,diabetes|asthma,1
39,160,87,102,36.7,chest pain|dizziness,,1
58,103,84,113,37.7,fever,,1
89,135,104,64,37.5,breathlessness,asthma,0
90,116,107,71,38.5,fever,,0
45,174,103,73,36.2,chest pain,diabetes|asthma,2
85,154,68,97,38.4,chest pain|dizziness,diabetes,0
38,183,86,137,37.4,dizziness,asthma|hypertension,2
67,135,65,100,39.9,breathlessness|fever,,1
72,105,83,61,36.6,,,0
83,182,97,130,39.3,chest pain|fever,hypertension|asthma,2
84,147,100,109,37.1,,hypertension|asthma,1
24,157,95,102,37.5,,asthma,1
79,129,107,91,37.3,chest pain|dizziness,,0
35,127,110,75,39.8,chest pain|breathlessness,,1
68,132,85,116,36.1,,hypertension|diabetes,1
60,147,63,83,38.1,fever,hypertension,0
82,101,100,94,36.0,,hypertension,0
67,187,67,131,36.7,,hypertension|asthma,2
71,163,63,97,37.2,,hypertension,0
73,185,64,67,38.4,fever|chest pain,,2
21,129,101,97,37.3,breathlessness,asthma|diabetes,0
43,125,85,97,38.9,dizziness|breathlessness,asthma,1
62,129,110,114,36.8,dizziness|breathlessness,hypertension|diabetes,1
42,151,71,104,39.9,dizziness|breathlessness,hypertension|asthma,1
37,122,63,88,36.2,breathlessness,asthma|hypertension,0
64,153,70,79,38.3,,hypertension,0
77,147,71,100,39.6,dizziness,,1
39,136,104,133,38.6,,,2
28,188,78,119,37.9,dizziness|chest pain,,2
35,103,62,90,37.0,,,0
45,122,105,74,38.3,breathlessness,hypertension|asthma,0
27,120,95,102,37.8,breathlessness|dizziness,diabetes|hypertension,1
37,180,76,89,37.3,dizziness|breathlessness,,2
52,166,78,138,37.4,dizziness|fever,diabetes,2
74,116,90,113,38.1,,hypertension|asthma,1
30,122,91,135,36.2,chest pain|fever,hypertension,2
34,106,100,102,39.8,dizziness|chest pain,,1
37,156,104,132,37.0,dizziness|fever,diabetes,2
42,116,79,89,36.8,fever|breathlessness,,0
47,137,61,116,38.7,,,1
53,156,96,118,37.3,breathlessness|dizziness,hypertension|diabetes,1
87,169,81,120,37.4,,,1
51,175,88,91,38.2,,asthma,2
61,184,84,133,36.0,,hypertension,2
74,143,81,118,37.5,,,1
83,147,104,98,38.9,dizziness|chest pain,,1
47,129,74,98,38.2,dizziness,asthma,0
30,152,87,86,39.1,,,1
72,123,89,61,37.4,fever|breathlessness,,0
54,138,70,95,37.1,breathlessness,hypertension|asthma,0
87,123,79,118,38.7,fever|breathlessness,diabetes,1
60,170,85,98,38.9,,,1
78,166,92,117,37.6,,diabetes|hypertension,1
87,139,86,125,36.1,dizziness,asthma|diabetes,2
66,184,102,79,36.1,dizziness,,2
55,119,90,96,38.8,dizziness|breathlessness,diabetes|hypertension,1
28,104,62,90,36.3,fever,hypertension|diabetes,0
33,106,87,116,39.4,fever,hypertension,1
79,143,91,96,38.0,fever|dizziness,diabetes,0
52,125,60,86,37.1,,,0
31,162,109,136,36.0,breathlessness|chest pain,diabetes|hypertension,2
67,189,83,105,38.3,breathlessness|fever,hypertension|diabetes,2
62,157,82,87,37.6,breathlessness,hypertension|diabetes,0
25,169,61,118,38.3,dizziness|breathlessness,diabetes,1
72,167,76,93,39.5,breathlessness,diabetes|asthma,1
35,102,97,89,38.0,breathlessness|dizziness,asthma,0
51,181,87,90,39.7,dizziness,diabetes|asthma,2
47,118,88,62,38.8,chest pain,hypertension,1
71,173,65,139,36.1,,diabetes|asthma,2
81,180,81,82,38.3,,asthma,2
20,169,99,129,36.5,dizziness|chest pain,hypertension|diabetes,2
84,125,93,101,36.6,dizziness,,1
30,164,89,107,37.9,fever|chest pain,diabetes|asthma,1
81,183,102,113,36.7,,,2
23,153,66,82,36.1,chest pain,asthma|diabetes,0
90,177,84,92,39.8,chest pain|fever,diabetes,2
21,170,75,101,39.1,,,1
64,176,106,88,39.8,,,2
41,114,70,74,36.1,dizziness|fever,,0
31,125,92,72,36.5,breathlessness|fever,hypertension,0
59,165,103,105,39.9,chest pain|breathlessness,hypertension,1
87,169,83,138,38.3,dizziness,diabetes,2
75,151,73,65,36.2,,,0
82,163,107,110,37.9,chest pain,hypertension,1
20,168,98,82,37.8,breathlessness,diabetes|hypertension,0
84,122,70,103,36.8,,,1
22,113,110,133,36.1,breathlessness,hypertension|asthma,2
31,158,65,137,39.8,fever|chest pain,asthma,2
36,123,79,125,36.9,chest pain|breathlessness,,2
89,130,94,100,37.9,breathlessness|chest pain,,0
50,146,77,137,37.0,chest pain,asthma,2
18,177,100,86,39.0,breathlessness,asthma|hypertension,2
76,135,80,61,38.9,,hypertension|diabetes,1
65,122,104,83,39.4,chest pain|breathlessness,asthma,1
20,164,81,130,37.5,fever,asthma|diabetes,2
80,145,79,92,36.6,fever|chest pain,,0
21,153,60,113,39.6,fever,diabetes|hypertension,1
55,114,93,63,38.9,,hypertension|asthma,1
33,181,87,107,36.4,dizziness,diabetes|hypertension,2
39,128,99,84,38.3,dizziness,,0
40,150,85,118,38.8,,asthma,1
50,184,93,81,39.2,,,2
84,153,109,61,36.4,,diabetes,0
85,123,60,73,38.4,chest pain|fever,hypertension|asthma,0
59,154,77,80,37.1,,diabetes|hypertension,0
32,125,98,115,39.0,,asthma,1
85,104,66,87,38.2,chest pain|breathlessness,,0
87,172,80,68,38.1,,,2
48,155,85,89,38.8,fever,,1
49,152,99,89,37.8,,hypertension,0
83,153,82,104,39.7,chest pain|fever,hypertension|asthma,1
47,112,74,81,36.0,,asthma|hypertension,0
66,120,83,95,39.2,chest pain,hypertension,1
67,123,77,107,39.8,fever,diabetes|asthma,1
77,181,106,94,37.3,dizziness,hypertension|diabetes,2
78,160,78,67,37.3,,,0
88,124,60,68,37.6,breathlessness,diabetes|asthma,0
28,143,107,114,37.5,,asthma|hypertension,1
86,138,95,74,38.5,chest pain,hypertension|diabetes,0
40,176,86,60,38.6,,hypertension,2
56,116,84,129,37.9,,asthma|hypertension,2
85,119,85,130,36.0,,hypertension|asthma,2
89,175,93,122,38.7,fever,hypertension,2
72,112,94,115,38.0,,hypertension,1
40,140,94,100,38.5,dizziness,diabetes,0
65,161,106,79,37.4,,diabetes,0
35,148,86,134,37.5,,,2
83,167,89,90,38.0,breathlessness|dizziness,diabetes,0
56,171,85,81,37.6,fever,hypertension|diabetes,2
76,132,75,70,38.2,breathlessness,asthma|diabetes,0
84,110,106,105,38.1,dizziness|fever,,1
54,161,78,129,37.9,,,2
27,123,109,109,37.9,fever,diabetes|hypertension,1
79,178,99,121,39.4,chest pain|fever,,2
70,114,72,98,39.6,breathlessness,,1
40,183,83,100,37.9,breathlessness|fever,diabetes|asthma,2
41,114,79,81,36.4,,asthma,0
23,118,70,98,36.0,chest pain,,0
32,106,76,107,37.1,chest pain|fever,,1
76,130,97,65,38.2,dizziness,,0
29,190,81,122,38.1,chest pain|dizziness,hypertension,2
62,132,63,129,36.6,dizziness,hypertension|asthma,2
25,103,66,73,38.2,,asthma|hypertension,0
58,165,71,63,37.0,breathlessness|fever,,0
53,106,63,86,40.0,breathlessness|chest pain,hypertension,1
57,187,107,133,39.8,chest pain,asthma|hypertension,2
75,101,93,112,36.8,dizziness|fever,hypertension,1
73,169,109,79,36.4,fever,,0
79,177,99,94,38.9,dizziness,,2
45,102,60,112,38.7,fever|chest pain,hypertension|asthma,1
23,144,62,89,38.4,,,0
22,168,74,66,36.2,,diabetes|asthma,0
49,175,90,125,38.0,,hypertension,2
48,150,81,112,36.4,,hypertension,1
37,138,79,104,38.5,dizziness,,1
54,166,93,93,39.9,chest pain|fever,hypertension|diabetes,1
77,118,60,109,36.8,dizziness|breathlessness,,1
56,122,99,107,38.8,dizziness,asthma|diabetes,1
46,149,73,72,37.3,breathlessness,diabetes|hypertension,0
89,124,71,85,37.8,breathlessness,,0
57,156,64,121,36.4,fever,hypertension|asthma,2
24,130,99,67,39.4,,diabetes|hypertension,1
61,149,98,109,37.8,chest pain|dizziness,asthma,1
67,168,100,79,38.1,,,0
23,176,104,135,36.6,breathlessness,asthma|hypertension,2
87,157,93,105,37.4,chest pain,hypertension,1
32,130,93,99,39.1,breathlessness|fever,asthma,1
31,118,73,66,37.7,dizziness,diabetes,0
71,142,87,101,39.1,chest pain,,1
80,165,104,119,39.8,fever|dizziness,hypertension|asthma,1
26,166,98,100,38.0,,diabetes|asthma,0
55,132,104,78,37.3,fever,diabetes|asthma,0
25,171,98,74,37.6,breathlessness,diabetes|hypertension,2
71,184,95,114,39.5,,hypertension,2
88,167,90,116,36.6,fever,,1
40,177,66,110,36.5,,diabetes,2
82,172,83,104,37.2,fever,hypertension,2
58,190,64,91,39.2,chest pain,asthma,2
89,115,66,98,37.5,breathlessness,asthma|hypertension,0
77,150,63,74,39.9,,diabetes|asthma,1
77,173,77,90,38.2,,asthma,2
30,178,91,88,36.7,chest pain,diabetes|asthma,2
22,150,104,110,37.2,,diabetes,1
89,143,99,120,36.1,fever|dizziness,asthma|hypertension,1
23,131,108,112,37.1,fever,hypertension,1
69,114,74,60,38.7,dizziness,,1
75,189,69,105,39.5,breathlessness|chest pain,,2
89,178,73,62,36.4,,,2
30,119,102,124,36.3,fever|breathlessness,,2
58,150,68,95,36.5,,asthma|hypertension,0
30,123,90,74,36.6,breathlessness,,0
20,113,101,77,38.4,chest pain|breathlessness,,0
51,156,66,134,39.9,chest pain|breathlessness,hypertension|diabetes,2
77,118,103,110,39.0,breathlessness|fever,,1
90,156,66,123,37.7,fever,,2
59,120,92,117,39.4,breathlessness|dizziness,,1
75,110,89,77,39.5,,diabetes|asthma,1
30,179,65,65,37.9,fever|breathlessness,diabetes|hypertension,2
85,146,82,82,36.7,breathlessness,hypertension|diabetes,0
45,146,89,128,37.5,breathlessness|fever,,2
47,106,105,112,36.5,,,1
84,175,84,90,37.5,fever|chest pain,diabetes,2
18,184,101,91,37.5,fever,diabetes|hypertension,2
37,174,63,68,37.9,dizziness|chest pain,,2
67,139,94,139,39.3,,,2
84,180,78,98,36.3,breathlessness,hypertension|diabetes,2
70,186,98,100,39.6,,asthma|diabetes,2
38,174,63,104,37.5,fever|breathlessness,diabetes|asthma,2
45,151,67,83,40.0,fever|breathlessness,diabetes|hypertension,1
58,104,70,114,37.2,breathlessness,hypertension|diabetes,1
79,135,81,136,36.7,fever,hypertension|asthma,2
34,150,95,132,38.0,,asthma|hypertension,2
23,146,105,112,38.5,chest pain,diabetes,1
50,105,98,73,38.4,,hypertension|diabetes,0
48,182,77,120,37.3,chest pain|breathlessness,asthma|hypertension,2
83,162,63,106,39.0,,hypertension,1
28,154,105,75,39.7,breathlessness|dizziness,asthma,1
55,190,75,112,38.3,,diabetes|asthma,2
66,180,60,116,39.0,breathlessness|fever,asthma,2
88,140,65,123,36.9,breathlessness,diabetes,2
84,132,107,123,40.0,,hypertension,2
61,148,99,117,37.1,,diabetes,1
41,107,88,78,37.4,,diabetes,0
32,171,91,84,38.9,,hypertension,2
49,106,63,66,37.8,breathlessness,hypertension,0
19,128,75,78,38.3,,asthma|hypertension,0
87,130,80,93,39.0,chest pain,,1
86,119,76,73,38.2,chest pain,asthma,0
82,143,80,93,36.6,,asthma,0
54,170,78,101,36.1,dizziness,asthma|hypertension,1
21,146,89,95,36.3,fever,diabetes|asthma,0
74,147,89,84,39.3,fever,hypertension|diabetes,1
55,135,67,87,37.0,chest pain|dizziness,,0
23,126,70,123,38.1,chest pain|fever,,2
66,133,108,109,37.8,chest pain|breathlessness,,1
34,114,64,98,38.1,,hypertension|asthma,0
50,179,105,112,39.5,,,2
28,162,107,119,40.0,chest pain|breathlessness,hypertension,1
40,138,100,106,39.8,fever|dizziness,hypertension|diabetes,1
21,180,82,73,39.9,fever|chest pain,diabetes,2
51,145,107,101,37.6,breathlessness,hypertension|diabetes,1
62,186,78,74,38.8,breathlessness,,2
35,144,68,95,38.2,dizziness,asthma|diabetes,0
37,160,69,116,36.4,fever,diabetes,1
79,102,107,120,37.4,breathlessness|dizziness,asthma,1
84,104,105,121,39.5,,,2
82,157,71,74,39.6,fever|dizziness,,1
89,122,96,61,38.4,dizziness|fever,asthma|diabetes,0
38,152,97,124,37.1,,diabetes|hypertension,2
42,179,83,82,39.4,dizziness,asthma,2
49,153,103,108,38.0,dizziness,hypertension|diabetes,1
72,133,66,103,38.9,breathlessness|chest pain,,1
71,139,72,73,39.5,chest pain|breathlessness,,1
53,187,88,110,36.9,,diabetes,2
35,169,66,84,38.3,dizziness|breathlessness,asthma|hypertension,0
63,151,102,126,37.8,chest pain|fever,diabetes|asthma,2
44,138,66,100,37.7,breathlessness|dizziness,hypertension,0
80,138,74,132,38.2,chest pain,hypertension|asthma,2
81,121,83,97,37.9,fever|chest pain,hypertension|diabetes,0
52,106,60,86,39.0,breathlessness|chest pain,hypertension|asthma,1
79,137,78,104,36.2,,diabetes|hypertension,1
55,131,96,62,37.2,dizziness,hypertension|diabetes,0
61,106,91,112,39.4,,diabetes|hypertension,1
54,190,65,110,36.1,chest pain|fever,,2
40,103,88,119,39.6,dizziness,diabetes,1
35,163,90,114,36.2,chest pain,diabetes|hypertension,1
75,158,110,126,38.6,chest pain,,2
52,113,104,100,36.8,,asthma,0
66,147,67,122,37.0,dizziness|breathlessness,,2
33,113,103,63,36.6,fever,diabetes,0
32,108,67,72,38.4,chest pain|fever,diabetes,0
83,186,75,88,39.7,breathlessness,asthma,2
45,103,103,118,36.2,chest pain|fever,asthma,1
46,101,71,66,36.7,dizziness|chest pain,hypertension,0
59,102,109,128,39.3,breathlessness|dizziness,,2
49,115,92,64,39.6,dizziness|chest pain,asthma|diabetes,1
37,139,67,105,38.8,breathlessness|fever,hypertension,1
62,141,93,71,36.3,chest pain,,0
38,171,110,80,36.6,breathlessness|dizziness,asthma,2
36,102,83,80,36.4,dizziness|chest pain,,0
74,113,104,99,37.4,,hypertension|asthma,0
23,153,95,115,37.7,chest pain,hypertension,1
87,122,72,125,39.6,,diabetes,2
56,168,83,92,37.4,chest pain,,0
55,168,99,99,39.9,chest pain,hypertension|asthma,1
19,188,90,91,36.2,dizziness,,2
46,134,68,75,39.9,chest pain|breathlessness,asthma|diabetes,1
44,153,73,137,37.1,dizziness|breathlessness,asthma|hypertension,2
50,116,91,89,36.2,,diabetes,0
73,102,97,123,39.6,fever,hypertension,2
80,146,100,127,37.2,breathlessness|chest pain,,2
39,115,70,68,39.4,breathlessness,hypertension,1
50,184,107,131,38.3,,diabetes,2
29,129,66,89,38.5,dizziness|fever,asthma,0
28,174,88,118,37.7,breathlessness|dizziness,hypertension|asthma,2
28,158,97,69,37.9,fever,diabetes,0
38,123,102,139,39.5,,diabetes|asthma,2
89,162,81,123,36.7,,asthma,2
29,123,85,65,36.8,breathlessness|fever,hypertension,0
60,179,92,115,36.0,,,2
67,118,88,115,37.2,,hypertension,1
82,178,89,69,36.6,dizziness|fever,,2
73,146,71,63,39.5,,asthma,1
46,143,87,87,39.5,dizziness,diabetes,1
24,134,75,116,37.4,chest pain,,1
75,144,109,120,37.9,dizziness|chest pain,diabetes|asthma,1
67,102,91,99,39.1,,,1
41,106,85,123,39.6,chest pain|breathlessness,,2
85,175,72,87,38.6,,diabetes,2
31,156,79,89,36.0,chest pain,hypertension,0
59,168,92,78,40.0,breathlessness,asthma,1
36,150,93,95,39.3,dizziness,,1
41,137,91,139,38.8,fever|breathlessness,asthma,2
62,134,91,104,38.6,fever,,1
80,180,86,61,37.9,chest pain,diabetes|asthma,2
67,174,96,71,37.9,breathlessness|dizziness,asthma|diabetes,2
68,159,68,81,38.4,dizziness,hypertension,0
23,179,83,74,39.7,,hypertension,2
26,139,62,99,38.0,dizziness|breathlessness,hypertension|diabetes,0
27,122,88,69,38.3,,,0
23,178,85,97,37.4,,diabetes,2
87,113,89,82,37.8,dizziness,,0
61,144,102,73,38.7,fever|dizziness,,1
65,143,76,134,38.3,dizziness|breathlessness,diabetes|asthma,2
77,146,71,61,37.1,,,0
76,138,83,63,39.2,,,1
69,173,95,131,39.5,,hypertension,2
45,139,75,94,39.4,,diabetes|asthma,1
44,101,100,134,39.5,breathlessness|chest pain,,2
37,146,103,127,38.5,,,2
44,155,107,82,37.7,,asthma|diabetes,0
35,136,89,84,38.8,dizziness|fever,diabetes|asthma,1
71,113,90,88,38.0,dizziness|breathlessness,,0
64,164,71,136,37.6,dizziness|fever,,2
48,150,94,96,39.3,dizziness|fever,asthma,1
75,110,86,107,36.4,fever|breathlessness,,1
66,106,79,115,36.3,,,1
30,136,85,87,37.2,breathlessness|chest pain,diabetes,0
84,129,63,112,39.1,,hypertension|asthma,1
81,116,102,131,39.4,breathlessness,hypertension|diabetes,2
31,156,86,124,37.0,breathlessness,hypertension|diabetes,2
40,136,92,137,39.0,,asthma|hypertension,2
37,137,67,116,37.8,,diabetes|asthma,1
26,105,72,104,36.0,,diabetes,1
23,107,84,105,39.7,dizziness,asthma|hypertension,1
69,169,106,127,38.7,,diabetes|hypertension,2
30,110,82,84,39.4,breathlessness,,1
71,121,64,91,37.3,,,0
54,101,87,100,39.9,chest pain|fever,asthma|hypertension,1
55,102,107,60,39.3,,,1
52,162,78,130,38.4,,,2
65,164,73,133,39.3,breathlessness|dizziness,asthma,2
59,111,109,80,39.2,fever,hypertension|asthma,1
84,189,96,138,37.7,dizziness|chest pain,,2
78,117,66,68,36.6,breathlessness,hypertension,0
80,105,88,115,39.7,dizziness|fever,,1
67,113,70,134,36.1,dizziness,asthma,2
90,155,63,80,39.9,dizziness|breathlessness,diabetes,1
39,160,63,77,36.7,breathlessness,hypertension|diabetes,0
40,148,78,140,38.9,,hypertension,2
50,180,69,77,38.7,chest pain,,2
21,105,98,111,37.9,,hypertension|diabetes,1
89,103,100,92,37.3,,diabetes,0
48,177,63,89,37.1,breathlessness,diabetes|hypertension,2
42,177,82,140,40.0,,asthma,2
46,171,104,81,39.6,,,2
57,152,68,97,37.7,,hypertension|asthma,0
64,159,87,82,38.0,fever,asthma|diabetes,0
86,129,99,138,39.5,breathlessness|fever,,2
51,175,79,128,39.5,,,2
67,109,94,80,38.0,dizziness|fever,,0
45,187,103,134,36.5,dizziness|breathlessness,hypertension,2
57,130,70,83,37.4,breathlessness|dizziness,diabetes|asthma,0
47,186,105,84,36.7,,,2
31,164,62,81,36.4,chest pain,,0
88,152,78,80,39.1,fever,hypertension,1
26,123,65,87,37.0,breathlessness,asthma|hypertension,0
42,180,96,64,38.5,,,2
53,118,99,89,39.4,breathlessness|dizziness,asthma,1
26,166,95,130,38.6,chest pain,hypertension|asthma,2
62,111,84,87,38.7,dizziness,,1
24,126,73,91,36.7,fever,hypertension|asthma,0
90,161,74,135,39.2,breathlessness|dizziness,asthma,2
35,121,81,116,37.3,,asthma|hypertension,1
78,109,71,64,39.6,,,1
20,166,61,72,37.1,,,0
84,118,67,129,36.1,fever,hypertension,2
35,158,86,75,37.1,chest pain,asthma|diabetes,0
49,111,110,117,39.3,,hypertension|asthma,1
47,110,75,70,37.6,,,0
71,112,95,72,37.7,breathlessness|dizziness,hypertension,0
46,188,78,60,39.3,breathlessness,,2
58,149,66,104,38.3,fever,hypertension|diabetes,1
26,128,77,83,36.5,chest pain,hypertension|diabetes,0
26,139,82,109,38.2,fever,asthma,1
31,148,101,140,36.1,chest pain,asthma|hypertension,2
47,104,92,131,37.2,dizziness,hypertension|asthma,2
86,173,72,98,36.8,chest pain|fever,hypertension,2
31,163,60,62,37.5,dizziness|fever,diabetes,0
40,124,89,126,37.0,,asthma,2
84,136,103,111,36.8,,,1
33,118,96,111,37.0,chest pain,asthma,1
37,111,110,138,38.3,,hypertension,2
45,189,95,86,36.4,fever,asthma,2
34,111,92,80,37.2,,diabetes|asthma,0
73,177,80,108,38.4,,,2
59,181,71,66,37.8,fever|breathlessness,hypertension|diabetes,2
38,135,79,132,39.9,dizziness,hypertension,2
19,163,99,64,38.8,,diabetes|asthma,1
65,157,97,136,38.3,breathlessness,,2
75,128,93,97,38.1,chest pain,hypertension|diabetes,0
46,126,77,93,37.3,chest pain|breathlessness,diabetes,0
56,105,68,127,37.0,,diabetes,2
34,158,73,113,37.6,,,1
78,159,78,74,39.3,,hypertension|asthma,1
84,105,81,78,40.0,breathlessness|fever,,1
84,168,65,117,38.2,fever|chest pain,hypertension|asthma,1
37,129,72,125,39.8,,,2
26,182,86,119,38.3,dizziness,hypertension|diabetes,2
83,143,82,62,36.8,,,0
28,109,66,103,36.6,,hypertension|asthma,1
72,180,78,131,39.7,dizziness|chest pain,,2
75,172,106,136,36.6,,asthma,2
20,153,91,139,38.5,breathlessness|dizziness,,2
75,104,99,104,36.9,,,1
52,150,70,84,39.9,chest pain,asthma|hypertension,1
79,107,91,88,39.7,chest pain|dizziness,diabetes|asthma,1
26,104,75,132,38.4,breathlessness,,2
88,100,61,77,38.0,chest pain|dizziness,hypertension,0
87,114,106,91,39.4,fever,diabetes,1
81,172,76,105,37.5,chest pain|fever,hypertension|diabetes,2
59,160,73,92,37.2,chest pain,diabetes,0
65,167,80,130,38.7,,asthma|diabetes,2
67,107,97,90,38.3,chest pain,hypertension,0
68,189,91,81,39.7,chest pain,diabetes|asthma,2
50,163,88,140,39.7,chest pain,,2
74,148,83,129,39.0,breathlessness|chest pain,diabetes,2
33,170,98,110,37.2,breathlessness|dizziness,diabetes,1
19,150,98,101,39.0,dizziness,hypertension|diabetes,1
20,147,76,117,39.4,chest pain|fever,asthma,1
24,159,74,86,37.9,chest pain|fever,hypertension,0
85,130,80,93,37.2,,diabetes,0
53,161,104,61,39.3,fever|dizziness,,1
19,147,101,89,37.2,fever,diabetes,0
84,125,85,132,38.7,dizziness,diabetes|asthma,2
44,157,108,102,39.7,dizziness|fever,,1
23,127,60,104,39.5,,diabetes,1
76,159,63,98,36.9,,diabetes,0
51,108,91,123,36.5,breathlessness|dizziness,hypertension|asthma,2
38,144,84,93,39.3,,hypertension|diabetes,1
19,176,62,129,39.7,breathlessness|chest pain,hypertension|asthma,2
56,157,105,131,36.3,,asthma|hypertension,2
23,173,108,93,39.2,fever,diabetes,2
58,118,107,82,39.3,,,1
51,128,96,73,39.6,chest pain,asthma|diabetes,1
25,104,110,68,39.7,fever,,1
88,123,60,65,37.9,chest pain|breathlessness,diabetes|hypertension,0
44,107,68,92,36.4,dizziness|fever,,0
65,185,101,68,39.2,,,2
62,104,83,112,39.8,,,1
34,134,65,123,38.3,chest pain,diabetes,2
51,103,88,108,38.6,dizziness|chest pain,,1
57,180,91,62,39.8,fever,asthma,2
50,120,84,91,39.1,,,1
54,165,100,131,38.8,chest pain,diabetes,2
66,185,69,75,39.3,,,2
41,184,65,77,37.4,chest pain,,2
70,128,92,62,37.2,,asthma,0
86,134,103,61,37.5,chest pain,hypertension|asthma,0
37,176,73,89,36.8,breathlessness|chest pain,diabetes|hypertension,2
41,107,105,138,39.6,,diabetes,2
42,116,61,94,37.6,chest pain|breathlessness,,0
52,175,68,128,38.1,fever,diabetes,2
23,117,70,80,36.1,chest pain,asthma|hypertension,0
52,166,78,97,36.3,,hypertension|asthma,0
87,187,64,136,37.5,dizziness,,2
21,166,84,115,36.9,fever,asthma,1
28,153,62,105,37.8,fever|breathlessness,,1
40,143,93,101,37.5,dizziness|fever,asthma|diabetes,1
45,177,72,94,38.8,,diabetes|hypertension,2
71,153,88,133,38.3,,asthma|diabetes,2
68,105,79,123,38.4,dizziness,,2
27,165,75,101,37.4,chest pain,asthma,1
27,128,86,125,38.9,fever|chest pain,hypertension,2
83,137,73,75,38.5,dizziness|fever,diabetes|hypertension,0
47,180,62,106,39.2,breathlessness|chest pain,,2
37,102,87,127,37.5,breathlessness|fever,hypertension|diabetes,2
41,107,92,113,38.1,fever,,1
37,171,64,129,37.2,fever|chest pain,diabetes,2
71,108,93,85,38.4,fever,,0
37,179,90,89,38.8,,diabetes|asthma,2
83,148,100,66,38.2,dizziness|chest pain,asthma|hypertension,0
35,172,110,133,38.7,breathlessness|chest pain,,2
69,158,79,66,39.5,breathlessness|fever,,1
50,125,79,131,38.1,chest pain|fever,diabetes|asthma,2
23,147,106,140,37.0,breathlessness|fever,asthma|diabetes,2
82,140,60,110,37.4,fever|chest pain,,1
38,174,103,137,38.0,fever|breathlessness,diabetes,2
64,189,63,112,37.3,,diabetes,2
66,136,60,137,37.5,chest pain,hypertension|diabetes,2
60,129,62,120,38.1,fever,asthma,1
76,129,108,133,39.7,,diabetes,2
50,111,104,94,37.1,fever,,0
26,112,63,111,39.0,fever|chest pain,hypertension|asthma,1
63,143,61,86,37.6,,diabetes|asthma,0
69,137,81,105,39.5,,,1
49,164,94,65,39.3,breathlessness,diabetes,1
47,135,72,135,39.0,fever,,2
68,108,108,124,36.9,breathlessness,diabetes,2
69,131,74,104,37.3,breathlessness|chest pain,hypertension,1
48,130,104,133,37.8,breathlessness,,2
52,102,79,96,39.1,breathlessness,,1
47,104,75,119,37.6,breathlessness,diabetes|asthma,1
27,159,105,71,40.0,dizziness,diabetes,1
32,168,101,85,39.4,,diabetes,1
53,187,70,104,37.2,,diabetes|asthma,2
26,137,92,122,39.8,chest pain,,2
77,136,83,82,39.1,,,1
20,165,61,75,39.5,dizziness,asthma|hypertension,1
40,101,102,106,37.3,,hypertension|asthma,1
73,166,63,134,39.0,,,2
18,136,99,83,37.8,chest pain|dizziness,asthma,0
48,169,73,126,38.6,chest pain|dizziness,asthma,2
77,144,61,101,38.2,,hypertension|asthma,1
55,130,102,112,37.3,dizziness|chest pain,,1
69,140,102,109,36.7,dizziness|fever,hypertension|asthma,1
43,115,96,138,36.1,chest pain,hypertension,2
68,165,96,137,38.8,breathlessness,asthma,2
23,141,78,129,39.3,dizziness|chest pain,hypertension,2
84,163,90,134,36.5,,asthma|hypertension,2
38,126,79,97,38.0,fever|chest pain,asthma,0
34,102,92,68,36.4,chest pain|dizziness,,0
34,190,67,92,36.0,breathlessness|dizziness,,2
29,190,61,134,37.6,breathlessness|dizziness,asthma,2
26,119,60,132,38.8,dizziness,diabetes,2
72,162,94,136,37.1,fever,diabetes|asthma,2
74,171,70,133,39.7,chest pain|dizziness,,2
72,114,82,113,39.2,,asthma|diabetes,1
49,115,85,77,38.0,,asthma|hypertension,0
32,125,102,140,37.2,dizziness,diabetes,2
52,190,107,76,37.4,fever|breathlessness,,2
21,106,100,83,36.1,dizziness|fever,diabetes|hypertension,0
35,171,68,119,39.2,breathlessness|dizziness,asthma,2
18,171,68,104,37.7,dizziness,asthma,2
89,128,101,129,37.3,chest pain|breathlessness,diabetes|hypertension,2
35,151,92,94,38.7,,,1
82,121,76,66,37.3,dizziness|breathlessness,hypertension,0
49,132,79,130,38.7,,diabetes|hypertension,2
29,185,110,94,36.8,dizziness,,2
44,129,95,70,39.6,dizziness,asthma,1
82,164,72,76,39.0,chest pain,,1
23,175,60,123,37.7,chest pain,asthma|diabetes,2
71,116,89,121,36.4,breathlessness|fever,hypertension,2
46,115,84,132,36.3,fever,hypertension|diabetes,2
33,134,102,109,38.7,dizziness|chest pain,,1
53,144,87,83,37.3,,asthma|hypertension,0
40,185,73,93,36.2,,hypertension,2
59,113,65,72,39.8,,,1
50,188,84,87,39.8,chest pain|dizziness,diabetes,2
85,189,98,106,38.7,breathlessness|dizziness,,2
60,180,109,92,39.6,,,2
63,100,87,91,38.1,dizziness,diabetes,0
60,170,77,97,36.6,breathlessness|fever,diabetes|hypertension,0
42,144,98,99,39.5,,asthma,1
25,144,94,78,36.7,dizziness,hypertension,0
26,121,83,61,38.2,breathlessness,,0
60,136,90,130,36.1,fever|chest pain,asthma,2
46,129,65,63,36.9,breathlessness,asthma,0
35,135,70,105,36.3,,asthma|hypertension,1
19,153,74,83,38.7,breathlessness|chest pain,hypertension|asthma,1
33,144,68,103,36.8,,,1
62,113,64,93,38.5,,,0
59,144,62,103,37.8,dizziness|chest pain,hypertension|diabetes,1
22,152,106,135,37.8,chest pain,asthma|hypertension,2
23,171,95,91,37.6,breathlessness,asthma,2
47,129,74,127,37.9,chest pain|breathlessness,hypertension|asthma,2
82,190,63,89,37.9,fever|dizziness,,2
73,122,79,69,38.9,fever,hypertension,1
24,160,66,137,37.9,breathlessness,,2
85,102,88,81,36.7,breathlessness,diabetes,0
27,134,80,62,36.4,dizziness,hypertension,0
47,175,103,60,38.3,breathlessness|fever,asthma|hypertension,2
54,174,78,64,36.3,dizziness,,2
39,127,89,66,38.2,,hypertension,0
23,109,86,88,37.4,dizziness|fever,asthma|diabetes,0
32,125,110,111,38.1,fever|chest pain,diabetes,1
81,124,110,71,36.2,fever,hypertension,0
42,100,75,112,38.3,chest pain|dizziness,asthma|diabetes,1
68,187,100,111,36.4,,diabetes,2
74,108,85,129,36.5,breathlessness,diabetes|asthma,2
57,171,104,68,37.0,fever,diabetes|hypertension,2
78,138,84,119,38.3,breathlessness|chest pain,asthma|hypertension,1
63,163,61,69,36.7,,hypertension,0
50,189,96,103,39.0,,hypertension|diabetes,2
32,115,89,94,36.8,fever|dizziness,diabetes,0
73,112,64,114,38.1,breathlessness,hypertension,1
26,153,73,99,37.9,breathlessness|dizziness,,0
32,151,65,71,37.3,fever|chest pain,hypertension|diabetes,0
24,138,76,135,37.4,,asthma|diabetes,2
31,190,81,114,37.5,chest pain|dizziness,asthma,2
50,184,80,80,39.3,fever|dizziness,,2
47,101,64,115,39.6,,diabetes|asthma,1
89,106,74,91,37.5,fever|dizziness,,0
24,114,106,70,38.3,fever,asthma,0
24,183,90,71,37.4,,diabetes|asthma,2
42,150,98,79,39.9,breathlessness,,1
30,162,98,118,36.3,dizziness,,1
83,185,65,96,39.6,chest pain,asthma,2
77,182,100,72,38.4,fever|dizziness,asthma,2
79,179,63,95,36.1,breathlessness,,2
46,107,103,101,37.4,,,1
42,122,84,139,37.0,breathlessness,hypertension|diabetes,2
37,159,61,64,37.8,,hypertension,0
20,157,85,103,37.9,breathlessness,asthma,1
60,175,84,85,36.5,,,2
87,189,108,102,36.7,breathlessness|chest pain,diabetes,2
80,117,87,103,37.8,fever|dizziness,asthma,1
47,129,105,84,39.4,fever,diabetes|hypertension,1
42,128,110,70,38.1,dizziness,hypertension|diabetes,0
64,129,89,99,38.8,dizziness|breathlessness,,1
50,138,103,110,37.4,dizziness|breathlessness,,1
84,161,107,65,39.7,,diabetes,1
67,112,76,86,38.1,chest pain|fever,asthma,0
37,140,70,64,39.3,breathlessness,hypertension|diabetes,1
44,105,93,82,36.4,fever,asthma|hypertension,0
84,175,95,91,36.9,breathlessness,,2
77,116,63,118,38.4,,diabetes,1
52,156,78,83,39.0,breathlessness,hypertension,1
62,131,73,116,36.7,dizziness,,1
71,155,99,120,38.0,fever|breathlessness,hypertension|diabetes,1
30,105,109,72,39.1,,,1
82,100,76,122,36.9,,hypertension|diabetes,2
64,169,86,108,40.0,,hypertension,1
82,159,91,106,36.4,fever,,1
87,127,74,97,36.2,,hypertension|asthma,0
33,142,83,72,37.9,chest pain|breathlessness,,0
54,183,106,81,38.2,chest pain,,2
19,160,70,67,39.9,,diabetes|asthma,1
88,111,93,118,36.4,fever|chest pain,,1
52,128,71,99,39.4,fever|dizziness,,1
28,115,104,109,38.3,breathlessness,diabetes,1
83,114,106,69,37.5,fever,,0
25,164,104,80,38.4,fever,,0
66,151,103,119,38.0,,hypertension|asthma,1
67,152,99,138,38.2,,,2
52,188,96,124,38.0,chest pain,asthma|diabetes,2
28,184,73,85,38.1,dizziness|chest pain,,2
50,113,90,126,39.2,,asthma,2
30,158,60,110,37.5,,,1
49,178,66,67,37.1,,,2
84,107,67,61,38.6,chest pain,diabetes,1
27,127,110,92,38.3,,hypertension|asthma,0
71,189,64,93,38.5,,,2
50,131,80,84,37.7,fever,,0
66,161,72,66,39.5,dizziness|fever,hypertension,1
38,147,98,68,39.1,breathlessness|dizziness,hypertension,1
39,131,74,92,38.5,dizziness,,0
21,113,102,99,37.8,fever,diabetes|asthma,0
48,108,84,113,39.4,chest pain|breathlessness,,1
73,138,89,130,36.8,,hypertension,2
40,169,77,76,38.4,fever,,0
47,189,60,133,37.2,breathlessness|chest pain,diabetes,2
82,179,74,71,38.2,,diabetes|hypertension,2
49,119,99,80,36.9,,hypertension|diabetes,0
43,176,103,108,38.0,,diabetes|asthma,2
85,184,84,65,39.2,breathlessness,diabetes|asthma,2
38,104,104,113,36.1,dizziness,asthma,1
56,180,96,98,39.2,,,2
29,189,80,104,36.6,,asthma|diabetes,2
71,113,98,90,39.4,chest pain|dizziness,asthma,1
46,109,60,104,39.2,chest pain,asthma,1
70,141,77,111,39.1,,diabetes,1
89,160,107,81,38.7,dizziness,,1
74,140,109,123,36.8,fever|breathlessness,diabetes|hypertension,2
62,146,101,80,39.1,breathlessness|fever,asthma,1
41,173,60,60,36.4,chest pain|fever,asthma,2
21,109,76,87,39.2,,,1
19,114,72,86,37.8,,asthma,0
40,166,74,132,38.5,chest pain,hypertension|diabetes,2
27,125,79,121,37.4,fever,diabetes,2
87,105,100,65,37.5,breathlessness|dizziness,diabetes,0
31,143,82,92,38.1,,,0
35,148,82,102,38.5,breathlessness|dizziness,hypertension,1
44,159,102,63,39.8,chest pain,diabetes,1
25,144,70,75,37.2,fever|chest pain,hypertension,0
60,131,85,78,37.5,dizziness|fever,hypertension,0
85,177,61,112,38.3,,asthma,2
79,146,75,85,39.5,,diabetes|hypertension,1
82,104,61,121,39.2,,asthma,2
52,150,69,114,38.5,,hypertension,1
49,138,75,121,39.1,chest pain|breathlessness,asthma|diabetes,2
61,139,90,127,38.8,breathlessness,diabetes,2
59,138,85,84,38.1,fever|chest pain,,0
86,170,60,127,39.4,,hypertension,2
66,126,79,139,37.6,breathlessness,hypertension,2
79,135,109,110,39.3,,,1
69,112,94,125,38.0,fever,,2
78,157,80,128,36.8,breathlessness|dizziness,,2
81,152,63,92,39.1,breathlessness|fever,,1
43,105,69,109,37.1,breathlessness|chest pain,diabetes|asthma,1
25,112,104,96,37.1,,diabetes,0
53,173,77,102,36.9,dizziness,diabetes|asthma,2
44,190,76,113,36.4,fever|chest pain,,2
76,158,87,137,38.7,,hypertension|asthma,2
45,109,87,88,38.6,chest pain,hypertension,1
50,171,93,137,37.9,chest pain,,2
31,186,60,67,37.4,,hypertension|asthma,2
71,161,109,92,39.3,chest pain,diabetes|asthma,1
80,157,80,128,39.9,breathlessness,,2
71,136,107,86,37.9,fever|dizziness,hypertension,0
75,145,103,96,38.6,dizziness,,1
44,145,103,108,38.6,breathlessness,diabetes,1
59,151,70,84,37.0,fever,,0
73,132,87,76,36.2,fever,hypertension,0
87,133,88,94,39.1,fever,hypertension|asthma,1
39,156,76,110,36.3,fever,diabetes|hypertension,1
76,180,67,66,37.5,fever|dizziness,hypertension,2
69,111,94,62,39.2,breathlessness,,1
70,123,82,130,40.0,chest pain,hypertension|diabetes,2
35,144,86,100,38.9,chest pain,hypertension|asthma,1
74,117,107,70,36.4,chest pain|dizziness,asthma,0
54,129,78,94,38.3,fever|chest pain,diabetes|asthma,0
81,119,78,83,39.4,,,1
52,101,76,67,37.2,dizziness|chest pain,,0
21,127,75,90,36.2,breathlessness,,0
69,148,68,120,36.4,chest pain,diabetes|hypertension,1
52,145,85,134,39.7,,,2
21,178,88,84,38.7,chest pain,hypertension,2
30,148,65,77,38.3,chest pain,hypertension,0
46,104,80,96,36.3,chest pain,,0
69,130,75,64,36.3,,,0
58,169,92,122,37.9,chest pain,asthma|hypertension,2
52,126,108,136,39.7,,,2
63,139,85,60,37.1,chest pain|fever,,0
38,126,91,123,37.9,chest pain|dizziness,,2
21,105,97,100,36.9,breathlessness|dizziness,hypertension,0
70,134,78,65,39.9,,,1
66,139,65,96,39.7,dizziness|fever,hypertension|asthma,1
29,105,68,132,39.9,,,2
51,158,77,86,37.5,fever,asthma,0
88,187,70,130,40.0,fever|dizziness,,2
51,137,76,78,39.4,breathlessness|chest pain,,1
80,189,105,105,39.2,,,2
62,188,82,87,39.6,breathlessness,,2
21,176,106,133,39.1,,asthma,2
80,142,65,82,36.8,breathlessness|dizziness,hypertension|asthma,0
77,165,108,128,39.8,,diabetes,2
41,161,101,139,37.7,fever,,2
80,102,100,81,38.8,breathlessness,diabetes,1
90,107,96,66,36.0,,hypertension,0
75,172,61,61,39.9,dizziness,,2
33,157,80,134,36.9,fever|breathlessness,,2
22,131,60,133,39.2,fever|dizziness,hypertension|asthma,2
86,139,89,79,38.4,dizziness,hypertension,0
45,115,110,66,37.2,,asthma|hypertension,0
41,112,64,65,39.4,fever,asthma|hypertension,1
23,147,71,92,39.8,fever,diabetes|hypertension,1
80,136,88,104,37.0,breathlessness|fever,,1
18,186,61,87,37.6,dizziness|fever,asthma|diabetes,2
46,164,83,93,36.3,,,0
29,133,65,129,36.0,dizziness,hypertension|asthma,2
31,148,71,121,37.5,,diabetes,2
90,103,96,110,37.9,breathlessness|dizziness,,1
26,104,74,82,39.5,chest pain,hypertension,1
54,144,103,129,39.3,dizziness,,2
66,152,82,121,39.9,chest pain,hypertension,2
29,133,93,119,36.9,,hypertension,1
29,169,93,115,37.2,breathlessness|dizziness,asthma|hypertension,1
86,148,100,96,39.0,breathlessness|dizziness,,1
20,121,83,111,37.4,fever,,1
39,188,62,135,36.1,fever|breathlessness,diabetes,2
43,144,100,73,36.5,,,0
61,158,109,73,36.2,breathlessness,,0
51,179,101,126,39.1,chest pain|breathlessness,,2
30,147,105,67,36.2,,,0
42,177,91,116,37.8,,asthma,2
62,170,84,125,37.0,,hypertension,2
39,161,89,121,36.7,,hypertension,2
48,159,79,89,39.7,,asthma,1
79,101,93,115,38.8,fever,diabetes,1
51,153,62,121,37.2,,hypertension|asthma,2
50,145,72,84,36.0,fever,hypertension|diabetes,0
29,102,77,117,36.8,breathlessness,hypertension,1
22,116,102,70,38.1,breathlessness|dizziness,hypertension,0
29,128,100,97,36.5,chest pain,asthma|diabetes,0
47,113,84,132,38.6,breathlessness,,2
87,175,88,124,38.4,,diabetes|asthma,2
81,174,71,60,38.9,,,2
25,140,81,125,38.9,dizziness,,2
34,185,91,124,36.5,,asthma,2
65,168,66,97,37.5,dizziness,asthma,0
78,119,105,89,36.3,dizziness|fever,,0
89,153,86,106,39.1,dizziness,,1
43,114,105,96,36.2,fever|dizziness,hypertension|asthma,0
75,118,86,118,39.9,,asthma|hypertension,1
90,133,103,130,37.5,dizziness|chest pain,asthma,2
68,107,110,129,36.2,chest pain,,2
41,136,103,117,39.8,chest pain,diabetes,1
89,171,84,113,37.5,breathlessness|chest pain,asthma|hypertension,2
47,181,84,137,37.6,,,2
79,123,108,135,37.2,fever,hypertension,2
50,162,81,130,37.7,breathlessness|chest pain,hypertension|diabetes,2
87,145,79,134,39.6,,asthma,2
74,102,107,104,39.3,dizziness|fever,,1
32,164,71,88,39.1,dizziness|chest pain,hypertension|diabetes,1
85,184,108,89,36.8,,diabetes|asthma,2
55,134,83,136,38.3,chest pain,hypertension,2
81,173,99,87,36.4,breathlessness,,2
29,107,73,85,36.2,fever,asthma|hypertension,0
46,138,97,83,36.2,chest pain|breathlessness,hypertension|diabetes,0
21,103,64,133,37.7,,asthma,2
32,104,61,70,39.1,fever|dizziness,diabetes,1
30,116,76,121,39.0,,,2
63,176,102,81,37.6,breathlessness|fever,asthma|diabetes,2
82,172,108,92,37.1,,,2
66,160,90,139,36.3,chest pain,hypertension|diabetes,2
82,161,63,76,39.0,fever|dizziness,hypertension|asthma,1
59,118,61,61,37.2,,diabetes,0
34,130,90,99,39.2,,diabetes,1
19,176,100,88,37.8,fever|dizziness,asthma|diabetes,2
70,180,109,78,37.8,,,2
26,148,71,136,38.3,,diabetes,2
46,189,108,83,39.0,,,2
78,137,92,84,36.0,,asthma|hypertension,0
63,154,105,63,36.8,breathlessness|fever,asthma|hypertension,0
61,186,104,81,40.0,chest pain,,2
79,135,101,67,37.3,chest pain|dizziness,,0
54,152,88,73,36.9,fever,hypertension|asthma,0
33,150,106,62,36.2,fever|breathlessness,diabetes|hypertension,0
55,136,85,113,37.0,,diabetes|asthma,1
73,108,71,95,37.7,chest pain,asthma|hypertension,0
22,117,84,113,40.0,,diabetes,1
47,105,74,83,36.0,,asthma,0
77,170,77,129,37.9,,,2
22,157,102,139,39.5,,asthma|diabetes,2
33,118,81,115,39.1,fever|breathlessness,,1
73,134,109,124,39.3,chest pain|breathlessness,,2
87,159,69,85,39.9,dizziness,,1
58,180,78,87,37.5,fever|breathlessness,asthma|diabetes,2
40,129,94,76,36.2,,,0
34,108,73,67,38.4,,hypertension|diabetes,0
41,183,109,99,39.7,,asthma,2
37,134,80,84,37.3,dizziness,diabetes,0
62,181,73,140,38.2,fever|chest pain,hypertension|asthma,2
71,107,95,106,39.3,fever,asthma|diabetes,1
38,136,77,87,39.3,chest pain|breathlessness,asthma|hypertension,1
22,159,66,72,39.6,chest pain,,1
78,163,104,102,36.7,,asthma,1
28,142,71,69,39.1,,diabetes,1
21,120,73,136,39.1,breathlessness,hypertension,2
38,188,86,128,38.9,,diabetes,2
50,176,62,105,38.0,fever,asthma|diabetes,2
48,148,69,137,38.4,breathlessness|chest pain,diabetes|hypertension,2
78,108,79,137,36.9,chest pain,,2
66,182,94,127,36.1,dizziness,,2
46,170,102,111,38.9,breathlessness|fever,,1
33,181,78,91,37.7,fever,,2
69,176,110,88,39.4,breathlessness,hypertension|asthma,2
18,127,105,86,38.8,fever|dizziness,hypertension,1
21,171,84,114,37.0,dizziness,asthma|hypertension,2
19,186,86,80,39.8,breathlessness,asthma|diabetes,2
85,145,78,137,39.7,dizziness,diabetes,2
83,184,84,96,37.9,chest pain|dizziness,diabetes,2
52,170,103,120,40.0,breathlessness|dizziness,diabetes,1
64,108,62,117,38.0,dizziness,asthma|hypertension,1
64,172,87,114,37.3,chest pain,,2
56,139,83,133,37.0,,asthma|hypertension,2
85,100,61,72,36.1,,hypertension|diabetes,0
85,125,75,127,36.3,fever|chest pain,hypertension|asthma,2
73,101,93,126,39.8,fever|dizziness,diabetes|asthma,2
62,147,81,77,39.5,fever,,1
73,175,84,79,36.9,,,2
55,140,94,132,38.0,fever,,2
81,102,69,106,37.4,chest pain,diabetes,1
61,155,75,106,38.7,dizziness|breathlessness,diabetes,1
52,147,61,126,39.1,fever|dizziness,asthma|diabetes,2
89,111,89,115,38.0,breathlessness,hypertension,1
42,113,105,76,39.8,dizziness,,1
44,137,79,109,37.5,chest pain,,1
67,175,109,86,39.0,chest pain|fever,,2
23,176,81,62,37.2,,,2
75,189,110,104,36.9,chest pain|fever,,2
58,150,97,69,39.2,breathlessness|chest pain,asthma,1
68,157,104,125,38.2,breathlessness,,2
55,163,75,103,39.2,,,1
79,144,101,104,39.6,,hypertension,1
80,182,92,73,37.3,dizziness|chest pain,hypertension|diabetes,2
71,167,93,138,36.9,,hypertension,2
38,139,91,63,38.4,fever|chest pain,,0
86,171,69,82,38.5,chest pain|breathlessness,,2
54,156,105,120,38.9,fever,,1
63,150,62,105,36.7,dizziness|chest pain,asthma|diabetes,1
46,117,80,66,36.7,breathlessness,hypertension|diabetes,0
20,173,96,90,38.8,,asthma,2
42,112,101,131,39.0,,asthma|diabetes,2
44,127,100,63,39.8,dizziness,diabetes|asthma,1
55,107,101,115,36.7,chest pain,hypertension|asthma,1
53,129,106,133,37.4,,asthma|hypertension,2
51,116,103,135,37.1,fever,asthma|hypertension,2
90,158,84,60,37.3,dizziness|breathlessness,,0
89,111,87,91,36.1,breathlessness,,0
89,182,86,73,37.8,dizziness|chest pain,,2
51,126,91,72,38.3,breathlessness|chest pain,diabetes|hypertension,0
73,190,76,105,37.0,,diabetes|asthma,2
66,163,77,95,37.4,,diabetes|asthma,0
40,183,85,120,37.6,,diabetes|asthma,2
50,178,63,120,39.1,dizziness,,2
37,142,80,132,36.9,,diabetes|hypertension,2
80,126,78,123,36.7,chest pain|breathlessness,asthma,2
52,137,107,80,38.9,,asthma|diabetes,1
78,179,82,68,39.2,,hypertension,2
73,170,80,136,36.5,,hypertension,2
79,189,101,81,39.4,dizziness,hypertension,2
60,152,93,122,36.9,dizziness,diabetes|asthma,2
18,101,80,68,38.2,chest pain|fever,diabetes|asthma,0
72,168,98,83,39.4,,,1
75,132,107,62,37.9,,,0
65,132,65,82,37.4,chest pain,,0
26,150,69,94,37.2,,,0
82,134,60,119,38.1,chest pain,,1
21,175,76,63,39.3,chest pain|fever,,2
43,106,106,91,39.7,chest pain|breathlessness,asthma,1
78,151,106,67,36.9,fever,asthma,0
32,166,91,62,36.3,,asthma|diabetes,0
63,164,74,65,36.1,,asthma,0
40,168,79,116,36.5,breathlessness,diabetes|hypertension,1
25,117,104,61,37.7,breathlessness,hypertension,0
79,133,94,68,39.8,fever,diabetes|asthma,1
65,118,106,128,38.6,chest pain|dizziness,diabetes|hypertension,2
28,136,89,73,37.5,fever|breathlessness,asthma|diabetes,0
72,188,76,127,38.5,dizziness,,2
38,179,69,63,38.3,fever|dizziness,asthma,2
20,155,87,128,38.6,,hypertension,2
60,118,88,60,38.8,chest pain,,1
69,112,87,76,37.2,,diabetes,0
65,125,85,96,36.5,,diabetes,0
43,136,105,111,39.8,fever,,1
86,187,90,107,37.4,fever|chest pain,diabetes,2
47,129,86,80,38.4,dizziness,asthma,0
86,162,66,63,39.8,chest pain,diabetes|hypertension,1
37,146,87,63,38.0,fever|chest pain,asthma|hypertension,0
76,175,103,82,36.9,fever|breathlessness,hypertension|diabetes,2
36,185,77,139,38.5,fever|dizziness,,2
30,188,89,127,39.1,,asthma,2
57,138,101,70,36.8,breathlessness,diabetes|asthma,0
76,127,99,116,38.0,,,1
69,165,62,135,36.2,,hypertension,2
33,190,100,121,37.6,,,2
52,147,78,128,38.0,fever,,2
70,144,88,88,39.0,breathlessness|dizziness,asthma,1
64,120,83,102,36.4,breathlessness,asthma,1
68,125,90,112,36.1,dizziness,diabetes|hypertension,1
87,187,72,84,37.4,fever|dizziness,asthma|hypertension,2
61,130,99,87,39.6,,hypertension|diabetes,1
77,144,79,130,36.3,,hypertension|diabetes,2
83,143,76,134,38.5,breathlessness|dizziness,,2
20,159,92,106,38.9,breathlessness,diabetes,1
22,166,71,101,39.1,breathlessness,,1
72,159,76,87,37.4,,hypertension,0
51,102,82,100,38.0,dizziness,diabetes,0
61,154,83,132,39.8,fever|chest pain,,2
67,178,93,97,39.0,,,2
49,189,72,77,37.8,dizziness|chest pain,hypertension,2
68,178,79,99,37.7,,,2
62,158,85,137,37.3,,diabetes,2
51,117,68,118,38.3,dizziness,hypertension,1
68,110,93,94,38.9,,,1
74,115,69,111,38.2,breathlessness,,1
29,156,92,102,38.1,dizziness|breathlessness,diabetes,1
32,114,91,71,38.1,fever,diabetes,0
39,188,105,108,39.2,fever|dizziness,,2
52,122,108,108,37.7,chest pain,hypertension,1
58,157,93,101,38.6,chest pain,,1
76,163,98,111,40.0,fever,asthma,1
80,157,96,83,37.3,fever,,0
65,106,71,101,38.8,,diabetes,1
59,129,78,104,39.9,,hypertension|diabetes,1
34,102,71,126,40.0,fever|breathlessness,hypertension|diabetes,2
77,157,71,128,37.3,,asthma|diabetes,2
84,114,89,85,38.8,,diabetes|hypertension,1
90,109,100,108,38.3,fever,,1
38,111,64,96,37.1,chest pain|breathlessness,asthma,0
73,167,68,66,36.4,fever|chest pain,diabetes|hypertension,0
69,173,107,139,37.9,breathlessness|dizziness,,2
48,105,86,110,39.8,breathlessness,diabetes|hypertension,1
70,181,60,115,38.8,breathlessness|fever,diabetes,2
60,157,81,137,36.4,dizziness|fever,,2
75,166,110,73,36.1,breathlessness|dizziness,,0
38,102,71,115,37.3,,diabetes|asthma,1
23,118,109,114,37.3,fever,asthma,1
56,147,109,61,38.8,fever,asthma,1
79,108,101,73,38.3,dizziness,,0
31,145,105,136,37.7,breathlessness|dizziness,asthma,2
32,120,102,115,38.2,dizziness,hypertension,1
46,154,100,139,37.0,dizziness,asthma|diabetes,2
81,112,75,78,37.8,fever|dizziness,hypertension,0
55,168,64,78,36.3,,hypertension,0
49,154,67,135,36.2,fever,diabetes|asthma,2
41,150,99,98,38.3,dizziness|breathlessness,,0
23,144,106,132,38.2,fever,hypertension,2
66,105,70,98,37.3,chest pain,,0
31,140,70,81,36.4,,diabetes|hypertension,0
65,145,83,113,39.2,dizziness,asthma,1
43,174,83,93,37.3,fever|dizziness,diabetes,2
39,159,87,61,37.2,breathlessness,hypertension,0
68,113,96,124,39.8,fever,,2
24,186,106,96,39.8,chest pain|fever,asthma|diabetes,2
29,155,101,78,39.8,,hypertension|asthma,1
27,177,60,70,39.7,chest pain|dizziness,asthma|hypertension,2
41,187,108,119,39.6,fever,,2
41,155,71,108,40.0,,hypertension|asthma,1
69,118,69,74,38.0,breathlessness,,0
75,172,75,104,38.5,,diabetes,2
80,189,91,107,38.2,chest pain,,2
70,149,97,95,36.2,,asthma,0
90,117,91,96,37.1,fever|dizziness,hypertension,0
81,166,96,82,37.6,chest pain,asthma|hypertension,0
89,125,104,72,38.7,chest pain,hypertension|diabetes,1
73,125,60,135,37.2,dizziness|fever,,2
87,188,97,63,36.1,fever,,2
59,163,64,126,39.6,dizziness|chest pain,hypertension,2
29,155,94,105,36.4,dizziness,diabetes|asthma,1
51,171,105,108,39.4,,diabetes,2
46,149,103,136,37.1,,,2
73,143,98,80,37.9,breathlessness|chest pain,asthma|hypertension,0
69,175,85,64,39.3,chest pain|fever,diabetes|hypertension,2
81,175,74,133,36.3,breathlessness,asthma|hypertension,2
21,188,108,98,37.8,dizziness,hypertension|diabetes,2
90,174,66,140,37.0,,hypertension|diabetes,2
41,113,72,125,38.6,breathlessness,asthma|hypertension,2
66,179,82,75,37.1,breathlessness|dizziness,,2
71,156,91,139,37.6,,diabetes|asthma,2
27,137,105,105,36.4,breathlessness|fever,,1
75,113,92,132,38.5,breathlessness|fever,diabetes|hypertension,2
37,186,90,98,36.6,dizziness|chest pain,asthma|hypertension,2
29,127,82,124,39.1,breathlessness|dizziness,hypertension,2
38,166,101,80,36.6,,asthma|diabetes,0
71,102,93,87,37.5,,asthma|diabetes,0
65,179,92,84,38.4,dizziness|fever,,2
51,107,108,115,37.4,dizziness|breathlessness,diabetes,1
39,120,74,70,38.8,chest pain,,1
62,162,96,110,38.5,chest pain|dizziness,,1
83,155,100,63,36.0,chest pain,asthma,0
47,154,94,87,36.7,dizziness,asthma,0
43,141,66,101,37.7,,,1
78,151,99,105,38.6,,,1
24,156,74,72,38.1,,hypertension|asthma,0
41,100,87,136,37.1,,hypertension,2
31,163,101,69,38.3,dizziness|fever,diabetes,0
78,169,76,95,39.5,,hypertension|diabetes,1
24,127,94,68,39.4,,,1
66,167,63,101,39.3,chest pain|fever,diabetes|asthma,1
43,127,86,89,37.9,chest pain|fever,diabetes|asthma,0
84,177,104,138,37.2,,hypertension,2
71,110,104,75,38.5,,asthma|diabetes,0
18,182,67,93,36.5,chest pain,diabetes,2
23,183,65,100,39.7,,,2
23,190,88,64,37.4,,,2
39,103,108,60,37.0,breathlessness,,0
32,185,65,86,38.4,breathlessness|fever,diabetes|asthma,2
46,143,91,111,38.5,,hypertension,1
87,113,91,112,37.1,,,1
64,164,61,91,37.7,,hypertension,0
29,103,97,106,39.2,chest pain|breathlessness,asthma,1
18,180,103,88,37.1,,asthma,2
81,178,100,73,38.5,dizziness|chest pain,hypertension|diabetes,2
23,113,91,61,36.4,fever|breathlessness,asthma|hypertension,0
83,104,69,140,36.6,,hypertension,2
42,159,97,125,37.0,,,2
24,118,101,104,36.5,dizziness|chest pain,diabetes|hypertension,1
75,141,73,83,38.1,breathlessness,asthma,0
37,145,69,78,38.2,breathlessness,,0
70,152,71,60,36.4,breathlessness|fever,,0
55,128,85,137,38.2,,,2
25,121,91,139,39.4,dizziness,diabetes,2
49,147,95,66,37.8,,asthma|hypertension,0
53,181,102,61,38.9,chest pain,asthma|diabetes,2
25,159,109,116,38.5,breathlessness,,1
22,144,91,63,39.8,fever|chest pain,diabetes,1
63,183,85,92,38.8,fever|chest pain,hypertension,2
29,104,67,90,37.2,chest pain,hypertension,0
87,174,69,140,38.6,fever,hypertension|asthma,2
74,143,103,91,38.7,breathlessness,asthma|diabetes,1
75,140,75,75,39.7,breathlessness,diabetes|hypertension,1
24,151,85,77,37.3,fever|breathlessness,diabetes|asthma,0
64,125,72,82,37.9,,asthma|hypertension,0
28,168,85,80,38.5,breathlessness,,0
49,143,99,122,38.4,fever|chest pain,hypertension,2
83,158,70,63,36.1,fever,diabetes,0
53,183,85,95,36.2,fever|chest pain,hypertension|diabetes,2
50,123,81,116,37.6,,,1
90,145,91,126,39.6,,diabetes|hypertension,2
77,179,96,91,39.3,dizziness,asthma,2
63,117,104,61,38.9,fever,,1
39,125,81,62,36.8,breathlessness,,0
76,179,63,92,36.6,dizziness|chest pain,hypertension,2
44,107,84,131,38.1,,diabetes|hypertension,2
64,110,80,134,36.8,dizziness|breathlessness,hypertension,2
29,153,86,70,37.1,,hypertension|asthma,0
73,148,81,129,37.6,breathlessness|chest pain,asthma,2
43,156,82,72,39.0,breathlessness|fever,diabetes,1
81,169,72,115,36.6,chest pain|breathlessness,diabetes,1
37,181,92,71,36.3,dizziness|chest pain,,2
37,162,93,70,36.1,,hypertension,0
89,129,62,104,36.8,chest pain|fever,,1
28,108,91,70,37.8,,hypertension|diabetes,0
24,119,109,76,37.0,dizziness,,0
75,129,110,103,39.1,fever|breathlessness,diabetes,1
63,163,62,116,36.6,fever,,1
61,122,96,64,38.4,,,0
34,144,78,129,38.4,,asthma,2
19,138,66,69,36.5,dizziness|chest pain,hypertension|asthma,0
87,104,102,73,36.0,breathlessness,diabetes,0
21,155,81,109,38.0,breathlessness,hypertension|diabetes,1
66,167,86,80,39.3,chest pain,asthma,1
81,167,91,68,39.1,,diabetes,1
76,128,62,99,37.2,fever,,0
86,107,106,63,36.4,breathlessness|fever,asthma,0
37,170,103,72,36.3,,hypertension,0
74,169,78,112,39.4,chest pain|breathlessness,diabetes|asthma,1
25,174,73,67,38.1,,asthma|diabetes,2
61,169,88,104,37.6,dizziness|fever,,1
40,151,74,110,39.9,breathlessness|chest pain,asthma,1
64,187,64,99,37.9,fever,,2
22,146,74,139,38.4,dizziness|chest pain,diabetes,2
63,141,79,135,39.0,fever|dizziness,,2
26,102,68,115,36.1,fever,diabetes|asthma,1
85,131,109,69,38.8,,diabetes,1
67,113,107,130,39.8,,hypertension|asthma,2
52,117,92,123,40.0,fever,,2
63,120,110,93,39.9,,diabetes|asthma,1
65,120,97,102,37.0,,,1
34,105,66,97,39.5,,diabetes,1
60,126,100,90,38.2,,,0
63,137,92,115,37.6,,diabetes|asthma,1
27,154,76,104,38.4,,hypertension|asthma,1
89,142,83,117,37.6,breathlessness|dizziness,hypertension,1
90,158,61,97,36.0,,,0
25,157,64,92,38.9,,asthma|hypertension,1
68,158,100,116,39.2,breathlessness,,1
46,146,99,71,36.9,breathlessness,diabetes|hypertension,0
27,180,108,137,36.6,dizziness,diabetes|hypertension,2
51,164,76,107,38.1,dizziness,hypertension,1
72,143,95,89,36.5,breathlessness|chest pain,,0
73,186,103,92,36.1,fever|dizziness,,2
52,144,79,89,39.3,,asthma,1
53,134,110,116,39.4,fever|breathlessness,asthma,1
63,104,67,73,39.7,breathlessness,,1
38,108,65,81,36.1,fever|dizziness,asthma|diabetes,0
57,113,97,76,38.0,,hypertension,0
65,177,76,93,38.0,chest pain,hypertension|asthma,2
24,103,103,107,38.5,,,1
77,118,87,91,36.7,breathlessness,asthma,0
74,104,71,137,36.7,,asthma|hypertension,2
86,125,85,105,36.2,dizziness|chest pain,hypertension|asthma,1
27,107,77,120,36.1,dizziness,,1
62,140,83,125,39.8,fever,diabetes,2
82,176,80,83,39.5,dizziness|fever,diabetes|hypertension,2
35,168,101,111,37.7,,asthma|hypertension,1
63,113,87,75,36.5,chest pain|fever,asthma,0
45,172,110,131,36.5,chest pain|dizziness,,2
44,142,106,104,36.6,dizziness,,1
26,157,91,124,39.1,fever,,2
46,132,65,72,36.3,,,0
84,152,78,106,38.7,,hypertension|asthma,1
49,137,90,86,38.7,chest pain,,1
57,189,71,87,36.8,chest pain,hypertension|asthma,2
34,164,68,124,39.1,fever|breathlessness,asthma,2
31,180,82,101,37.2,chest pain,,2
31,151,79,69,37.3,breathlessness,asthma,0
32,125,85,68,38.3,,,0
80,186,75,68,38.8,chest pain|dizziness,,2
32,171,77,109,39.8,fever,,2
62,185,77,81,38.6,fever,hypertension|diabetes,2
68,161,100,119,36.2,breathlessness|fever,,1
64,120,110,112,39.3,chest pain|dizziness,diabetes,1
86,142,62,135,36.3,dizziness,,2
64,151,62,86,38.4,,,0
75,164,70,137,39.2,,diabetes|hypertension,2
86,126,67,102,37.0,dizziness,diabetes|hypertension,1
51,103,64,134,37.1,breathlessness,hypertension|asthma,2
21,135,102,90,39.5,breathlessness,asthma,1
47,110,69,77,36.3,,asthma|diabetes,0
55,118,74,120,37.1,,diabetes,1
52,165,97,70,39.2,chest pain|fever,hypertension|asthma,1
85,190,90,99,37.3,,hypertension|asthma,2
34,137,107,74,39.0,breathlessness|chest pain,,1
58,126,99,84,37.4,dizziness|chest pain,,0
27,148,109,64,37.8,fever|dizziness,hypertension,0
42,162,66,101,37.8,fever,,1
23,183,97,102,39.1,breathlessness|chest pain,diabetes,2
33,165,81,74,39.2,,hypertension,1
67,141,78,85,37.9,dizziness|breathlessness,,0
63,117,106,73,39.6,,,1
52,139,104,98,38.4,,asthma,0
23,146,75,85,36.6,chest pain|fever,diabetes,0
18,161,99,131,36.0,chest pain|breathlessness,asthma|hypertension,2
73,149,98,127,38.3,fever|breathlessness,,2
26,168,85,76,36.6,,diabetes|hypertension,0
65,157,75,62,37.1,breathlessness|chest pain,asthma|hypertension,0
88,160,95,107,36.1,,diabetes|asthma,1
22,140,110,118,36.5,,hypertension,1
41,137,101,90,37.8,,,0
30,107,95,67,39.7,,diabetes,1
70,181,63,114,38.4,chest pain|dizziness,diabetes,2
54,172,88,96,38.0,,,2
52,119,98,93,38.0,chest pain|dizziness,,0
27,186,68,112,39.3,breathlessness|chest pain,asthma,2
77,154,94,88,39.3,,diabetes|hypertension,1
54,134,90,112,36.2,dizziness|chest pain,hypertension|diabetes,1
89,149,102,62,38.4,dizziness|breathlessness,,0
66,127,109,123,37.9,breathlessness,hypertension|asthma,2
75,176,75,116,39.0,chest pain|breathlessness,hypertension|diabetes,2
27,129,100,116,38.9,dizziness,hypertension|asthma,1
77,121,80,118,37.2,breathlessness|fever,hypertension,1
57,175,90,93,38.1,dizziness,hypertension,2
42,182,97,71,36.4,chest pain|dizziness,hypertension,2
89,104,83,67,38.4,dizziness,asthma|diabetes,0
47,154,106,69,38.3,,,0
21,120,71,94,38.5,,,0
59,125,92,107,39.3,fever,,1
63,183,85,139,37.1,dizziness,diabetes|hypertension,2
50,119,78,127,38.8,,diabetes,2
45,119,100,85,37.5,fever,,0
53,108,76,97,37.4,,,0
69,110,85,118,38.7,,hypertension|diabetes,1
45,172,101,60,37.5,chest pain,asthma|diabetes,2
32,129,80,132,38.5,chest pain,asthma,2
55,128,80,110,39.5,fever|breathlessness,hypertension|asthma,1
70,164,95,96,39.9,chest pain|fever,,1
69,186,71,63,36.9,,asthma,2
43,163,99,114,36.8,,diabetes|hypertension,1
82,160,95,73,39.2,chest pain|dizziness,,1
85,173,110,73,36.6,fever|breathlessness,hypertension|diabetes,2
31,178,77,64,38.7,dizziness,hypertension,2
28,165,66,83,39.0,,,1
69,177,106,65,38.1,chest pain|breathlessness,diabetes|hypertension,2
47,186,89,102,39.6,breathlessness|fever,diabetes|hypertension,2
28,188,108,85,37.1,breathlessness,asthma|hypertension,2
80,178,84,132,36.2,dizziness|breathlessness,,2
28,161,86,91,38.5,,asthma,0
26,124,104,84,38.0,chest pain|breathlessness,diabetes|asthma,0
27,163,68,119,37.0,fever|breathlessness,,1
62,165,99,124,38.2,breathlessness,,2
38,121,62,92,36.6,fever,,0
33,172,70,80,36.3,breathlessness,,2
61,173,99,72,36.4,chest pain|dizziness,,2
82,119,74,139,39.3,,,2
23,173,69,120,39.3,chest pain|breathlessness,hypertension|asthma,2
40,168,73,127,36.5,,asthma|diabetes,2
89,151,90,80,36.9,chest pain|breathlessness,diabetes|hypertension,0
60,154,72,76,38.6,,,1
25,154,61,91,39.2,,diabetes|hypertension,1
55,109,87,87,38.5,,hypertension|asthma,0
90,128,76,91,37.0,breathlessness|fever,diabetes|hypertension,0
70,135,60,94,37.2,,diabetes,0
32,173,95,74,39.1,breathlessness|dizziness,hypertension,2
33,118,77,64,37.1,chest pain,asthma|diabetes,0
72,125,93,85,37.8,fever,hypertension|diabetes,0
42,189,62,80,38.1,,diabetes,2
21,128,70,102,39.0,dizziness,asthma,1
79,142,63,111,38.6,breathlessness|dizziness,hypertension,1
67,109,77,68,39.6,chest pain|dizziness,hypertension,1
41,130,97,133,39.7,,asthma|hypertension,2
55,138,106,70,39.5,,asthma|diabetes,1
90,171,87,77,37.1,,hypertension|diabetes,2
49,183,68,101,38.6,fever|breathlessness,,2
18,183,97,112,39.8,dizziness|chest pain,hypertension,2
66,147,102,140,38.8,fever,asthma|hypertension,2
60,111,80,98,39.4,,,1
22,124,89,101,39.2,fever|dizziness,,1
70,184,66,136,39.5,chest pain|dizziness,asthma|hypertension,2
49,129,98,126,38.5,breathlessness|fever,,2
48,100,80,136,37.3,breathlessness|fever,,2
38,170,76,62,36.4,fever|chest pain,asthma|diabetes,0
41,151,89,97,37.8,fever,asthma|hypertension,0
84,167,60,119,39.1,chest pain,asthma|hypertension,1
24,166,82,140,38.5,breathlessness,diabetes,2
63,130,67,81,38.5,fever,hypertension|asthma,0
42,163,62,121,36.6,,hypertension|diabetes,2
28,190,85,82,38.8,breathlessness,hypertension|asthma,2
77,116,81,126,36.8,fever|dizziness,diabetes|asthma,2
57,157,102,74,39.9,fever|chest pain,diabetes|asthma,1
76,125,109,76,36.9,chest pain|fever,diabetes|asthma,0
82,100,93,138,39.4,,,2
74,176,92,106,39.7,breathlessness|fever,diabetes|asthma,2
65,121,64,100,39.4,,asthma,1
68,116,63,112,38.1,breathlessness,hypertension,1
27,168,101,139,36.3,breathlessness,diabetes,2
44,180,100,79,37.5,chest pain,diabetes,2
33,165,106,67,40.0,fever,,1
71,120,109,100,39.9,fever,hypertension,1
71,167,107,80,38.8,fever,hypertension|asthma,1
41,118,97,125,38.1,dizziness,asthma,2
28,108,88,101,36.9,chest pain|dizziness,asthma|diabetes,1
41,128,61,79,39.2,chest pain|dizziness,hypertension,1
74,138,97,99,37.5,,asthma,0
23,149,60,97,37.4,breathlessness,diabetes,0
45,119,88,88,39.2,breathlessness,hypertension|diabetes,1
48,145,77,93,36.1,,hypertension|diabetes,0
79,188,107,109,36.0,,,2
62,160,68,92,39.8,,hypertension|diabetes,1
73,162,66,104,38.2,fever|chest pain,asthma|diabetes,1
74,175,90,119,38.9,fever,asthma|diabetes,2
86,148,107,71,38.4,,,0
28,177,96,128,38.4,chest pain,,2
61,141,92,91,38.4,,hypertension|asthma,0
74,126,110,106,36.6,fever|breathlessness,asthma,1
28,135,94,70,37.0,dizziness,asthma,0
81,151,61,118,38.5,fever,,1
58,173,107,91,38.8,breathlessness|chest pain,,2
87,161,83,140,37.9,dizziness|breathlessness,diabetes,2
55,106,71,91,36.6,,hypertension|diabetes,0
52,130,92,71,36.4,,hypertension|asthma,0
59,141,105,116,39.4,,diabetes,1
54,111,81,81,36.0,,,0
31,123,109,74,39.3,chest pain,hypertension,1
73,136,97,122,37.2,dizziness,hypertension,2
20,188,101,104,39.5,breathlessness,hypertension,2
84,132,103,124,36.6,chest pain,asthma|hypertension,2
35,145,71,96,37.4,,diabetes|asthma,0
29,143,91,80,38.3,breathlessness,diabetes|asthma,0
28,122,104,116,39.4,,hypertension,1
67,158,89,105,39.9,dizziness,,1
35,165,104,94,36.4,chest pain,diabetes|asthma,0
62,190,68,102,37.3,chest pain,,2
62,106,89,136,38.3,dizziness|fever,,2
80,146,93,127,38.8,chest pain|fever,diabetes|hypertension,2
18,129,100,101,39.3,chest pain,diabetes,1
38,186,78,102,37.6,dizziness|fever,diabetes,2
58,145,84,102,39.7,,,1
65,118,101,68,36.8,breathlessness|fever,asthma|diabetes,0
19,137,66,109,39.6,chest pain|breathlessness,hypertension,1
21,129,60,101,40.0,,,1
28,101,98,102,39.3,dizziness|chest pain,,1
30,114,65,128,36.9,fever,diabetes,2
32,130,97,84,37.8,,asthma|diabetes,0
67,108,79,104,39.4,fever,diabetes|hypertension,1
28,116,78,61,37.2,,hypertension|asthma,0
32,149,92,94,39.8,dizziness,,1
29,151,89,80,37.5,breathlessness|dizziness,hypertension|diabetes,0
81,174,94,108,39.1,chest pain,,2
84,165,95,135,36.4,,diabetes|asthma,2
21,187,75,127,38.1,breathlessness,diabetes|asthma,2
89,136,79,81,39.3,,diabetes,1
60,117,83,79,39.7,,,1
42,122,98,80,36.5,,,0
27,183,105,82,39.9,,diabetes|hypertension,2
36,164,73,120,37.9,fever,asthma,1
60,184,66,73,36.8,chest pain,diabetes|asthma,2
49,137,65,60,37.0,dizziness,,0
80,172,102,102,38.1,fever,hypertension,2
70,114,68,134,36.6,dizziness|chest pain,diabetes,2
31,113,108,101,36.7,,asthma,1
77,108,85,97,39.2,dizziness|chest pain,,1
88,189,72,92,36.6,,,2
71,160,82,127,39.4,,,2
77,140,97,131,37.2,fever,,2
75,128,106,130,39.8,dizziness,asthma|hypertension,2
31,102,65,81,40.0,breathlessness,,1
84,190,78,100,39.8,,hypertension,2
37,102,85,117,36.7,fever|chest pain,diabetes|hypertension,1
60,183,72,62,38.7,breathlessness,diabetes,2
76,184,74,60,38.6,fever,hypertension|diabetes,2
35,176,64,118,39.9,fever,asthma,2
46,153,73,121,37.6,,hypertension|diabetes,2
20,162,108,124,36.6,,asthma,2
63,163,76,101,39.2,dizziness|breathlessness,,1
60,145,109,99,38.8,fever|breathlessness,,1
54,104,82,96,38.3,chest pain|fever,,0
34,140,65,88,37.1,,diabetes|hypertension,0
69,141,88,114,37.5,,asthma|hypertension,1
39,161,106,137,39.7,,,2
21,148,99,111,39.5,,,1
80,133,67,121,39.2,dizziness|breathlessness,diabetes|asthma,2
28,187,75,64,36.0,breathlessness|dizziness,diabetes,2
27,181,96,77,37.4,,hypertension|diabetes,2
86,136,105,109,37.4,chest pain,diabetes,1
74,137,64,60,38.7,fever,asthma,1
85,151,108,78,39.2,breathlessness,diabetes|asthma,1
46,135,90,109,38.4,,asthma|hypertension,1
61,125,104,100,36.3,,diabetes,0
82,163,87,113,39.7,fever|chest pain,diabetes|hypertension,1
33,113,83,71,37.2,chest pain,,0
19,151,97,66,37.9,fever|breathlessness,,0
84,156,79,116,39.1,chest pain,hypertension,1
65,104,98,118,38.2,dizziness,,1
26,157,90,109,37.4,,,1
50,186,73,91,39.8,fever|dizziness,,2
61,149,86,74,38.5,fever,,0
56,132,91,67,37.4,,asthma|hypertension,0
26,109,91,119,39.0,fever|chest pain,,1
29,163,93,132,39.7,breathlessness,diabetes|hypertension,2
88,179,67,118,37.7,dizziness|breathlessness,,2
55,109,71,112,36.8,,asthma,1
49,184,96,130,37.0,chest pain,asthma|hypertension,2
35,150,107,96,36.2,,diabetes|asthma,0
36,129,87,105,39.3,chest pain,,1
55,114,97,120,36.4,chest pain,asthma|hypertension,1
83,135,77,131,38.5,breathlessness,,2
19,180,89,77,38.6,breathlessness|fever,diabetes|hypertension,2
38,101,105,140,38.7,breathlessness|fever,asthma,2
49,116,81,127,38.8,breathlessness|chest pain,,2
19,182,71,133,39.2,dizziness|chest pain,diabetes,2
46,130,82,110,36.2,,asthma,1
60,182,76,62,36.7,fever|chest pain,asthma|hypertension,2
36,110,68,137,37.7,,,2
72,172,98,88,37.6,,asthma|hypertension,2
82,168,99,127,38.5,,asthma|hypertension,2
59,172,86,111,36.6,fever,hypertension|diabetes,2
30,146,76,77,38.3,,diabetes|hypertension,0
48,165,74,137,37.0,chest pain,asthma,2
33,114,60,136,39.9,chest pain,,2
77,107,96,95,39.4,,diabetes,1
59,121,60,109,37.9,chest pain,,1
47,117,98,87,37.5,breathlessness,diabetes|asthma,0
88,121,89,72,36.2,breathlessness|dizziness,,0
68,164,102,128,38.1,,diabetes|asthma,2
50,145,83,64,38.0,,asthma,0
47,149,92,122,36.6,chest pain|dizziness,hypertension|diabetes,2
52,152,103,115,36.5,breathlessness|dizziness,asthma|diabetes,1
55,133,72,105,39.8,,diabetes,1
26,174,94,77,36.7,chest pain,diabetes,2
71,166,109,83,38.4,fever,diabetes,0
59,157,80,101,39.5,dizziness,hypertension,1
48,152,109,63,39.2,fever|breathlessness,diabetes,1
38,124,73,82,39.6,fever,hypertension|asthma,1
47,111,89,104,39.4,fever|chest pain,,1
46,177,94,68,37.4,,,2
40,134,110,97,38.5,dizziness|fever,,0
47,127,80,83,36.3,chest pain|dizziness,asthma,0
88,151,64,101,37.5,breathlessness|fever,asthma|diabetes,1
63,146,85,122,37.4,chest pain|fever,diabetes|hypertension,2
19,166,99,81,38.6,,asthma|diabetes,1
45,139,100,104,37.8,chest pain,,1
46,144,65,100,37.4,breathlessness,,0
46,147,68,97,38.8,chest pain,hypertension,1
28,125,82,91,38.1,dizziness,asthma|diabetes,0
38,118,99,78,39.6,,,1
65,190,105,103,38.2,breathlessness|fever,asthma,2
32,119,83,115,38.7,fever,,1
32,144,78,64,38.5,chest pain,,0
42,140,99,94,37.1,fever|breathlessness,diabetes|asthma,0
80,187,65,117,36.5,,,2
90,135,72,92,39.8,fever|dizziness,diabetes,1
48,174,91,62,36.9,dizziness,,2
44,182,94,119,37.6,chest pain,hypertension,2
65,162,99,70,37.0,,hypertension|diabetes,0
86,133,81,86,37.9,dizziness,hypertension|diabetes,0
69,125,99,71,37.6,,asthma|diabetes,0
40,153,66,97,37.6,fever,,0
72,133,79,129,38.3,breathlessness|dizziness,,2
61,111,79,79,37.2,,,0
37,114,83,101,39.8,dizziness|fever,diabetes,1
49,178,69,86,39.7,chest pain,asthma,2
36,179,75,95,39.3,chest pain|fever,hypertension,2
49,161,103,66,39.8,chest pain,asthma|diabetes,1
59,151,64,93,36.3,fever|dizziness,hypertension,0
21,105,91,135,38.8,dizziness,,2
39,156,75,93,37.4,chest pain,asthma,0
76,162,80,115,36.6,,diabetes,1
26,167,67,139,37.0,,diabetes|hypertension,2
33,117,79,72,37.8,dizziness,diabetes|hypertension,0
32,146,63,118,39.9,,diabetes,1
59,171,65,117,38.3,chest pain|breathlessness,,2
63,131,104,86,37.4,,diabetes,0
58,164,70,95,39.9,,hypertension|asthma,1
62,110,73,81,39.3,fever,,1
47,155,71,77,37.8,,,0
81,153,81,102,38.3,breathlessness|dizziness,,1
85,105,78,81,37.4,breathlessness,asthma,0
74,113,105,61,37.7,chest pain,hypertension|asthma,0
76,172,106,116,36.1,dizziness,hypertension|diabetes,2
74,181,102,101,36.1,fever,hypertension|diabetes,2
41,166,101,89,37.3,fever,hypertension,0
32,140,104,69,39.7,breathlessness,diabetes|hypertension,1
36,111,109,84,39.2,,asthma|hypertension,1
88,113,99,118,38.4,,hypertension,1
39,157,79,85,37.0,,diabetes,0
18,150,103,82,37.9,dizziness,hypertension,0
22,167,102,90,36.3,,,0
19,100,101,123,36.6,,,2
87,119,86,93,38.6,fever,,1
45,173,81,63,39.9,,diabetes,2
31,111,94,126,39.1,breathlessness,hypertension,2
40,110,84,89,38.0,,hypertension|asthma,0
20,127,84,64,37.6,,diabetes,0
27,124,74,140,38.4,,asthma,2
82,185,105,116,38.9,chest pain,,2
72,126,66,133,39.6,fever|breathlessness,,2
55,156,102,119,37.0,,diabetes,1
60,134,109,82,38.8,breathlessness,asthma|hypertension,1
35,111,87,119,39.3,,,1
42,130,104,140,37.1,dizziness,diabetes|asthma,2
67,121,108,104,39.0,dizziness|chest pain,diabetes|asthma,1
42,159,68,88,38.1,fever|dizziness,,0
69,122,64,79,37.3,fever,diabetes|hypertension,0
71,150,67,73,36.3,dizziness,,0
80,181,92,61,38.3,,diabetes,2
78,172,99,99,36.3,chest pain|dizziness,asthma,2
50,142,96,72,36.8,fever,hypertension,0
45,173,84,129,36.7,,,2
45,164,88,123,37.8,breathlessness,,2
29,184,67,130,36.6,fever,diabetes,2
89,168,99,128,39.6,dizziness,,2
47,113,107,87,38.7,dizziness,,1
85,109,100,77,36.1,chest pain,hypertension,0
47,124,74,62,36.4,breathlessness|dizziness,,0
52,103,85,84,36.6,chest pain,,0
64,116,68,137,36.2,chest pain,diabetes,2
84,152,89,99,36.3,,,0
30,133,71,110,36.3,,,1
38,143,89,107,36.0,,diabetes,1
49,102,98,93,36.8,chest pain|fever,,0
85,104,75,137,37.1,,,2
29,140,75,90,39.1,breathlessness|fever,asthma|diabetes,1
77,120,73,120,38.4,,diabetes|hypertension,1
75,158,83,93,36.6,dizziness|chest pain,,0
78,165,83,140,39.7,,asthma,2
81,113,84,106,39.5,fever|dizziness,hypertension,1
20,132,109,73,37.2,fever|chest pain,diabetes|asthma,0
88,107,78,69,39.4,chest pain,asthma|diabetes,1
26,164,87,79,39.6,,hypertension|asthma,1
27,170,109,127,36.5,chest pain|dizziness,,2
71,117,92,123,39.5,,,2
18,172,83,139,38.0,,hypertension|asthma,2
90,126,84,81,38.9,,,1
81,114,77,71,38.9,,,1
48,131,108,118,39.1,,asthma,1
64,131,79,86,37.4,dizziness|fever,,0
22,118,85,125,37.3,dizziness|chest pain,asthma|diabetes,2
68,148,63,127,38.8,fever,asthma|hypertension,2
87,168,96,69,37.4,chest pain,diabetes,0
28,185,86,117,36.3,,hypertension|diabetes,2
60,137,89,135,37.3,dizziness,,2
30,160,66,124,37.2,,hypertension,2
68,185,70,105,38.1,,hypertension,2
37,176,75,99,39.3,chest pain|fever,hypertension|diabetes,2
49,109,61,103,37.0,,asthma,1
86,166,86,93,36.5,fever|breathlessness,,0
55,161,84,121,37.0,fever|dizziness,,2
80,102,75,82,36.4,dizziness,diabetes,0
80,105,81,87,37.2,fever,hypertension,0
89,130,104,91,38.0,,,0
39,112,86,87,37.9,fever|dizziness,asthma,0
50,163,72,102,38.5,,,1
45,122,84,131,39.7,,,2
30,161,109,107,37.4,,hypertension,1
23,158,62,64,39.8,dizziness|chest pain,diabetes|hypertension,1
54,113,88,113,39.4,fever|chest pain,,1
44,107,66,73,37.8,breathlessness,,0
39,119,86,110,39.9,breathlessness,asthma,1
51,121,98,60,39.0,breathlessness,,1
60,126,98,100,36.2,,asthma|hypertension,0
74,177,106,89,36.0,chest pain|dizziness,,2
89,154,99,129,39.7,fever,asthma,2
31,140,98,110,39.4,breathlessness,asthma,1
84,103,71,82,38.6,,diabetes|asthma,1
41,100,96,98,37.0,,,0
20,159,65,74,37.8,chest pain|breathlessness,,0
21,152,86,131,39.8,chest pain,hypertension|diabetes,2
26,177,60,137,36.5,dizziness,,2
32,130,67,94,37.9,,hypertension,0
39,116,98,135,36.9,,,2
78,105,63,91,38.5,breathlessness,asthma,0
47,123,76,93,38.0,,diabetes,0
68,141,61,106,38.2,breathlessness,asthma,1
62,118,65,91,37.3,,,0
55,127,94,60,37.1,fever,hypertension|diabetes,0
43,153,100,91,38.0,,,0
54,107,83,105,38.0,chest pain,asthma|diabetes,1
24,155,70,70,38.8,chest pain,hypertension,1
62,144,62,100,37.8,fever|breathlessness,,0
47,105,83,120,36.8,dizziness|chest pain,hypertension,1
52,132,95,66,39.6,dizziness,hypertension,1
69,177,63,114,39.3,chest pain|fever,,2
43,118,76,119,39.8,chest pain,hypertension|diabetes,1
38,156,101,72,39.9,dizziness,hypertension,1
66,125,107,118,36.6,breathlessness,hypertension,1
46,128,89,94,37.9,fever,,0
88,134,87,118,37.8,,diabetes,1
50,137,97,100,39.5,chest pain|breathlessness,diabetes|hypertension,1
55,172,97,66,39.4,,,2
43,109,81,110,36.3,breathlessness|fever,hypertension,1
21,141,67,85,37.8,,diabetes,0
84,157,107,87,36.3,chest pain|fever,,0
52,107,74,86,38.4,fever|breathlessness,diabetes|hypertension,0
54,129,71,78,38.6,,hypertension|asthma,1
57,190,103,75,36.8,fever|dizziness,hypertension,2
18,106,100,67,38.7,,asthma,1
39,137,91,120,37.6,,,1
73,138,81,86,37.5,dizziness|fever,,0
62,127,80,128,38.5,breathlessness|fever,diabetes,2
68,176,103,100,38.1,dizziness|fever,asthma,2
58,145,76,140,37.3,dizziness|chest pain,hypertension|diabetes,2
73,111,77,137,36.4,dizziness|chest pain,,2
89,137,93,87,36.8,fever|dizziness,hypertension|asthma,0
22,147,92,68,37.5,,diabetes,0
21,138,60,121,37.3,breathlessness,,2
76,178,81,99,38.6,,diabetes|asthma,2
39,160,76,79,38.6,chest pain,diabetes|hypertension,1
63,147,87,62,38.0,fever,diabetes,0
30,146,64,122,37.7,breathlessness,hypertension|diabetes,2
82,189,90,91,36.3,chest pain,diabetes,2
28,177,71,68,40.0,dizziness|fever,hypertension,2
49,132,79,86,37.3,,,0
43,138,75,64,36.1,breathlessness,asthma|diabetes,0
70,110,100,112,39.5,chest pain,,1
75,148,87,85,37.7,breathlessness|fever,asthma,0
41,132,108,99,37.5,,diabetes,0
31,184,62,92,39.8,chest pain|fever,diabetes|hypertension,2
55,188,60,98,38.5,chest pain|dizziness,,2
86,137,66,133,39.3,chest pain|breathlessness,hypertension|diabetes,2
37,190,65,88,39.2,,,2
51,174,93,136,37.9,breathlessness,asthma,2
84,145,68,116,39.9,,,1
67,101,81,112,39.1,breathlessness,diabetes|hypertension,1
30,111,109,106,36.2,fever|dizziness,hypertension|diabetes,1
88,152,88,77,39.7,dizziness,,1
68,164,87,117,36.9,chest pain|breathlessness,asthma,1
60,131,88,138,36.2,dizziness|breathlessness,,2
38,100,102,63,37.7,fever|breathlessness,diabetes|asthma,0
90,188,88,107,39.0,,asthma|hypertension,2
60,110,60,67,39.2,breathlessness|fever,,1
65,131,104,111,38.7,,diabetes|asthma,1
24,140,85,134,38.0,fever|chest pain,diabetes|hypertension,2
35,112,99,73,36.3,fever|breathlessness,diabetes|asthma,0
20,152,96,121,38.4,,asthma,2
76,123,109,86,37.8,fever|dizziness,,0
49,129,72,122,39.6,breathlessness,diabetes,2
66,145,104,83,37.8,,diabetes|hypertension,0
87,146,70,112,39.3,,asthma|diabetes,1
88,146,104,72,39.6,dizziness,diabetes|asthma,1
48,127,95,66,39.0,fever,,1
89,169,85,69,39.1,dizziness|chest pain,,1
27,160,69,122,39.0,breathlessness|chest pain,,2
22,122,95,127,37.2,chest pain,hypertension|diabetes,2
54,181,70,99,39.1,,diabetes|hypertension,2
25,158,67,60,36.7,fever,asthma|diabetes,0
28,180,78,128,38.7,,asthma,2
19,179,86,112,39.2,breathlessness,,2
24,182,78,102,38.0,,diabetes,2
63,126,72,76,38.0,dizziness|breathlessness,asthma,0
40,127,67,89,38.5,fever|dizziness,,0
66,113,65,134,38.3,,hypertension|diabetes,2
48,172,100,96,39.3,fever,hypertension|asthma,2
79,164,69,75,37.5,,,0
21,187,66,66,38.7,,hypertension|asthma,2
77,168,67,116,38.5,dizziness|chest pain,hypertension|asthma,1
24,185,108,138,38.1,,diabetes,2
31,139,62,126,38.3,dizziness,diabetes,2
32,186,89,77,37.8,breathlessness,diabetes|hypertension,2
61,183,68,120,39.7,dizziness|fever,diabetes|asthma,2
18,123,88,84,39.8,breathlessness|fever,diabetes|hypertension,1
45,147,83,83,39.9,chest pain,hypertension|diabetes,1
42,183,77,60,38.2,fever,asthma|diabetes,2
47,182,105,117,38.4,,asthma,2
18,116,105,88,39.5,,,1
70,170,65,76,36.3,,,0
58,156,90,76,37.5,chest pain|dizziness,hypertension|diabetes,0
51,179,81,140,36.7,,hypertension|asthma,2
42,146,90,102,38.3,breathlessness|fever,diabetes|hypertension,1
83,117,75,114,36.3,breathlessness|chest pain,asthma,1
38,161,87,71,39.1,breathlessness,,1
39,125,62,89,36.7,dizziness,asthma,0
81,117,66,85,36.4,breathlessness,,0
88,151,88,134,36.3,breathlessness|chest pain,diabetes|asthma,2
78,120,96,90,39.4,,hypertension|diabetes,1
88,102,86,103,37.2,breathlessness,,1
80,102,70,134,36.8,fever|breathlessness,diabetes|hypertension,2
87,172,64,134,37.1,,diabetes|hypertension,2
76,187,77,119,36.3,fever|dizziness,asthma|hypertension,2
73,123,72,107,36.2,,hypertension,1
88,137,105,100,36.5,,diabetes|hypertension,0
61,155,94,114,39.4,breathlessness,diabetes,1
77,102,72,86,38.8,,diabetes|hypertension,1
56,139,109,122,37.1,breathlessness|dizziness,diabetes|hypertension,2
65,130,66,61,39.2,breathlessness|chest pain,hypertension|asthma,1
21,186,100,131,38.5,breathlessness,,2
41,178,89,83,38.4,fever|breathlessness,asthma|hypertension,2
30,108,85,64,38.0,fever,diabetes,0
22,120,96,80,37.2,dizziness|breathlessness,,0
54,157,65,102,39.8,,asthma|diabetes,1
27,189,93,74,38.2,breathlessness,hypertension|diabetes,2
41,113,86,90,38.5,chest pain,,0
49,159,73,71,39.0,breathlessness|dizziness,diabetes|hypertension,1
61,184,103,133,36.9,breathlessness|dizziness,,2
83,129,105,74,37.9,chest pain,hypertension,0
61,139,73,85,39.7,fever|dizziness,asthma,1
29,111,65,111,37.6,dizziness|breathlessness,diabetes,1
35,105,95,63,36.7,fever|breathlessness,asthma,0
76,104,67,134,36.5,breathlessness,asthma|diabetes,2
44,164,110,131,36.2,,,2
79,150,91,69,36.2,dizziness,hypertension,0
40,112,71,66,39.0,,,1
63,113,82,63,36.1,chest pain,asthma|hypertension,0
42,145,70,134,39.2,,diabetes|asthma,2
44,168,77,88,37.3,chest pain,,0
32,178,100,76,39.4,breathlessness,asthma,2
38,168,74,90,36.2,breathlessness,diabetes|hypertension,0
70,158,105,61,38.2,breathlessness,diabetes,0
80,180,79,70,39.9,dizziness,asthma|hypertension,2
42,114,66,106,38.8,,diabetes,1
24,126,91,131,38.3,breathlessness|chest pain,diabetes|asthma,2
50,118,109,113,36.3,,asthma,1
71,118,92,116,39.0,chest pain,asthma|hypertension,1
73,149,103,120,36.8,fever|breathlessness,,1
85,127,94,66,38.9,,hypertension|asthma,1
20,143,87,99,39.6,breathlessness|dizziness,hypertension,1
90,163,106,84,38.7,,,1
45,154,96,124,39.4,dizziness,,2
24,102,82,94,38.8,,,1
83,180,96,95,37.8,,diabetes,2
72,161,68,104,39.2,dizziness|breathlessness,,1
87,166,65,109,37.2,,,1
52,153,93,136,37.4,,diabetes,2
48,175,63,91,38.5,breathlessness|fever,diabetes,2
63,174,102,132,37.7,,,2
44,101,103,106,37.6,fever|breathlessness,diabetes,1
75,158,98,90,37.3,dizziness|fever,hypertension|diabetes,0
28,114,94,98,39.2,,,1
90,138,62,64,36.2,,,0
26,145,105,90,37.7,chest pain,,0
70,118,87,94,37.0,,hypertension|diabetes,0
47,129,87,97,38.0,dizziness|fever,asthma|hypertension,0
60,184,108,81,37.5,,asthma|diabetes,2
60,156,73,69,39.1,breathlessness,,1
59,161,87,60,36.9,,diabetes,0
73,103,88,129,38.5,fever,,2
40,104,76,94,36.6,dizziness|breathlessness,diabetes,0
86,132,89,60,39.9,,hypertension,1
65,155,101,131,37.0,chest pain,asthma|diabetes,2
71,106,91,122,38.8,,,2
23,119,104,138,39.6,,asthma|diabetes,2
63,162,109,121,40.0,,diabetes|asthma,2
56,124,90,86,37.6,dizziness|chest pain,,0
63,150,107,115,38.6,,,1
28,125,69,72,39.7,,hypertension,1
45,176,110,130,37.8,fever|chest pain,diabetes|hypertension,2
40,148,72,114,36.7,dizziness,diabetes|asthma,1
85,161,97,104,39.1,dizziness|breathlessness,diabetes|hypertension,1
24,114,79,78,39.7,breathlessness|fever,asthma|diabetes,1
88,185,106,97,37.2,,,2
76,105,103,137,39.8,,hypertension|diabetes,2
78,103,97,106,38.7,,asthma,1
39,174,99,119,39.7,,asthma|hypertension,2
48,143,92,106,36.0,,diabetes|asthma,1
34,107,90,74,36.2,,diabetes,0
40,165,101,109,37.1,dizziness|fever,diabetes,1
55,188,81,75,39.0,dizziness,diabetes|asthma,2
72,184,108,125,39.2,,,2
29,182,106,135,38.0,,hypertension,2
83,128,74,76,38.2,fever,hypertension,0
70,149,68,132,36.1,,hypertension|asthma,2
41,107,78,97,37.2,dizziness,,0
86,153,77,67,36.7,breathlessness|fever,asthma|hypertension,0
55,126,99,128,36.1,,asthma|hypertension,2
81,177,79,123,38.7,,,2
88,183,63,133,38.7,fever|chest pain,,2
64,102,103,137,39.1,,diabetes|asthma,2
68,143,90,64,39.0,chest pain,hypertension,1
68,159,91,100,38.1,,asthma|hypertension,0
42,114,76,98,38.0,,,0
32,151,80,112,38.8,,asthma,1
64,113,82,68,37.1,chest pain,,0
41,133,89,79,37.5,,,0
37,100,100,101,37.1,fever|breathlessness,asthma|diabetes,1
85,154,78,128,39.8,fever,,2
88,119,108,133,38.0,breathlessness,,2
53,127,71,82,37.7,,diabetes,0
90,151,109,82,36.4,,diabetes|hypertension,0
27,177,105,131,37.9,chest pain|dizziness,hypertension,2
28,165,102,121,39.7,fever,asthma|hypertension,2
49,190,66,73,38.2,dizziness|chest pain,asthma,2
84,172,106,132,37.3,,asthma|hypertension,2
28,148,66,115,38.3,fever|chest pain,diabetes|asthma,1
62,163,102,90,36.6,breathlessness,asthma|hypertension,0
19,145,94,96,36.3,fever|chest pain,asthma|hypertension,0
39,174,103,129,37.9,,diabetes|hypertension,2
53,189,62,61,39.4,,hypertension|diabetes,2
71,183,85,90,38.2,chest pain,diabetes|hypertension,2
82,122,68,92,39.3,fever,hypertension|diabetes,1
24,128,110,113,36.5,fever,hypertension,1
72,102,104,95,36.5,,asthma,0
73,105,99,137,37.6,,asthma,2
52,159,105,85,36.2,fever,,0
31,149,87,106,36.9,,asthma,1
64,150,85,77,37.6,dizziness,,0
22,109,81,128,36.3,breathlessness|fever,hypertension,2
67,120,80,139,36.4,breathlessness|dizziness,diabetes|hypertension,2
40,190,63,127,37.8,,diabetes,2
53,117,94,131,38.6,fever|dizziness,hypertension|asthma,2
77,177,91,136,39.2,,asthma,2
46,146,88,100,39.1,,diabetes|asthma,1
60,164,100,120,38.9,chest pain,diabetes|hypertension,1
49,154,78,88,36.9,,hypertension|asthma,0
26,178,61,117,37.1,fever,hypertension,2
32,185,60,117,38.7,dizziness|fever,,2
40,169,82,115,39.3,dizziness,,1
75,152,87,80,39.6,chest pain,hypertension,1
83,126,79,81,36.5,breathlessness|fever,asthma|hypertension,0
82,172,68,118,37.6,chest pain,diabetes,2
59,151,101,71,39.7,,diabetes|asthma,1
69,138,99,70,38.0,dizziness|fever,,0
89,173,65,75,37.1,,diabetes,2
74,130,104,77,38.0,,asthma|diabetes,0
72,124,102,119,38.1,,,1
21,172,98,102,37.9,fever,diabetes|asthma,2
21,120,84,121,37.5,dizziness|chest pain,diabetes|hypertension,2
50,118,62,65,39.3,fever,,1
75,183,101,79,38.2,fever,,2
29,143,101,99,36.8,chest pain,asthma,0
82,131,75,125,38.5,breathlessness|fever,hypertension,2
45,187,107,111,38.4,breathlessness,,2
23,110,104,90,38.0,breathlessness|fever,hypertension,0
57,126,92,129,38.6,,hypertension|diabetes,2
49,178,96,70,36.1,dizziness,diabetes,2
77,189,95,78,37.5,chest pain,diabetes|asthma,2
31,101,97,133,36.2,breathlessness|dizziness,,2
27,103,67,70,36.3,chest pain,diabetes,0
77,101,94,76,38.7,fever|chest pain,asthma|hypertension,1
73,180,91,118,39.5,,,2
55,111,84,81,37.4,breathlessness|chest pain,diabetes,0
45,190,61,61,39.1,,,2
80,132,93,61,36.1,breathlessness,,0
40,116,96,132,38.7,breathlessness|chest pain,asthma|hypertension,2
18,150,108,88,37.9,chest pain|fever,,0
74,128,102,108,39.9,chest pain|fever,diabetes|asthma,1
90,155,104,69,38.2,chest pain,asthma,0
62,177,103,119,39.1,dizziness|fever,hypertension|diabetes,2
38,118,62,71,38.3,chest pain,,0
88,106,66,97,36.3,,hypertension,0
80,118,99,105,37.4,fever,asthma,1
31,141,96,64,39.0,,asthma,1
52,176,94,87,37.1,,diabetes,2
29,132,88,66,36.7,breathlessness,diabetes,0
39,108,82,79,37.1,breathlessness|dizziness,hypertension,0
76,137,105,75,38.0,chest pain|dizziness,asthma|diabetes,0
37,138,96,130,36.9,breathlessness|dizziness,hypertension,2
41,189,85,107,37.9,fever,hypertension,2
44,102,87,73,38.2,chest pain|dizziness,hypertension|diabetes,0
73,180,60,87,39.8,breathlessness,,2
55,121,109,137,37.2,chest pain,diabetes,2
35,164,74,122,39.1,,,2
39,122,96,64,38.1,chest pain|dizziness,,0
34,154,72,113,36.2,breathlessness,hypertension|diabetes,1
35,165,62,72,36.3,dizziness|breathlessness,asthma,0
75,136,85,89,37.1,,,0
32,158,107,72,36.9,chest pain,diabetes,0
68,122,85,112,38.5,,hypertension|asthma,1
89,106,95,124,39.0,chest pain,asthma,2
19,138,102,112,37.0,fever,hypertension|diabetes,1
47,185,77,103,36.3,fever|chest pain,diabetes,2
79,162,77,78,37.3,fever|chest pain,,0
78,137,65,79,38.0,breathlessness|dizziness,asthma|diabetes,0
60,114,73,67,37.1,breathlessness|chest pain,asthma,0
32,158,61,138,36.3,fever|chest pain,diabetes|asthma,2
73,128,72,73,38.0,dizziness|chest pain,hypertension|asthma,0
43,170,90,114,39.6,breathlessness|dizziness,,1
19,155,70,66,38.0,,diabetes,0
79,154,95,66,37.4,,hypertension|asthma,0
64,160,101,67,37.0,,hypertension,0
62,176,72,62,39.3,,diabetes|hypertension,2
75,160,98,112,39.7,breathlessness,hypertension,1
40,135,102,133,36.4,breathlessness,diabetes|asthma,2
78,150,78,130,36.3,breathlessness,hypertension|asthma,2
42,162,101,107,39.2,,asthma|hypertension,1
59,180,102,85,37.2,fever,asthma,2
44,185,65,67,36.9,fever|chest pain,asthma|diabetes,2
56,133,83,130,37.5,,asthma|diabetes,2
72,107,91,121,36.4,,,2
46,176,60,123,39.8,dizziness,hypertension|diabetes,2
60,158,91,122,36.5,dizziness|breathlessness,,2
69,151,101,79,36.0,,,0
83,170,60,108,38.3,breathlessness,,1
83,166,64,69,39.4,breathlessness,asthma|hypertension,1
60,176,68,115,36.7,,asthma|diabetes,2
50,189,76,117,37.1,breathlessness,diabetes|asthma,2
57,178,108,120,39.3,dizziness|fever,,2
36,166,101,98,38.8,chest pain|breathlessness,,1
53,164,67,84,40.0,breathlessness|dizziness,diabetes|hypertension,1
43,112,84,82,39.9,breathlessness,,1
21,105,75,87,37.8,chest pain,,0
28,169,75,89,36.2,dizziness|fever,,0
79,168,98,116,37.3,breathlessness,hypertension,1
30,176,63,98,37.6,,asthma,2
33,152,102,103,36.7,fever|dizziness,asthma|hypertension,1
50,180,76,93,38.5,,diabetes|asthma,2
41,169,100,136,38.7,dizziness,hypertension,2
27,175,69,102,39.2,dizziness,,2
59,190,84,124,37.9,chest pain|dizziness,hypertension|diabetes,2
43,154,109,111,39.6,breathlessness|chest pain,,1
86,190,108,83,38.1,,asthma|diabetes,2
26,149,84,65,39.5,dizziness,diabetes,1
40,118,97,110,39.4,,,1
23,111,101,132,37.8,,hypertension|asthma,2
32,166,60,91,37.8,,asthma,0
52,155,66,127,40.0,breathlessness|fever,diabetes|hypertension,2
47,163,75,88,39.6,,,1
57,123,90,120,37.3,,diabetes|hypertension,1
88,107,91,71,36.8,,diabetes,0
25,181,91,100,40.0,dizziness|chest pain,hypertension,2
37,101,72,78,39.8,breathlessness|dizziness,asthma,1
79,158,91,105,36.9,fever,,1
20,158,72,134,37.3,chest pain,,2
24,171,93,80,39.0,breathlessness,asthma,2
83,151,70,139,36.4,,hypertension|diabetes,2
34,110,108,70,36.4,,diabetes,0
73,178,93,79,37.6,breathlessness,,2
73,165,70,111,36.3,dizziness,diabetes|asthma,1
59,169,61,107,39.2,dizziness|chest pain,hypertension,1
35,180,61,105,38.5,breathlessness,,2
73,182,85,110,36.8,breathlessness|chest pain,hypertension,2
68,182,109,111,36.4,chest pain,hypertension|asthma,2
67,146,77,79,39.0,,,1
64,137,76,114,36.7,fever|breathlessness,,1
72,158,86,115,38.9,,asthma|diabetes,1
70,168,69,113,38.5,fever|breathlessness,diabetes|hypertension,1
86,146,95,132,37.8,,asthma|diabetes,2
34,101,82,71,38.7,breathlessness|dizziness,,1
72,148,101,69,36.8,fever|dizziness,,0
49,144,103,115,37.4,dizziness|fever,diabetes|asthma,1
19,176,109,121,37.4,dizziness|fever,,2
72,137,98,93,36.4,breathlessness,hypertension,0
31,169,87,140,37.4,,diabetes|hypertension,2
86,176,84,134,37.7,breathlessness|fever,hypertension,2
23,179,64,62,37.9,,,2
41,185,92,65,37.5,,asthma|hypertension,2
48,160,85,114,38.3,chest pain|fever,,1
58,133,75,66,39.1,breathlessness,diabetes|hypertension,1
64,126,109,122,36.3,fever|dizziness,asthma|hypertension,2
20,161,91,66,37.3,,asthma,0
61,122,71,72,37.8,dizziness,,0
44,148,107,132,39.1,dizziness|breathlessness,diabetes|hypertension,2
32,138,93,133,37.0,,,2
74,110,78,79,39.5,breathlessness,asthma,1
75,126,70,60,37.8,,,0
69,114,78,112,36.2,,,1
30,131,93,129,37.2,dizziness,,2
50,176,67,84,36.7,,asthma|hypertension,2
19,156,61,84,39.7,fever|chest pain,asthma|hypertension,1
23,102,67,76,37.2,chest pain,asthma|diabetes,0
52,143,92,85,39.4,breathlessness|dizziness,diabetes,1
74,104,102,106,39.7,,diabetes|asthma,1
61,123,104,106,37.3,,diabetes,1
58,102,89,81,38.8,dizziness,asthma|diabetes,1
44,138,86,68,37.7,,hypertension|diabetes,0
80,139,107,75,37.3,,,0
77,155,70,66,36.1,,hypertension,0
83,175,103,133,39.8,dizziness,,2
28,184,90,124,36.4,,,2
79,125,96,120,37.9,,diabetes,1
76,175,78,84,37.1,,hypertension,2
48,116,106,130,38.7,,diabetes,2
63,145,80,83,36.3,dizziness,,0
30,101,109,115,37.7,,diabetes,1
47,116,65,77,39.4,chest pain,hypertension,1
73,181,62,114,38.7,,diabetes|hypertension,2
69,142,99,60,36.5,,asthma|diabetes,0
36,185,68,106,39.1,breathlessness|dizziness,asthma,2
62,158,87,91,39.5,fever|chest pain,,1
83,124,76,117,38.6,dizziness,hypertension|diabetes,1
49,138,84,102,37.8,fever|dizziness,asthma,1
42,179,72,72,37.9,fever,diabetes|asthma,2
45,181,67,102,38.8,chest pain|breathlessness,hypertension|asthma,2
19,121,92,66,38.4,chest pain|dizziness,,0
28,119,77,124,37.1,fever|chest pain,diabetes,2
21,145,62,110,39.7,,hypertension|asthma,1
27,102,83,105,38.6,chest pain,,1
24,179,108,74,36.1,dizziness|chest pain,diabetes|hypertension,2
38,172,110,111,36.5,,diabetes,2
86,105,75,82,36.7,breathlessness,asthma,0
39,137,70,105,38.5,,asthma|diabetes,1
79,105,65,71,37.1,fever,hypertension,0
46,165,82,130,38.3,breathlessness|fever,,2
25,182,96,140,36.5,chest pain|dizziness,hypertension|diabetes,2
71,100,91,65,37.7,breathlessness|chest pain,diabetes,0
82,174,74,122,36.3,dizziness,diabetes,2
36,126,107,84,38.5,fever,hypertension|diabetes,0
24,184,93,124,39.8,breathlessness,diabetes,2
57,163,89,86,39.0,dizziness,,1
84,178,62,76,38.1,fever,hypertension,2
73,159,103,139,39.8,chest pain,,2
33,183,110,92,37.9,fever|dizziness,,2
50,175,84,97,36.6,breathlessness,,2
38,141,99,88,36.4,chest pain|breathlessness,diabetes,0
87,116,106,96,36.1,fever,diabetes|asthma,0
20,125,101,97,38.2,,hypertension|asthma,0
64,149,82,130,39.6,chest pain,asthma,2
33,175,72,118,37.5,chest pain,,2
26,104,87,130,39.9,breathlessness|dizziness,diabetes|asthma,2
36,113,88,102,36.8,,hypertension,1
71,182,64,138,37.2,chest pain|breathlessness,,2
77,142,60,101,39.3,,asthma|hypertension,1
34,139,90,82,37.7,breathlessness|fever,,0
78,172,67,110,39.2,,,2
28,112,69,129,37.3,chest pain,asthma|diabetes,2
55,142,66,123,38.1,,,2
58,117,103,91,39.5,,,1
35,114,92,85,38.0,,,0
64,163,107,111,37.6,,,1
43,107,61,137,36.9,fever,,2
86,145,107,106,38.9,,diabetes,1
62,171,95,63,37.4,,asthma|hypertension,2
46,119,91,81,37.5,chest pain|breathlessness,hypertension,0
88,171,104,71,38.5,chest pain|fever,asthma|diabetes,2
35,130,104,136,38.0,breathlessness|fever,hypertension|diabetes,2
67,155,74,73,36.2,,hypertension,0
87,114,67,108,39.3,breathlessness,,1
38,151,90,105,37.7,dizziness|chest pain,hypertension,1
58,120,100,92,37.7,breathlessness,hypertension|asthma,0
34,168,94,88,39.9,breathlessness|chest pain,,1
78,117,66,95,36.6,,,0
88,187,89,71,37.1,dizziness,,2
62,142,87,87,38.7,,asthma|diabetes,1
55,190,98,122,38.2,breathlessness|chest pain,diabetes|hypertension,2
18,172,99,74,38.3,,diabetes,2
44,106,90,109,38.0,breathlessness|fever,asthma|hypertension,1
56,144,101,69,39.9,breathlessness,,1
19,160,106,87,36.1,fever|breathlessness,hypertension,0
74,146,74,99,37.4,,hypertension,0
73,109,69,94,38.8,,diabetes,1
76,147,85,119,39.2,,,1
46,121,87,97,37.8,chest pain|dizziness,diabetes,0
18,164,80,133,37.0,,,2
30,117,78,76,39.3,dizziness|breathlessness,diabetes|hypertension,1
86,172,110,89,39.7,dizziness,,2
87,143,61,74,39.3,breathlessness,asthma,1
59,128,72,82,37.7,dizziness,,0
62,150,75,103,38.8,chest pain,hypertension,1
23,110,66,117,38.5,dizziness|breathlessness,diabetes,1
38,119,87,92,36.9,fever|chest pain,,0
37,121,66,67,38.4,dizziness,hypertension,0
71,174,90,114,40.0,breathlessness|dizziness,hypertension|asthma,2
64,181,68,107,39.0,,hypertension,2
89,162,100,94,37.6,,asthma,0
74,126,88,66,39.3,,asthma|hypertension,1
61,188,81,102,36.6,breathlessness|fever,,2
78,153,76,100,38.5,chest pain|fever,hypertension,0
36,162,102,133,39.4,breathlessness|dizziness,diabetes,2
24,145,61,76,37.1,,diabetes|hypertension,0
65,153,98,120,36.9,,,1
42,147,84,123,39.7,breathlessness,hypertension,2
61,160,90,97,36.2,chest pain|breathlessness,,0
85,116,103,123,38.2,breathlessness,diabetes|asthma,2
66,100,105,89,36.4,chest pain|breathlessness,asthma|diabetes,0
22,132,68,85,36.3,fever|chest pain,asthma|diabetes,0
62,148,81,104,36.4,,,1
88,103,96,71,37.8,fever|breathlessness,hypertension|diabetes,0
70,111,87,134,37.1,breathlessness,,2
24,112,107,100,36.5,dizziness,hypertension,0
43,149,96,63,37.9,,diabetes,0
79,186,70,131,36.0,breathlessness,,2
38,136,107,107,36.2,,hypertension,1
58,135,85,70,37.2,breathlessness,,0
22,160,91,83,38.6,,,1
84,105,101,134,39.0,,hypertension,2
79,170,91,101,36.6,breathlessness|chest pain,hypertension|asthma,1
62,148,98,95,38.3,dizziness,hypertension,0
35,145,82,86,38.1,,asthma,0
75,134,88,105,39.4,,asthma,1
50,119,67,98,37.7,dizziness,,0
83,120,78,115,37.0,chest pain,hypertension,1
29,134,108,95,39.6,,,1
19,171,92,96,39.2,,hypertension|asthma,2
65,143,82,68,38.2,dizziness|chest pain,hypertension,0
33,174,66,73,39.8,,,2
36,126,94,117,36.8,fever|dizziness,asthma,1
89,188,70,90,37.8,breathlessness,,2
29,116,92,138,39.1,breathlessness,,2
87,113,110,119,39.8,breathlessness,diabetes,1
69,153,81,131,36.8,dizziness|fever,asthma,2
44,118,65,110,37.4,,,1
43,160,74,65,37.3,dizziness,hypertension|diabetes,0
46,177,107,121,36.4,,diabetes,2
35,176,110,81,37.6,dizziness|chest pain,diabetes,2
39,180,67,93,37.9,,hypertension,2
32,166,93,115,39.2,,hypertension|asthma,1
66,159,95,103,39.8,,hypertension|asthma,1
46,101,66,113,39.1,dizziness|chest pain,asthma,1
47,102,68,67,36.6,breathlessness,hypertension,0
59,157,71,89,38.8,fever,diabetes|asthma,1
53,141,66,127,36.1,chest pain,diabetes,2
22,115,65,106,37.2,chest pain|breathlessness,asthma|diabetes,1
39,151,99,118,38.6,fever|dizziness,,1
45,146,105,97,37.3,,hypertension|asthma,0
42,151,76,104,36.5,dizziness|chest pain,asthma,1
71,151,107,92,38.8,,,1
55,163,85,134,37.9,,diabetes|asthma,2
90,139,105,79,39.7,breathlessness|chest pain,,1
71,161,94,81,39.6,fever,,1
87,170,89,78,38.2,fever|chest pain,asthma,0
72,138,96,85,39.2,dizziness,hypertension|diabetes,1
27,149,106,63,38.8,fever|dizziness,,1
36,121,103,73,36.6,fever,diabetes|asthma,0
61,109,107,90,37.1,fever|breathlessness,asthma,0
87,116,77,127,39.7,,diabetes|asthma,2
60,118,69,74,39.0,,asthma|diabetes,1
79,144,96,126,36.9,breathlessness|fever,,2
30,126,82,121,39.8,breathlessness,,2
43,184,105,95,36.7,dizziness|breathlessness,,2
48,116,60,77,37.9,chest pain,asthma|diabetes,0
41,151,110,62,39.1,chest pain|fever,diabetes,1
78,100,96,104,36.0,breathlessness|dizziness,,1
43,165,96,93,37.0,breathlessness,,0
66,119,66,101,37.1,,diabetes|hypertension,1
81,141,73,104,39.8,dizziness,,1
45,178,106,112,38.5,fever|dizziness,diabetes,2
43,154,91,62,37.8,fever,asthma|diabetes,0
30,110,64,118,36.4,dizziness|fever,,1
20,160,101,76,36.0,breathlessness|dizziness,hypertension,0
81,146,60,127,39.2,,diabetes|asthma,2
86,145,76,95,39.8,breathlessness|chest pain,,1
55,166,84,91,38.0,,asthma,0
21,102,102,84,37.3,breathlessness,diabetes,0
40,121,99,65,39.7,fever|chest pain,hypertension,1
89,170,91,92,39.0,chest pain,asthma,1
54,113,80,113,38.0,,,1
78,154,110,91,39.8,chest pain,asthma|diabetes,1
81,148,67,112,38.4,,,1
77,189,81,113,37.6,breathlessness|chest pain,asthma,2
59,123,102,96,37.9,,asthma|hypertension,0
79,190,89,100,39.9,,diabetes,2
18,152,67,106,36.5,,,1
83,153,80,100,37.3,chest pain,hypertension|diabetes,0
63,147,61,71,37.2,chest pain,,0
53,144,105,121,38.8,breathlessness,asthma,2
20,114,98,96,36.4,dizziness,,0
80,180,89,61,36.4,,hypertension|asthma,2
71,171,88,114,38.8,breathlessness,hypertension|asthma,2
55,180,77,63,38.6,,asthma,2
88,166,66,102,39.6,,asthma,1
88,173,101,85,37.9,fever|breathlessness,,2
44,157,94,127,36.6,breathlessness,hypertension,2
66,170,71,106,38.4,breathlessness|chest pain,,1
63,136,79,94,36.8,,,0
71,188,99,119,38.3,,,2
29,129,75,110,39.3,,,1
79,127,83,78,39.9,chest pain,diabetes,1
90,168,66,83,39.1,chest pain,,1
63,149,64,111,36.4,chest pain,,1
87,188,75,99,39.6,,,2
69,146,72,82,37.8,fever,diabetes|hypertension,0
39,100,94,82,37.2,chest pain|breathlessness,,0
84,185,91,122,38.0,chest pain,hypertension,2
59,113,74,121,38.3,,hypertension|asthma,2
63,185,106,91,39.9,,asthma,2
56,174,106,82,37.6,,asthma,2
75,137,71,86,37.9,breathlessness|dizziness,diabetes|hypertension,0
59,161,110,80,36.0,dizziness|chest pain,,0
79,158,107,69,39.6,fever|chest pain,asthma|diabetes,1
35,145,99,85,37.1,chest pain|fever,,0
52,153,74,123,38.2,fever,asthma|hypertension,2
49,150,69,75,38.4,dizziness|chest pain,hypertension|asthma,0
19,156,106,123,36.3,breathlessness|dizziness,,2
86,129,62,121,37.1,fever|dizziness,,2
26,110,75,132,36.1,chest pain|breathlessness,diabetes|hypertension,2
81,163,92,115,37.6,dizziness,hypertension|diabetes,1
81,127,89,86,38.5,,hypertension|asthma,0
43,189,78,123,36.6,breathlessness,diabetes,2
51,129,64,116,37.6,,asthma,1
70,181,89,140,38.5,breathlessness,diabetes|asthma,2
51,109,80,120,36.4,dizziness|fever,hypertension|asthma,1
46,140,72,90,39.9,breathlessness|chest pain,asthma|diabetes,1
69,160,100,118,36.9,breathlessness,,1
70,141,78,101,38.9,breathlessness,,1
77,187,80,113,39.7,dizziness,diabetes|asthma,2
19,151,107,109,37.0,,hypertension,1
75,124,93,130,39.8,,,2
80,120,60,61,36.6,,,0
51,165,105,133,37.6,breathlessness,diabetes,2
71,189,105,134,39.9,dizziness|chest pain,hypertension,2
27,103,105,95,36.0,chest pain,hypertension,0
36,108,77,100,38.1,chest pain,diabetes|hypertension,0
25,160,85,102,37.1,fever|breathlessness,diabetes,1
63,160,75,84,37.7,dizziness|breathlessness,hypertension,0
61,172,94,90,36.1,,asthma,2
74,142,60,70,37.7,dizziness,diabetes|hypertension,0
90,188,60,102,38.4,dizziness,hypertension,2
84,141,82,60,39.5,,hypertension,1
30,130,89,61,38.7,,,1
43,180,93,61,39.7,chest pain|breathlessness,,2
30,178,87,101,36.2,dizziness|breathlessness,,2
66,119,106,98,38.1,breathlessness,diabetes,0
71,116,71,74,37.5,chest pain,diabetes|hypertension,0
78,178,106,98,37.6,,asthma|diabetes,2
32,126,74,116,38.7,breathlessness|fever,,1
43,120,96,63,38.8,chest pain,,1
43,174,72,88,37.1,,hypertension,2
76,189,72,107,39.5,,hypertension,2
64,133,81,101,39.3,dizziness,,1
20,117,86,80,38.5,,diabetes,0
52,100,104,126,37.5,fever|breathlessness,diabetes,2
24,161,66,64,38.0,fever,,0
60,147,67,110,39.0,,asthma,1
86,133,101,133,39.0,,,2
19,150,84,65,36.9,fever|breathlessness,,0
68,128,79,136,37.8,,asthma|diabetes,2
48,122,87,139,38.6,fever,,2
37,146,92,100,38.8,dizziness|breathlessness,,1
60,111,98,117,37.1,breathlessness|fever,asthma|hypertension,1
41,104,84,71,37.2,fever,,0
67,108,87,72,36.5,chest pain,diabetes,0
45,170,96,72,36.2,,,0
22,184,74,104,36.1,fever|chest pain,hypertension,2
29,117,71,100,37.8,,,0
50,166,77,97,38.7,chest pain|fever,,1
62,190,73,117,36.0,fever,,2
61,129,78,122,38.0,fever,diabetes|hypertension,2
23,100,60,70,39.5,dizziness|breathlessness,diabetes,1
65,177,100,91,39.7,dizziness|fever,hypertension,2
73,119,101,138,38.3,breathlessness|chest pain,diabetes,2
54,164,83,134,38.3,,diabetes,2
57,106,62,100,39.5,fever,hypertension|diabetes,1
22,130,60,99,39.3,fever|dizziness,diabetes|hypertension,1
65,188,69,63,37.3,,hypertension|diabetes,2
62,155,108,79,37.6,breathlessness|dizziness,diabetes,0
79,106,96,103,39.6,,,1
59,153,60,122,37.7,dizziness,,2
20,119,84,61,38.2,fever,asthma|diabetes,0
61,153,77,83,38.1,dizziness,,0
20,150,92,125,39.5,,diabetes|hypertension,2
52,185,77,117,38.0,,asthma|diabetes,2
40,166,69,113,37.3,dizziness,,1
50,184,60,134,38.7,fever,diabetes,2
60,109,69,136,36.0,,,2
52,145,72,75,36.6,breathlessness|chest pain,asthma|hypertension,0
82,128,77,123,39.9,chest pain,hypertension|asthma,2
55,162,92,70,39.1,,diabetes,1
21,181,70,110,37.2,breathlessness|chest pain,asthma,2
44,183,71,132,37.0,chest pain|breathlessness,,2
52,174,82,91,36.4,,diabetes,2
38,186,99,118,39.2,fever,,2
68,141,83,87,39.9,fever,hypertension,1
83,144,95,124,36.8,chest pain,,2
68,130,71,72,38.2,,hypertension|asthma,0
23,138,60,111,38.6,breathlessness|chest pain,hypertension,1
30,131,70,66,37.2,,,0
21,154,66,124,39.8,fever|chest pain,,2
67,118,64,102,37.1,,,1
65,153,80,132,37.8,breathlessness|chest pain,,2
86,146,110,86,37.4,dizziness|chest pain,asthma,0
29,177,101,87,39.7,fever|dizziness,hypertension,2
74,154,103,92,37.4,,,0
73,111,106,66,39.1,dizziness,diabetes|hypertension,1
39,126,88,91,37.6,breathlessness,hypertension|diabetes,0
38,108,66,113,36.3,,,1
57,130,73,96,38.1,,,0
27,147,97,87,36.7,breathlessness,diabetes|asthma,0
84,122,79,105,39.3,dizziness,,1
87,141,98,137,38.1,breathlessness,,2
66,177,78,92,38.4,,diabetes|hypertension,2
33,177,72,74,36.1,breathlessness|chest pain,hypertension,2
81,166,80,106,39.4,,,1
36,174,101,114,39.4,chest pain|breathlessness,,2
43,158,108,106,38.8,,hypertension,1
26,162,65,64,36.7,dizziness,asthma,0
76,108,80,130,36.6,,asthma,2
52,116,100,77,39.7,,hypertension|asthma,1
78,154,80,81,40.0,dizziness,diabetes,1
55,133,66,123,36.3,dizziness|fever,,2
30,129,64,71,38.5,breathlessness|dizziness,asthma|hypertension,0
32,185,103,102,36.2,chest pain|dizziness,hypertension|diabetes,2
27,100,61,140,39.7,breathlessness|fever,diabetes|asthma,2
80,155,97,103,39.8,,hypertension|diabetes,1
49,189,69,104,39.4,fever|chest pain,diabetes,2
28,172,78,132,38.0,breathlessness,hypertension|asthma,2
75,177,88,83,37.3,dizziness|chest pain,,2
73,147,74,133,37.3,breathlessness|dizziness,,2
20,162,99,81,38.9,,diabetes,1
50,166,100,115,39.1,chest pain,asthma,1
55,118,95,77,39.5,,,1
28,138,90,128,37.9,,hypertension|diabetes,2
18,176,60,84,37.9,fever|breathlessness,diabetes|asthma,2
49,181,102,85,38.7,fever,diabetes,2
62,177,78,107,36.8,breathlessness|dizziness,diabetes|asthma,2
90,157,90,103,36.5,,asthma,1
25,112,95,107,37.2,,,1
38,120,90,104,37.3,breathlessness,hypertension|diabetes,1
50,141,100,92,36.1,breathlessness|dizziness,diabetes,0
81,128,109,94,37.3,,asthma|diabetes,0
66,184,104,82,39.6,fever|breathlessness,hypertension,2
48,177,87,119,36.8,chest pain|dizziness,hypertension,2
59,152,63,126,38.9,breathlessness,asthma,2
86,116,72,75,39.9,breathlessness|fever,,1
26,100,95,125,38.5,chest pain,diabetes,2
23,147,68,110,36.8,chest pain|breathlessness,hypertension,1
38,132,69,85,39.7,breathlessness,asthma,1
33,160,97,115,37.5,chest pain,,1
24,147,78,119,36.7,,hypertension,1
90,144,94,69,40.0,dizziness|breathlessness,diabetes|hypertension,1
61,112,63,79,37.9,chest pain|breathlessness,,0
68,132,86,96,36.3,chest pain,hypertension|diabetes,0
86,124,109,97,37.0,,,0
26,119,103,134,39.8,chest pain|breathlessness,,2
62,174,87,98,37.2,,diabetes,2
82,149,72,119,37.0,dizziness,diabetes,1
61,153,78,108,39.8,,asthma|hypertension,1
40,113,103,134,38.3,fever|chest pain,hypertension|diabetes,2
86,139,84,122,37.5,chest pain|dizziness,diabetes|hypertension,2
77,121,60,106,37.5,breathlessness,hypertension|diabetes,1
90,179,99,116,39.6,breathlessness,,2
21,179,93,82,36.5,breathlessness,,2
76,141,75,112,37.1,breathlessness|chest pain,,1
29,133,60,94,37.3,breathlessness,asthma|hypertension,0
35,139,61,107,37.6,breathlessness|fever,hypertension,1
90,125,90,74,37.0,,asthma|hypertension,0
80,152,82,102,39.1,,,1
54,160,86,128,39.6,,asthma|diabetes,2
64,150,92,82,36.4,dizziness|chest pain,,0
66,118,85,88,37.9,chest pain,,0
74,166,79,132,37.8,fever|chest pain,hypertension,2
41,181,105,112,36.6,breathlessness,asthma,2
83,131,73,128,38.0,breathlessness|chest pain,,2
61,161,89,97,39.1,breathlessness,,1
45,156,67,108,37.1,dizziness,diabetes,1
60,130,101,95,39.1,breathlessness,hypertension,1
44,110,65,109,37.7,,asthma|hypertension,1
85,147,105,60,36.7,breathlessness,diabetes,0
22,138,69,70,39.5,dizziness|fever,,1
66,158,109,125,37.9,chest pain,asthma|diabetes,2
66,154,80,70,37.3,fever,hypertension|asthma,0
55,177,70,110,36.1,dizziness,diabetes|hypertension,2
51,135,100,134,39.5,chest pain|fever,,2
29,173,103,89,38.3,,diabetes,2
24,177,93,80,39.2,,diabetes,2
76,180,91,135,39.8,breathlessness,hypertension|diabetes,2
64,144,97,115,36.8,dizziness,,1
23,122,63,85,39.6,breathlessness|dizziness,diabetes,1
29,146,73,113,36.3,breathlessness,,1
75,156,73,127,36.5,breathlessness,diabetes|asthma,2
60,174,104,81,36.2,chest pain,diabetes,2
55,161,94,72,36.1,chest pain|dizziness,,0
83,174,109,135,36.2,chest pain,diabetes,2
55,179,89,85,39.0,,diabetes,2
83,170,92,115,39.0,,asthma|diabetes,1
49,148,87,114,38.3,fever,asthma|diabetes,1
32,115,99,77,36.5,dizziness|fever,diabetes,0
48,121,61,129,37.7,breathlessness|dizziness,diabetes,2
26,117,70,137,39.8,,,2
58,126,99,118,39.1,chest pain|dizziness,asthma,1
68,109,87,109,37.6,fever,,1
69,100,85,61,37.2,,asthma|diabetes,0
52,123,91,101,37.4,,,1
51,115,63,109,38.5,chest pain|dizziness,diabetes,1
60,114,86,132,36.4,,asthma|diabetes,2
85,154,74,121,39.8,chest pain|fever,hypertension,2
58,155,72,80,39.5,chest pain|dizziness,hypertension|diabetes,1
27,138,69,95,36.7,fever,diabetes|asthma,0
43,142,110,79,38.6,dizziness,,1
71,132,107,140,38.9,,asthma|diabetes,2
31,153,100,74,36.4,dizziness|chest pain,asthma,0
69,182,85,70,36.6,,,2
22,170,99,77,36.6,breathlessness|dizziness,asthma|hypertension,0
57,130,64,88,37.6,,,0
80,186,105,140,36.9,,,2
60,124,109,64,38.3,fever|chest pain,diabetes,0
31,111,102,78,36.4,,diabetes|hypertension,0
72,131,108,120,36.4,,asthma|diabetes,1
38,177,96,76,36.5,fever,,2
69,142,73,121,39.6,fever,,2
48,157,109,123,37.5,fever,hypertension,2
70,152,81,132,36.8,,,2
60,148,64,76,39.5,,diabetes|asthma,1
24,180,62,67,39.0,dizziness,diabetes,2
69,172,71,72,36.4,breathlessness|chest pain,hypertension,2
78,117,78,71,36.3,,,0
40,140,101,76,36.2,dizziness,asthma,0
70,128,68,90,39.8,dizziness|chest pain,,1
58,185,103,72,39.7,,diabetes,2
49,102,68,65,39.5,dizziness,diabetes|hypertension,1
80,108,92,112,38.6,fever,hypertension,1
71,155,79,74,40.0,,diabetes|asthma,1
83,157,109,110,39.1,fever|chest pain,asthma|diabetes,1
75,182,110,64,38.4,,asthma,2
53,127,69,105,38.4,chest pain|dizziness,asthma|diabetes,1
83,102,82,65,37.7,fever,diabetes,0
21,134,86,134,36.5,,diabetes,2
84,160,88,139,37.5,breathlessness,asthma,2
24,101,108,132,39.8,breathlessness|chest pain,diabetes|asthma,2
77,165,81,137,38.9,,,2
44,123,64,89,39.9,breathlessness|chest pain,hypertension|diabetes,1
52,142,60,125,37.8,dizziness|chest pain,,2
77,131,105,101,39.9,breathlessness,hypertension|diabetes,1
21,121,62,124,38.3,chest pain,hypertension|asthma,2
27,116,65,73,36.6,breathlessness|chest pain,,0
88,130,91,103,38.0,fever,asthma,1
21,101,109,94,39.3,,,1
82,117,84,135,39.2,breathlessness,,2
73,140,84,140,39.2,chest pain,diabetes|asthma,2
20,155,107,69,38.0,breathlessness,,0
77,162,84,105,37.2,dizziness,asthma,1
60,158,82,89,36.1,dizziness,hypertension,0
79,115,101,70,38.3,,hypertension,0
49,118,108,97,36.5,chest pain|fever,,0
50,170,96,104,37.6,breathlessness,asthma,1
59,170,101,121,37.9,dizziness|breathlessness,hypertension|asthma,2
71,103,67,115,38.7,chest pain,,1
75,189,61,109,36.9,chest pain|breathlessness,hypertension|diabetes,2
34,110,93,90,37.7,dizziness,asthma|hypertension,0
72,121,69,129,38.5,chest pain|dizziness,diabetes,2
32,159,99,117,37.2,,,1
54,138,93,137,39.7,,asthma,2
58,106,84,60,40.0,,,1
25,167,61,64,37.0,,hypertension|asthma,0
45,120,108,81,36.3,,,0
47,185,86,86,39.4,fever,,2
84,180,104,95,36.3,,diabetes,2
70,100,75,124,37.7,,,2
79,163,76,131,38.0,dizziness,hypertension|asthma,2
40,119,65,131,39.1,chest pain|dizziness,,2
73,129,110,113,38.1,breathlessness|chest pain,,1
30,108,100,125,37.6,chest pain,,2
20,116,110,99,37.4,chest pain|breathlessness,asthma,0
22,156,73,120,36.9,,hypertension,1
36,141,73,80,38.8,,diabetes|asthma,1
58,121,101,92,39.5,,,1
68,144,75,99,36.1,breathlessness|dizziness,hypertension|asthma,0
87,177,82,91,37.0,fever|dizziness,diabetes,2
78,158,105,105,37.5,breathlessness,asthma,1
53,166,72,80,36.8,,hypertension|asthma,0
18,170,107,62,38.7,breathlessness,diabetes,1
65,127,62,82,38.3,,diabetes,0
65,134,98,61,37.3,breathlessness|chest pain,,0
40,147,78,99,36.8,breathlessness|fever,asthma,0
40,126,103,106,37.9,breathlessness,,1
57,163,62,91,36.0,,hypertension,0
74,182,100,75,38.2,fever|chest pain,diabetes|asthma,2
69,183,87,112,38.5,chest pain|breathlessness,diabetes|hypertension,2
40,134,63,82,36.5,breathlessness|chest pain,asthma|hypertension,0
23,122,70,103,38.4,breathlessness,diabetes|hypertension,1
35,130,74,72,40.0,dizziness,asthma,1
63,125,83,85,36.9,chest pain|dizziness,diabetes,0
58,152,94,61,36.9,chest pain,asthma,0
75,137,81,75,36.2,,diabetes,0
88,102,72,60,38.4,,,0
63,144,74,109,38.4,dizziness|chest pain,,1
60,182,66,139,39.6,,diabetes,2
51,187,105,112,39.4,fever|dizziness,diabetes|hypertension,2
84,120,104,128,38.4,fever,hypertension|diabetes,2
67,104,69,73,36.6,fever,hypertension,0
67,118,95,89,39.9,chest pain|dizziness,asthma,1
86,164,105,131,36.4,dizziness,hypertension|diabetes,2
70,161,86,72,39.0,fever,asthma|hypertension,1
75,115,75,96,38.3,,hypertension,0
27,134,96,116,38.9,fever,,1
38,189,110,81,38.6,chest pain|dizziness,,2
59,149,74,79,36.5,breathlessness|dizziness,asthma|diabetes,0
25,155,110,75,39.5,breathlessness|dizziness,diabetes,1
45,140,73,77,39.1,chest pain|fever,asthma|hypertension,1
70,181,89,123,39.5,chest pain|fever,,2
47,131,77,118,38.5,chest pain,asthma|diabetes,1
79,172,96,97,36.6,,asthma|diabetes,2
21,145,68,96,36.1,chest pain|breathlessness,hypertension,0
28,165,73,122,36.1,,asthma,2
41,125,78,82,40.0,,,1
44,153,61,130,39.4,,diabetes|asthma,2
51,111,103,136,39.8,dizziness|breathlessness,,2
24,100,64,63,37.0,breathlessness,hypertension|asthma,0
58,184,66,140,36.2,dizziness,diabetes|hypertension,2
84,182,91,78,39.7,dizziness|fever,hypertension|diabetes,2
30,121,75,134,37.6,dizziness|breathlessness,asthma|diabetes,2
19,144,71,72,38.1,chest pain|fever,diabetes|hypertension,0
22,158,98,127,37.6,fever,,2
83,128,90,125,38.5,dizziness,hypertension|diabetes,2
49,129,100,95,38.2,,asthma,0
26,151,80,63,37.3,chest pain|fever,diabetes,0
82,163,87,93,39.2,,asthma,1
65,146,104,105,39.9,breathlessness|fever,,1
62,187,86,66,38.4,,,2
40,189,107,84,39.2,,hypertension|diabetes,2
22,158,96,66,38.2,,asthma,0
75,171,94,101,36.4,breathlessness,,2
51,173,96,85,37.3,breathlessness,hypertension|diabetes,2
28,172,93,91,36.7,breathlessness|fever,hypertension|diabetes,2
89,119,102,89,39.1,fever,,1
87,159,86,103,38.4,breathlessness,,1
21,107,60,111,38.2,dizziness|chest pain,diabetes|asthma,1
20,163,64,110,37.1,fever,diabetes|hypertension,1
44,174,103,86,39.9,,asthma,2
31,184,110,82,39.4,dizziness|fever,hypertension,2
45,106,99,96,39.5,,,1
87,152,84,68,37.2,fever,,0
55,160,83,73,38.9,dizziness|breathlessness,diabetes|asthma,1
47,125,102,72,38.5,chest pain,asthma|hypertension,0
38,186,67,133,39.0,,diabetes,2
41,106,67,77,37.3,,diabetes,0
31,151,94,67,37.3,dizziness,asthma|diabetes,0
62,123,72,99,39.0,breathlessness,,1
80,121,99,119,39.5,dizziness|chest pain,diabetes,1
24,110,102,86,38.7,fever|dizziness,hypertension|asthma,1
69,114,68,96,37.3,,,0
39,110,78,79,36.3,chest pain|dizziness,,0
82,130,95,117,39.3,breathlessness|chest pain,,1
62,100,94,75,38.8,dizziness,asthma,1
79,120,110,133,37.2,,hypertension|asthma,2
37,157,95,117,36.7,dizziness,diabetes|hypertension,1
54,155,92,134,39.1,,asthma,2
66,115,70,100,37.2,chest pain|breathlessness,,0
70,179,91,91,38.3,chest pain,,2
87,189,60,117,39.5,chest pain,hypertension,2
44,186,91,81,38.8,chest pain,,2
52,165,95,70,36.5,dizziness|chest pain,asthma|diabetes,0
77,107,68,98,36.7,,hypertension|asthma,0
67,175,91,115,36.2,,hypertension|diabetes,2
41,101,68,95,37.8,,diabetes|asthma,0
19,169,102,71,39.3,chest pain,diabetes,1
62,135,85,128,37.9,dizziness,asthma|diabetes,2
83,142,96,103,38.9,breathlessness,,1
29,187,102,139,39.4,,asthma|diabetes,2
23,134,91,68,39.9,fever,hypertension|diabetes,1
28,150,109,84,36.0,,,0
42,128,81,95,39.2,dizziness,asthma|hypertension,1
39,188,79,75,37.8,,asthma,2
20,128,65,105,37.3,dizziness,diabetes,1
30,148,109,79,36.1,dizziness,diabetes|asthma,0
60,159,87,85,38.2,,,0
61,153,90,79,37.1,dizziness,,0
65,130,105,131,38.6,chest pain|fever,hypertension|asthma,2
37,182,87,121,36.1,,asthma|hypertension,2
66,144,78,127,38.5,,,2
55,127,62,92,40.0,fever|breathlessness,,1
88,168,72,78,38.3,,diabetes|asthma,0
85,100,103,67,36.7,,asthma,0
47,126,60,67,38.0,dizziness|chest pain,hypertension,0
18,111,66,68,36.5,chest pain|dizziness,diabetes|hypertension,0
84,177,67,60,36.0,dizziness,diabetes,2
81,112,72,109,39.8,chest pain|dizziness,,1
76,178,108,135,38.8,dizziness,,2
32,112,104,84,37.2,,diabetes|asthma,0
73,135,88,78,37.7,,,0
26,190,82,78,37.9,,asthma,2
71,126,105,129,39.2,fever,hypertension|diabetes,2
38,124,97,78,37.0,fever,,0
34,180,64,136,37.4,breathlessness,asthma|diabetes,2
85,101,79,127,39.1,chest pain|breathlessness,,2
30,166,103,127,38.3,chest pain|dizziness,,2
79,109,92,65,36.2,fever|chest pain,hypertension|diabetes,0
69,171,102,110,39.9,dizziness,diabetes|asthma,2
34,135,62,86,36.7,,hypertension,0
53,125,71,86,39.2,,hypertension|diabetes,1
31,180,76,78,38.9,,hypertension|asthma,2
50,125,74,94,39.4,dizziness,asthma|hypertension,1
58,159,110,70,38.8,breathlessness,hypertension|diabetes,1
77,131,61,75,38.8,,diabetes,1
47,146,61,70,38.5,breathlessness,diabetes|asthma,0
35,115,84,71,38.3,fever,diabetes,0
44,100,88,84,38.1,,,0
63,144,102,98,38.4,,asthma|hypertension,0
46,115,86,88,37.9,,asthma|hypertension,0
81,148,76,109,39.7,fever|breathlessness,diabetes|asthma,1
66,147,60,78,36.1,breathlessness,asthma|diabetes,0
37,158,102,80,36.3,chest pain|breathlessness,hypertension,0
77,172,96,131,40.0,chest pain,asthma|diabetes,2
34,113,76,134,39.2,,diabetes,2
26,138,81,82,39.7,breathlessness,,1
52,171,71,86,39.7,dizziness,asthma|diabetes,2
51,134,64,104,38.1,dizziness,hypertension|diabetes,1
47,173,91,107,39.6,,hypertension|asthma,2
87,134,78,120,38.1,chest pain,,1
79,145,99,92,39.2,breathlessness,,1
48,145,103,90,36.1,breathlessness,diabetes|asthma,0
26,190,99,86,37.0,,,2
56,166,109,113,37.0,chest pain,diabetes|asthma,1
90,138,72,140,38.1,dizziness,asthma,2
63,175,107,83,36.2,,,2
89,188,74,67,37.6,fever|dizziness,hypertension,2
26,173,74,86,39.5,breathlessness|dizziness,diabetes,2
70,167,60,78,39.2,,hypertension|asthma,1
38,116,94,92,39.2,fever|chest pain,diabetes|asthma,1
29,146,104,132,37.9,,,2
60,186,74,92,36.5,chest pain,,2
35,164,95,88,39.7,,asthma|diabetes,1
39,103,96,60,36.1,,,0
20,183,84,88,37.2,,asthma,2
29,176,60,64,39.8,chest pain,diabetes|asthma,2
40,121,67,60,37.1,,diabetes|hypertension,0
49,138,85,85,37.4,,diabetes,0
27,177,64,96,38.0,dizziness,,2
61,168,93,130,36.3,,hypertension|asthma,2
64,117,87,110,37.2,dizziness|breathlessness,hypertension|diabetes,1
32,156,60,137,36.4,chest pain,,2
44,182,80,101,38.2,breathlessness|chest pain,,2
62,118,81,116,39.8,fever|dizziness,asthma|diabetes,1
58,140,65,99,36.1,dizziness|chest pain,,0
39,181,69,65,38.2,breathlessness,hypertension,2
23,189,110,82,38.8,dizziness|fever,,2
51,152,104,89,38.1,fever|chest pain,,0
36,123,94,138,38.7,chest pain,diabetes|asthma,2
84,146,65,84,38.0,,,0
33,163,71,133,37.4,,,2
67,164,72,124,38.7,fever,hypertension|diabetes,2
22,102,87,139,37.4,breathlessness|fever,diabetes,2
25,171,68,91,39.6,fever|chest pain,hypertension,2
67,180,92,77,36.3,fever,asthma|diabetes,2
75,121,102,73,36.1,fever,diabetes,0
38,125,71,120,38.7,chest pain|breathlessness,asthma,1
84,114,83,139,38.1,chest pain|dizziness,,2
40,113,66,132,37.3,,asthma,2
85,162,62,77,38.0,dizziness|fever,diabetes,0
42,142,88,89,36.3,dizziness,asthma|diabetes,0
29,108,67,83,37.6,fever|breathlessness,asthma,0
88,181,88,108,37.9,fever|dizziness,asthma|hypertension,2
21,104,63,77,38.2,,asthma,0
34,186,86,133,38.5,,diabetes|asthma,2
23,158,72,70,37.4,,,0
86,103,97,121,39.6,breathlessness,asthma|hypertension,2
81,102,80,95,36.7,,hypertension,0
53,140,102,61,37.2,,hypertension|asthma,0
61,158,84,135,36.0,dizziness,asthma,2
67,132,76,128,36.4,,hypertension,2
25,101,92,74,39.7,breathlessness,diabetes,1
86,133,79,85,39.8,,diabetes|hypertension,1
55,159,80,87,37.7,dizziness,asthma|hypertension,0
25,181,65,128,36.9,chest pain|fever,,2
51,142,102,95,38.1,breathlessness,,0
19,101,99,117,36.8,,,1
71,104,90,132,39.8,,asthma|diabetes,2
37,132,110,61,38.4,,hypertension|diabetes,0
52,105,66,83,38.7,fever,hypertension,1
58,169,64,95,38.9,,asthma|hypertension,1
43,156,84,65,38.5,chest pain|breathlessness,diabetes,0
72,169,62,94,38.9,breathlessness,diabetes|hypertension,1
86,184,105,73,37.4,breathlessness,,2
50,143,92,94,37.0,,asthma,0
65,178,97,122,36.0,breathlessness|chest pain,diabetes|hypertension,2
20,109,70,88,38.6,chest pain|breathlessness,asthma|hypertension,1
74,173,77,123,37.4,fever,,2
76,128,93,72,36.1,fever|breathlessness,asthma|hypertension,0
43,161,78,68,39.1,chest pain,hypertension,1
23,114,79,77,40.0,chest pain,,1
45,163,110,86,36.7,breathlessness,hypertension|diabetes,0
62,189,61,115,37.9,fever|chest pain,hypertension,2
89,167,98,133,39.3,dizziness|breathlessness,hypertension,2
51,127,98,96,37.2,,hypertension,0
24,103,68,102,37.1,,,1
49,169,67,71,37.2,breathlessness|dizziness,hypertension,0
48,164,76,103,37.8,fever,diabetes,1
50,136,108,140,39.8,fever|breathlessness,diabetes|hypertension,2
48,111,73,130,37.7,dizziness|breathlessness,hypertension|diabetes,2
40,117,86,101,39.2,,,1
86,137,97,80,36.2,,,0
76,104,65,102,39.5,chest pain,asthma,1
28,111,104,87,39.8,fever|dizziness,asthma,1
90,110,92,95,38.4,breathlessness,asthma,0
87,123,101,131,38.2,chest pain,hypertension|asthma,2
40,109,79,86,36.3,fever|breathlessness,hypertension|asthma,0
67,185,75,95,36.6,dizziness|breathlessness,,2
52,122,63,61,37.1,breathlessness|fever,diabetes,0
66,135,81,132,37.3,fever|breathlessness,hypertension|diabetes,2
44,113,75,105,39.0,breathlessness|fever,hypertension,1
60,178,94,122,37.7,,,2
41,154,106,98,39.8,breathlessness,hypertension|diabetes,1
55,147,66,95,37.6,dizziness,asthma,0
47,123,104,124,37.9,,diabetes,2
65,177,63,131,39.3,dizziness,asthma|diabetes,2
54,106,91,79,37.8,,hypertension|asthma,0
37,105,65,75,37.1,fever|breathlessness,diabetes,0
86,155,109,85,37.0,fever|breathlessness,asthma,0
66,114,93,119,36.8,fever|dizziness,hypertension,1
66,132,65,109,36.0,dizziness,diabetes|hypertension,1
85,163,98,77,36.6,,,0
77,103,102,90,38.4,breathlessness|fever,diabetes,0
61,142,106,69,37.0,breathlessness|chest pain,,0
33,153,65,107,37.9,fever|dizziness,hypertension|asthma,1
73,188,63,139,36.7,chest pain|breathlessness,,2
72,106,66,80,37.5,,,0
81,143,100,77,36.2,fever,,0
50,154,61,133,36.7,chest pain,,2
45,168,60,105,38.2,fever|breathlessness,,1
83,141,107,72,38.9,fever,,1
37,117,93,130,36.0,fever|dizziness,asthma|diabetes,2
82,111,89,100,38.9,dizziness,,1
21,132,68,62,37.1,fever|dizziness,asthma|hypertension,0
26,147,69,104,36.7,dizziness,asthma,1
40,153,73,105,38.2,fever|dizziness,asthma|diabetes,1
29,146,65,67,39.9,dizziness,,1
55,132,96,101,39.9,,,1
80,130,95,66,36.4,breathlessness|dizziness,,0
71,102,92,115,38.7,,diabetes|hypertension,1
37,129,96,116,38.2,,,1
67,159,109,67,38.7,dizziness|breathlessness,hypertension,1
51,100,74,77,36.6,dizziness|chest pain,asthma,0
33,130,96,73,38.7,chest pain|dizziness,hypertension,1
76,103,99,99,38.3,chest pain|dizziness,hypertension,0
36,158,91,72,38.1,breathlessness|dizziness,hypertension|asthma,0
62,101,72,114,39.5,,diabetes,1
25,155,101,126,37.4,,hypertension,2
30,151,74,95,39.9,,asthma,1
28,122,65,139,36.8,chest pain,hypertension|diabetes,2
45,122,93,78,39.6,,hypertension,1
87,133,73,80,39.1,breathlessness,,1
45,145,106,108,38.4,dizziness,,1
64,146,98,61,38.1,,asthma|hypertension,0
23,153,100,101,36.0,fever|dizziness,asthma,1
77,184,86,67,39.3,dizziness|chest pain,diabetes|hypertension,2
42,150,96,102,38.0,,,1
81,145,98,138,38.7,fever,,2
48,146,69,101,36.1,chest pain,asthma|hypertension,1
88,149,87,96,38.2,chest pain|fever,asthma|diabetes,0
41,184,82,128,36.7,,,2
48,184,72,103,37.7,fever,asthma,2
80,118,101,73,39.4,,diabetes|hypertension,1
87,127,78,128,38.7,,,2
83,173,80,119,38.3,,diabetes|hypertension,2
90,181,109,92,36.6,chest pain|dizziness,hypertension|asthma,2
26,164,68,139,39.2,breathlessness|chest pain,hypertension,2
90,110,110,125,38.7,chest pain|fever,hypertension,2
54,111,98,105,38.2,chest pain|dizziness,asthma|diabetes,1
42,121,101,92,38.1,breathlessness|fever,,0
84,150,79,116,36.4,breathlessness|dizziness,,1
63,181,81,124,38.1,chest pain|breathlessness,diabetes,2
41,181,62,119,38.8,dizziness,asthma,2
79,185,99,128,36.0,fever,hypertension,2
67,184,89,97,37.9,,diabetes|asthma,2
25,182,105,99,38.0,fever,diabetes,2
38,117,93,103,38.6,dizziness,hypertension|diabetes,1
39,158,71,76,36.4,fever|chest pain,,0
50,185,65,94,39.1,dizziness,diabetes|asthma,2
57,157,90,125,37.6,breathlessness,asthma,2
80,155,87,125,38.9,,asthma|hypertension,2
69,124,80,137,36.5,dizziness|fever,diabetes|asthma,2
18,169,78,101,38.8,chest pain|fever,asthma|diabetes,1
49,106,81,91,36.1,,hypertension,0
87,105,94,97,39.1,dizziness,asthma|diabetes,1
22,132,65,133,36.0,,,2
62,101,89,108,37.7,breathlessness,hypertension|diabetes,1
33,173,73,95,37.8,fever|dizziness,,2
39,133,88,115,37.5,,hypertension,1
22,162,62,135,36.9,,hypertension|diabetes,2
40,186,91,132,39.7,,,2
85,123,79,68,37.2,chest pain,asthma|hypertension,0
62,101,68,114,37.7,dizziness|chest pain,diabetes,1
22,183,86,103,36.1,,hypertension,2
50,178,78,112,37.0,,asthma|diabetes,2
38,109,72,68,38.8,breathlessness|fever,asthma|hypertension,1
29,143,92,125,39.8,fever|dizziness,,2
83,115,80,78,36.7,,,0
83,116,68,88,37.1,,diabetes|hypertension,0
85,119,78,131,36.3,,hypertension,2
58,115,88,112,39.5,chest pain,diabetes|asthma,1
68,179,90,84,39.6,fever|chest pain,,2
75,103,75,116,39.1,chest pain,diabetes,1
32,123,81,101,37.8,,asthma,1
41,101,101,85,38.1,chest pain|breathlessness,hypertension,0
87,157,90,87,38.4,,diabetes|asthma,0
67,153,70,76,39.1,,diabetes,1
49,118,106,115,36.1,,,1
73,160,66,139,38.5,fever|dizziness,hypertension|asthma,2
86,101,110,110,39.4,,asthma,1
89,102,85,103,39.8,,hypertension,1
41,113,103,65,36.7,fever|chest pain,,0
60,188,96,66,38.9,dizziness,,2
76,117,86,138,36.6,breathlessness|dizziness,asthma|hypertension,2
44,121,96,103,39.7,chest pain|breathlessness,diabetes|hypertension,1
77,123,102,87,38.0,dizziness|fever,,0
60,138,63,134,39.9,fever|chest pain,asthma,2
72,120,95,97,36.1,chest pain|dizziness,asthma,0
65,163,100,137,36.4,,,2
38,116,69,117,39.9,chest pain|dizziness,diabetes|hypertension,1
82,181,91,78,37.3,,,2
23,137,65,126,39.1,breathlessness|fever,diabetes|asthma,2
38,144,79,122,37.1,,hypertension,2
37,146,75,103,39.1,chest pain|fever,asthma|hypertension,1
30,149,66,82,37.0,,hypertension,0
32,125,101,117,37.1,chest pain,hypertension,1
76,180,68,92,37.9,dizziness,hypertension|asthma,2
61,138,78,140,37.1,breathlessness|dizziness,,2
41,150,65,112,39.1,fever,hypertension,1
46,110,94,110,39.7,,asthma|diabetes,1
75,106,93,96,38.8,,asthma,1
78,144,66,102,38.5,,,1
23,132,77,128,39.4,fever,,2
72,115,61,78,37.0,,hypertension,0
71,137,76,115,38.9,breathlessness,hypertension,1
85,102,63,82,39.5,,,1
40,171,76,128,38.6,,diabetes,2
74,116,72,98,36.2,,asthma|diabetes,0
62,181,71,81,38.0,breathlessness|dizziness,asthma,2
88,101,73,77,39.0,chest pain,asthma|hypertension,1
30,135,101,140,38.7,dizziness|fever,,2
83,112,87,116,39.8,chest pain|fever,hypertension,1
49,161,101,67,38.5,,asthma,0
54,156,78,82,37.1,,,0
36,122,84,127,37.4,chest pain|breathlessness,,2
66,154,88,78,39.8,chest pain|dizziness,diabetes,1
24,158,61,88,36.6,chest pain,asthma|diabetes,0
68,121,100,129,38.8,,diabetes,2
72,184,75,108,37.5,,hypertension|asthma,2
62,125,70,133,36.2,fever,,2
42,142,81,87,39.6,,,1
35,149,66,119,37.2,,hypertension,1
46,181,87,62,36.4,breathlessness,,2
28,186,88,102,38.6,,hypertension,2
87,116,91,137,36.3,chest pain,asthma,2
34,156,72,114,38.4,,,1
80,155,86,75,39.8,,,1
58,125,67,64,39.8,chest pain,diabetes,1
30,165,94,106,36.5,fever,asthma,1
22,139,96,67,38.0,fever,,0
51,154,108,98,36.7,dizziness|chest pain,,0
53,112,71,83,38.0,fever,asthma,0
43,173,109,73,37.0,dizziness,diabetes,2
90,179,96,134,36.1,breathlessness,asthma|diabetes,2
65,143,106,94,39.7,dizziness|chest pain,hypertension|asthma,1
58,125,83,94,39.2,fever|chest pain,asthma|hypertension,1
60,171,92,92,36.2,fever|dizziness,,2
33,168,63,72,37.3,,asthma,0
57,183,60,77,37.0,breathlessness|dizziness,asthma,2
78,121,98,109,39.0,,,1
71,104,65,132,38.8,chest pain,diabetes,2
31,179,107,92,39.2,dizziness,asthma|diabetes,2
20,164,79,120,38.5,,diabetes|asthma,1
38,104,90,128,37.5,dizziness|fever,asthma,2
80,110,108,90,37.7,chest pain|fever,,0
34,106,72,99,37.9,fever,hypertension|asthma,0
37,167,90,95,39.5,,hypertension,1
23,172,95,93,38.2,,hypertension|diabetes,2
61,177,73,115,39.7,,diabetes|hypertension,2
65,104,85,134,37.8,,,2
38,130,100,88,37.8,dizziness|breathlessness,diabetes|hypertension,0
61,186,64,71,37.1,,hypertension|asthma,2
29,114,75,122,38.4,chest pain,asthma,2
47,185,60,101,36.2,breathlessness,diabetes,2
40,185,107,117,37.6,,hypertension|asthma,2
33,127,92,137,36.8,,hypertension,2
50,123,106,94,39.3,,diabetes,1
66,151,65,89,38.2,,,0
18,119,77,63,38.0,chest pain,,0
32,122,71,105,39.6,fever|chest pain,,1
38,115,69,94,36.2,fever,asthma|hypertension,0
89,125,85,85,37.8,,asthma,0
38,173,101,135,36.6,,diabetes,2
74,143,90,110,38.0,breathlessness|fever,diabetes,1
28,148,96,106,39.7,chest pain|fever,diabetes,1
49,172,78,84,36.3,,asthma,2
34,150,68,117,39.7,fever,,1
27,142,65,129,36.3,breathlessness|fever,asthma|diabetes,2
57,149,100,124,39.5,fever,diabetes|asthma,2
22,175,78,109,39.6,dizziness|fever,asthma,2
28,118,79,111,39.8,,,1
80,155,77,140,39.5,chest pain,diabetes,2
58,148,95,137,38.6,,,2
77,163,69,113,37.2,,hypertension|asthma,1
81,125,72,67,39.3,,asthma,1
61,111,90,140,38.7,,diabetes,2
77,157,107,131,37.1,fever|breathlessness,asthma|hypertension,2
25,157,108,109,39.8,fever,asthma|diabetes,1
85,152,65,66,38.2,,asthma,0
74,170,105,108,39.5,breathlessness|dizziness,diabetes|asthma,1
45,143,108,135,36.4,,asthma,2
28,155,108,124,37.5,fever|dizziness,,2
21,134,68,86,38.4,breathlessness,,0
41,116,101,75,39.2,chest pain|breathlessness,hypertension,1
86,150,64,122,39.4,breathlessness,,2
39,108,89,104,36.5,breathlessness,,1
63,149,103,119,38.4,breathlessness|dizziness,diabetes|asthma,1
58,116,73,74,39.0,breathlessness|fever,,1
58,189,65,135,36.0,,diabetes,2
52,148,107,71,38.4,,asthma,0
52,167,64,116,39.6,,,1
73,188,104,132,36.0,breathlessness,,2
23,125,85,134,36.8,chest pain,,2
64,139,81,74,36.2,fever|breathlessness,,0
65,110,74,94,36.0,chest pain,,0
58,147,81,94,39.8,,diabetes,1
51,118,65,72,39.4,chest pain|fever,asthma,1
72,104,100,72,37.1,breathlessness,,0
57,177,107,126,36.9,chest pain,asthma,2
42,174,105,132,36.4,,,2
49,112,77,108,39.0,,,1
50,113,66,72,37.3,breathlessness,asthma|hypertension,0
29,157,63,96,37.4,,asthma|diabetes,0
35,180,90,136,36.7,,asthma|diabetes,2
47,148,84,92,38.7,chest pain|fever,,1
70,186,60,133,37.7,,hypertension|diabetes,2
64,153,74,104,37.7,,,1
60,104,94,97,39.8,,diabetes,1
22,121,67,139,38.7,,hypertension|diabetes,2
79,144,109,89,38.8,fever,diabetes|hypertension,1
61,175,91,64,39.7,dizziness|breathlessness,hypertension,2
25,119,98,60,37.7,chest pain|dizziness,diabetes|hypertension,0
42,180,64,128,37.1,dizziness,asthma|diabetes,2
24,103,65,86,38.9,,hypertension,1
58,188,62,112,36.3,breathlessness|chest pain,hypertension,2
78,148,106,130,36.2,chest pain|breathlessness,asthma|diabetes,2
48,180,72,77,37.1,fever|breathlessness,,2
51,183,74,94,38.0,fever,diabetes,2
29,154,91,65,38.4,chest pain,diabetes,0
26,164,100,135,36.1,fever,asthma,2
48,172,91,87,38.7,,diabetes|hypertension,2
56,185,105,87,36.3,chest pain,hypertension,2
31,167,107,76,39.5,fever|dizziness,asthma|diabetes,1
61,123,103,106,39.9,dizziness|chest pain,,1
41,162,86,86,37.7,breathlessness|fever,hypertension,0
52,189,82,130,37.4,breathlessness|fever,,2
68,166,65,117,39.4,,asthma|diabetes,1
70,168,77,119,39.4,dizziness|fever,asthma,1
87,138,96,62,37.5,,diabetes|hypertension,0
68,185,90,104,38.2,chest pain,,2
77,115,84,140,36.8,,diabetes,2
89,136,104,92,37.6,,hypertension|diabetes,0
27,102,95,127,38.9,chest pain,asthma,2
70,153,86,128,38.9,fever,diabetes|hypertension,2
52,138,86,107,39.0,dizziness|fever,hypertension|asthma,1
20,153,73,122,37.4,,asthma,2
77,177,90,139,39.2,chest pain|breathlessness,,2
42,182,87,67,39.0,fever|chest pain,diabetes,2
49,186,78,69,36.6,,,2
72,173,73,125,37.1,,hypertension,2
43,149,103,83,38.8,,,1
71,143,93,101,37.9,,diabetes,1
59,161,61,126,36.0,breathlessness|chest pain,,2
90,123,109,108,37.3,breathlessness|chest pain,asthma|diabetes,1
33,126,93,122,36.1,,asthma,2
59,175,100,97,37.0,dizziness|chest pain,,2
57,155,87,98,38.3,fever,asthma|diabetes,0
68,168,99,139,36.4,,hypertension,2
90,152,103,108,36.5,chest pain,hypertension,1
69,190,110,90,39.8,breathlessness|dizziness,asthma,2
38,111,102,133,37.1,breathlessness,,2
61,169,94,66,36.0,chest pain|fever,hypertension|asthma,0
70,190,98,136,39.9,breathlessness|chest pain,asthma,2
31,171,75,137,36.4,,hypertension|asthma,2
28,179,105,119,36.6,,asthma,2
26,113,62,64,37.4,chest pain|dizziness,diabetes|asthma,0
19,181,62,122,38.1,fever,asthma|hypertension,2
58,169,81,62,39.1,,,1
32,155,100,66,39.2,,asthma|hypertension,1
61,145,106,99,39.3,dizziness|fever,asthma,1
74,171,106,140,39.7,breathlessness|chest pain,diabetes,2
61,140,80,101,38.4,,hypertension|asthma,1
51,156,96,81,38.0,,hypertension,0
31,153,87,108,37.0,dizziness,asthma|diabetes,1
41,127,107,105,37.8,dizziness|fever,diabetes|hypertension,1
45,112,100,107,38.0,dizziness|chest pain,asthma|diabetes,1
25,103,73,140,39.4,,hypertension|diabetes,2
19,166,80,88,39.4,dizziness,,1
64,120,67,98,38.4,chest pain,diabetes,0
25,106,104,104,36.8,,,1
83,177,72,95,39.9,,hypertension|diabetes,2
74,180,95,88,37.6,breathlessness|fever,hypertension,2
52,116,79,76,40.0,fever,hypertension|diabetes,1
53,123,94,63,39.8,fever,,1
38,152,80,72,36.7,chest pain|dizziness,diabetes|asthma,0
63,110,104,108,39.3,fever,diabetes,1
61,150,80,110,37.0,,hypertension,1
70,168,66,98,38.9,dizziness,asthma,1
27,170,69,124,36.1,dizziness|fever,diabetes|hypertension,2
53,144,72,104,39.4,chest pain|breathlessness,diabetes,1
44,147,72,136,39.6,fever,,2
31,157,101,140,38.7,,asthma|hypertension,2
28,137,85,108,36.4,dizziness|chest pain,hypertension,1
44,117,102,132,39.9,,,2
50,144,107,60,37.2,chest pain|dizziness,,0
65,172,83,122,37.4,fever,diabetes|hypertension,2
85,145,61,83,36.6,chest pain|dizziness,,0
36,166,61,127,39.5,dizziness,diabetes|asthma,2
65,187,63,76,37.8,,asthma|diabetes,2
47,165,98,95,36.3,chest pain,asthma|diabetes,0
22,178,103,125,39.2,breathlessness|chest pain,hypertension,2
70,128,73,90,37.9,chest pain,asthma,0
85,122,78,138,36.3,,asthma,2
27,187,62,105,36.4,,hypertension|asthma,2
28,161,87,110,38.3,fever,,1
33,171,77,102,39.3,fever,,2
64,124,87,129,39.3,dizziness,,2
56,105,79,98,39.7,breathlessness,,1
74,185,81,61,36.0,,diabetes|asthma,2
19,131,69,76,39.8,,,1
22,117,100,130,37.5,dizziness|fever,asthma|diabetes,2
68,173,104,105,37.6,fever|chest pain,diabetes,2
34,141,66,100,39.3,,asthma|hypertension,1
48,108,75,92,36.3,chest pain,asthma|diabetes,0
36,139,91,111,39.2,chest pain|breathlessness,,1
36,187,64,139,38.1,fever|chest pain,asthma,2
45,115,95,128,39.5,chest pain|dizziness,diabetes|hypertension,2
43,180,66,135,39.4,,hypertension|diabetes,2
51,106,61,134,38.3,,asthma,2
84,119,71,97,40.0,dizziness|chest pain,asthma|hypertension,1
51,185,71,88,36.6,chest pain,,2
29,163,102,112,36.5,breathlessness,asthma|diabetes,1
59,150,106,125,36.9,dizziness,asthma|diabetes,2
34,142,85,107,38.9,breathlessness,diabetes,1
67,171,71,87,36.8,breathlessness,asthma,2
43,173,99,132,38.7,,hypertension,2
57,154,85,121,37.0,breathlessness|dizziness,asthma|diabetes,2
36,187,60,105,38.7,breathlessness,hypertension,2
28,177,86,120,38.9,breathlessness|fever,,2
74,176,97,67,39.6,dizziness,asthma,2
87,130,83,72,36.6,,asthma,0
73,124,103,91,38.2,,,0
68,113,94,107,38.8,dizziness,,1
67,134,64,93,38.7,chest pain,asthma|diabetes,1
84,116,95,103,36.7,,diabetes|asthma,1
27,115,69,84,39.5,fever,hypertension,1
79,174,99,129,37.4,chest pain|dizziness,asthma,2
28,190,82,97,39.7,breathlessness,,2
21,187,85,98,38.2,fever|chest pain,,2
63,153,91,76,38.8,fever|chest pain,hypertension,1
70,116,95,121,37.6,breathlessness,hypertension,2
29,124,64,83,36.2,,hypertension,0
79,121,99,109,39.4,,diabetes,1
29,139,61,110,36.0,breathlessness|dizziness,hypertension,1
27,119,71,121,36.8,,,2
70,186,76,134,39.7,dizziness,asthma,2
58,132,69,140,37.5,fever|dizziness,diabetes,2
82,159,82,89,40.0,,,1
82,137,68,123,37.0,chest pain,hypertension,2
56,169,87,127,37.9,breathlessness|chest pain,asthma|diabetes,2
24,142,94,103,39.8,chest pain|dizziness,hypertension|asthma,1
83,111,64,73,38.7,breathlessness,asthma,1
29,177,78,102,37.9,chest pain|breathlessness,,2
18,157,81,62,37.0,,,0
69,147,90,91,39.5,fever|dizziness,hypertension,1
26,106,88,67,36.8,fever|dizziness,asthma|hypertension,0
46,143,64,98,38.6,fever|chest pain,,1
80,171,64,98,38.1,chest pain,,2
22,165,87,121,39.2,,hypertension,2
38,163,63,119,38.3,chest pain,,1
31,102,82,82,37.6,fever|dizziness,,0
36,138,91,129,39.0,dizziness|breathlessness,hypertension|asthma,2
90,112,70,120,38.9,,,1
35,158,77,76,37.9,,diabetes|asthma,0
76,179,110,93,39.8,,asthma|diabetes,2
27,101,109,118,37.8,dizziness|chest pain,asthma|diabetes,1
75,173,73,129,37.5,breathlessness|chest pain,,2
78,113,98,69,37.7,,,0
69,168,81,98,38.0,,asthma|hypertension,0
18,136,73,140,38.6,breathlessness,diabetes|asthma,2
78,138,65,69,38.7,breathlessness,hypertension|asthma,1
89,125,63,121,38.9,,,2
20,151,110,96,36.3,fever,,0
47,148,60,104,39.3,breathlessness,asthma|hypertension,1
35,148,103,130,38.6,dizziness|chest pain,asthma,2
37,126,104,108,36.4,chest pain|dizziness,,1
26,147,89,97,38.7,breathlessness|fever,hypertension,1
82,155,69,127,38.0,chest pain,hypertension,2
79,173,76,73,39.5,,,2
83,171,67,140,38.1,,,2
90,162,108,86,38.1,dizziness,,0
41,189,109,61,37.7,chest pain,hypertension|diabetes,2
65,126,100,135,39.5,,asthma|diabetes,2
66,131,60,82,39.2,breathlessness|chest pain,hypertension|diabetes,1
65,129,84,99,39.4,fever,,1
74,111,71,127,38.5,,diabetes,2
56,117,88,88,36.8,dizziness|chest pain,asthma,0
82,118,94,73,39.6,chest pain|fever,hypertension|diabetes,1
37,152,64,62,36.9,breathlessness,asthma|diabetes,0
34,141,103,139,37.2,fever,diabetes,2
54,127,79,94,38.6,,,1
39,115,95,93,37.6,chest pain,diabetes,0
19,166,110,107,37.9,dizziness,hypertension,1
37,145,105,129,36.5,fever|dizziness,asthma,2
35,164,71,96,37.9,,asthma|hypertension,0
53,143,75,127,36.3,chest pain|breathlessness,diabetes,2
77,103,65,124,37.4,,diabetes,2
55,147,83,117,39.8,dizziness,hypertension,1
41,101,100,127,38.9,chest pain|dizziness,,2
54,109,109,136,37.6,chest pain|breathlessness,asthma,2
57,152,66,60,39.3,dizziness|breathlessness,asthma,1
43,143,93,108,38.6,fever,asthma,1
54,187,61,105,37.8,fever|breathlessness,,2
89,124,66,140,37.6,breathlessness,,2
29,153,110,82,37.8,dizziness|fever,diabetes,0
84,119,76,102,38.1,chest pain|fever,,1
34,144,95,86,37.3,breathlessness|chest pain,diabetes,0
63,184,101,127,38.3,,hypertension|asthma,2
73,116,109,132,38.6,chest pain,diabetes,2
58,180,106,105,39.7,dizziness|chest pain,,2
35,128,95,114,36.6,chest pain,diabetes|hypertension,1
49,159,101,96,37.7,,hypertension,0
72,181,77,66,36.9,fever|dizziness,,2
86,124,103,100,38.4,chest pain|breathlessness,asthma|hypertension,0
88,184,104,136,38.1,fever,asthma|diabetes,2
62,156,87,102,39.8,chest pain|dizziness,,1
87,147,63,138,39.2,breathlessness,diabetes|hypertension,2
31,142,87,93,37.2,dizziness|chest pain,asthma,0
21,110,67,118,38.0,fever,,1
45,152,75,61,37.6,,diabetes,0
27,171,95,73,37.6,fever|breathlessness,,2
67,132,93,74,37.2,dizziness,,0
32,179,84,113,37.5,,,2
20,181,64,87,37.4,chest pain,,2
31,108,67,68,36.1,,,0
73,118,71,135,36.0,dizziness|breathlessness,hypertension|asthma,2
22,102,74,83,40.0,,hypertension,1
87,185,96,102,37.7,breathlessness,asthma|diabetes,2
87,144,101,112,38.6,fever,,1
50,127,94,132,36.9,breathlessness,,2
22,120,68,130,38.6,,,2
56,166,87,101,38.8,breathlessness|chest pain,,1
29,173,82,140,39.3,dizziness,hypertension,2
83,173,86,135,39.2,fever|breathlessness,hypertension,2
27,150,98,93,39.2,,diabetes,1
26,158,100,114,36.2,fever|breathlessness,hypertension|diabetes,1
29,101,107,114,38.0,breathlessness|fever,diabetes,1
37,187,72,74,39.1,breathlessness,,2
33,148,63,80,39.1,breathlessness,asthma,1
43,163,92,119,39.6,dizziness|fever,asthma|diabetes,1
68,122,110,80,37.0,dizziness,,0
56,126,75,60,38.2,fever,hypertension|asthma,0
26,114,60,79,39.0,,hypertension|asthma,1
51,114,103,114,37.3,,,1
44,175,63,133,36.4,,diabetes|hypertension,2
70,141,94,122,38.6,dizziness|chest pain,diabetes,2
29,123,95,76,39.3,,asthma,1
22,141,104,133,36.4,dizziness,diabetes|asthma,2
65,133,79,99,36.5,,hypertension|diabetes,0
37,178,97,127,36.9,,,2
62,109,69,104,36.9,fever,asthma,1
62,168,101,114,38.2,dizziness|fever,asthma|hypertension,1
70,172,109,115,37.9,chest pain|breathlessness,,2
81,181,109,82,38.3,,,2
24,175,71,63,36.1,breathlessness|fever,asthma|diabetes,2
80,176,60,95,38.1,dizziness|fever,diabetes|asthma,2
23,166,95,131,37.2,,hypertension|asthma,2
83,105,108,99,38.6,,asthma,1
59,117,95,81,36.4,chest pain,,0
53,129,109,131,37.0,,diabetes,2
24,135,103,79,37.9,,hypertension|asthma,0
80,119,92,97,38.7,chest pain|fever,,1
82,184,107,60,38.6,fever|chest pain,asthma|hypertension,2
55,180,70,129,37.1,fever,,2
69,190,79,126,39.9,fever,asthma,2
62,160,106,97,39.9,,,1
73,171,68,90,38.4,dizziness|chest pain,diabetes|asthma,2
85,126,72,65,39.0,breathlessness,diabetes|asthma,1
36,126,71,73,39.3,breathlessness|fever,hypertension,1
81,158,66,100,37.0,dizziness,diabetes|asthma,0
34,140,91,96,39.5,dizziness,hypertension|asthma,1
76,132,72,100,38.9,dizziness,hypertension,1
60,139,81,91,40.0,breathlessness|dizziness,hypertension|diabetes,1
33,148,63,98,39.8,breathlessness,,1
70,158,110,105,37.3,,asthma,1
90,134,62,67,38.3,fever,,0
33,120,107,62,37.4,,diabetes|asthma,0
29,183,65,78,36.0,dizziness,,2
61,127,62,87,38.0,dizziness|fever,asthma|diabetes,0
21,189,110,119,36.8,,,2
65,134,69,60,37.3,,hypertension|diabetes,0
75,104,92,94,38.1,chest pain|breathlessness,asthma|hypertension,0
74,189,94,80,37.8,breathlessness,,2
35,120,95,65,38.9,fever|breathlessness,,1
34,134,72,78,39.1,,hypertension|asthma,1
62,132,63,134,39.0,,asthma,2
77,127,80,88,39.4,chest pain|fever,asthma|hypertension,1
83,189,71,107,38.6,,,2
84,151,72,118,39.9,breathlessness|dizziness,diabetes|hypertension,1
67,112,107,94,38.5,,asthma,0
52,163,106,117,38.8,dizziness,asthma,1
64,151,96,135,39.2,chest pain,hypertension,2
58,182,68,69,36.1,,diabetes,2
63,113,93,81,38.9,dizziness,,1
23,158,98,119,37.8,chest pain|dizziness,,1
65,169,62,100,37.5,,,0
41,125,79,83,39.0,breathlessness|fever,,1
39,183,104,139,37.1,chest pain,,2
89,134,104,103,39.7,breathlessness,asthma|diabetes,1
62,140,76,97,37.0,,diabetes,0
62,148,77,69,36.5,,diabetes|asthma,0
51,190,83,67,37.9,dizziness|fever,,2
28,117,105,137,39.5,fever|chest pain,,2
25,185,86,81,38.3,dizziness,,2
42,182,80,128,39.3,chest pain|breathlessness,diabetes,2
40,102,93,135,38.3,dizziness|breathlessness,,2
18,178,81,69,38.5,breathlessness|chest pain,hypertension,2
49,144,85,78,39.8,dizziness|breathlessness,hypertension|diabetes,1
42,125,60,138,37.5,chest pain,,2
76,130,75,74,36.6,,asthma,0
71,189,71,62,37.8,dizziness,hypertension,2
37,177,65,79,39.9,fever|breathlessness,,2
24,164,100,71,39.6,chest pain|breathlessness,hypertension|diabetes,1
72,134,75,93,36.1,,,0
77,169,65,67,39.3,,,1
31,105,93,108,38.0,breathlessness|chest pain,hypertension|diabetes,1
21,165,93,75,38.7,breathlessness|chest pain,hypertension,1
42,136,88,75,38.8,breathlessness|dizziness,asthma|diabetes,1
39,185,73,133,39.9,,diabetes,2
29,103,106,87,36.1,dizziness|chest pain,asthma,0
51,172,89,97,39.6,breathlessness|fever,hypertension|diabetes,2
75,125,83,129,38.0,breathlessness|fever,hypertension|diabetes,2
18,158,100,107,38.2,,asthma|diabetes,1
78,108,73,123,36.9,,hypertension,2
87,179,87,111,39.5,,hypertension|asthma,2
22,128,96,109,39.4,chest pain|fever,diabetes,1
27,112,91,60,36.1,breathlessness|dizziness,hypertension,0
34,119,99,93,37.2,fever,,0
19,151,98,61,39.2,,diabetes,1
52,146,79,83,39.7,dizziness,hypertension,1
72,162,68,93,38.7,,,1
36,150,96,77,37.8,breathlessness|fever,asthma|diabetes,0
46,158,104,106,36.1,fever|dizziness,,1
77,119,70,137,39.3,breathlessness|chest pain,asthma|diabetes,2
48,111,78,125,37.7,fever,asthma,2
23,162,70,135,39.5,chest pain,asthma,2
85,147,70,71,37.0,,asthma|hypertension,0
34,154,87,87,39.8,chest pain,,1
65,190,80,111,39.8,breathlessness,,2
81,164,64,104,38.4,dizziness,,1
74,167,75,86,39.4,chest pain,,1
29,183,68,127,39.7,breathlessness,diabetes,2
45,187,83,107,37.0,breathlessness|dizziness,diabetes|hypertension,2
25,146,99,134,37.4,dizziness|breathlessness,hypertension|diabetes,2
90,138,86,95,38.7,breathlessness|dizziness,hypertension,1
49,145,81,111,38.3,,hypertension,1
29,165,110,126,37.5,breathlessness,,2
48,150,83,64,38.3,fever|chest pain,hypertension|asthma,0
57,150,100,85,36.5,,hypertension,0
83,156,90,89,36.8,fever,hypertension|diabetes,0
48,149,63,84,39.2,fever|chest pain,hypertension,1
51,127,89,109,37.6,fever,,1
50,107,67,123,36.6,,hypertension,2
64,110,61,77,36.7,fever|breathlessness,diabetes,0
67,169,108,69,36.5,fever|dizziness,hypertension|diabetes,0
89,105,78,93,38.2,dizziness,,0
26,154,86,131,38.0,,,2
78,189,105,98,38.2,,diabetes,2
48,133,102,134,38.0,chest pain,,2
30,152,73,93,39.6,,hypertension|asthma,1
22,102,99,61,36.9,fever|chest pain,asthma,0
26,189,61,138,39.5,fever,hypertension|asthma,2
83,147,81,61,39.6,fever,asthma,1
66,190,87,108,36.2,dizziness|chest pain,diabetes,2
55,123,90,75,39.7,,hypertension,1
54,150,61,68,36.9,fever,hypertension|asthma,0
43,149,77,94,36.7,,hypertension|diabetes,0
24,129,76,61,38.9,fever,,1
51,169,61,137,37.8,breathlessness,,2
65,184,83,123,37.1,dizziness|fever,diabetes,2
75,148,92,81,36.9,dizziness,,0
55,119,94,98,39.0,breathlessness,diabetes|hypertension,1
55,151,81,98,36.3,,diabetes|asthma,0
37,165,66,92,37.7,,diabetes|hypertension,0
63,153,85,106,37.0,,diabetes|hypertension,1
44,114,64,63,38.8,,hypertension|asthma,1
29,132,89,94,37.1,fever,hypertension|diabetes,0
27,186,66,103,36.4,fever|dizziness,hypertension,2
41,169,85,125,38.7,chest pain|dizziness,,2
58,187,110,105,37.8,,,2
37,102,97,74,36.8,,hypertension,0
68,132,86,94,37.5,,asthma|hypertension,0
66,180,89,63,39.5,dizziness|fever,diabetes,2
59,104,73,117,39.0,,,1
85,121,78,129,38.4,fever,asthma,2
70,112,105,134,38.1,chest pain|fever,asthma|diabetes,2
43,124,109,130,36.9,dizziness|fever,hypertension,2
23,123,80,63,39.9,fever|dizziness,diabetes,1
88,105,61,121,39.7,,asthma,2
22,187,89,67,38.3,breathlessness,asthma,2
59,115,103,87,39.2,breathlessness,hypertension,1
83,187,71,76,38.3,breathlessness,,2
72,119,98,134,36.7,breathlessness,asthma,2
32,174,104,139,39.9,,asthma|hypertension,2
21,156,77,139,37.4,,hypertension,2
29,134,65,73,37.5,fever,asthma|diabetes,0
43,185,73,61,39.0,,,2
77,104,69,74,37.5,,,0
35,135,70,126,39.1,,asthma,2
37,159,101,105,37.7,chest pain|dizziness,,1
90,163,65,65,38.0,,asthma,0
35,161,78,78,37.6,,diabetes|hypertension,0
29,100,99,80,39.4,fever|chest pain,,1
41,170,83,69,37.4,,hypertension|diabetes,0
48,146,109,99,37.6,fever|breathlessness,,0
89,169,69,135,39.9,,diabetes|hypertension,2
61,161,80,63,37.0,chest pain,diabetes,0
42,187,77,121,39.9,fever|breathlessness,asthma|diabetes,2
56,118,84,120,37.6,,asthma|hypertension,1
21,135,89,126,38.6,,diabetes,2
81,131,94,138,37.4,fever|breathlessness,diabetes,2
29,154,84,93,37.9,,,0
40,132,72,68,36.2,,hypertension,0
21,164,92,100,38.7,fever,diabetes,1
50,111,67,88,36.2,,asthma,0
57,104,67,61,36.4,chest pain,asthma,0
75,184,94,124,38.5,breathlessness,asthma,2
47,104,86,81,38.7,breathlessness|chest pain,,1
34,129,86,135,36.4,,hypertension|asthma,2
42,150,65,129,36.3,breathlessness,,2
62,152,64,77,39.0,fever,diabetes|asthma,1
37,180,93,70,39.0,breathlessness,diabetes|asthma,2
76,116,77,63,36.3,,asthma,0
20,172,71,77,39.1,chest pain|breathlessness,diabetes,2
57,184,97,79,39.6,chest pain,asthma,2
88,142,90,87,39.3,dizziness,,1
67,106,98,72,37.0,chest pain|breathlessness,diabetes|hypertension,0
46,155,74,140,36.2,,hypertension,2
44,166,61,62,38.3,,,0
60,162,68,107,36.9,dizziness|chest pain,hypertension,1
47,183,102,127,37.2,fever|breathlessness,,2
82,148,62,118,37.4,,diabetes,1
59,166,103,73,39.3,chest pain,diabetes|asthma,1
74,134,74,65,37.8,dizziness,asthma|diabetes,0
67,130,78,70,36.1,fever|chest pain,asthma|hypertension,0
36,169,102,102,39.0,,asthma,1
70,127,95,105,37.6,breathlessness,hypertension,1
27,162,98,61,36.6,,asthma,0
44,170,63,100,36.3,,asthma|diabetes,0
42,155,98,114,38.6,dizziness|fever,diabetes,1
80,134,107,135,36.2,,,2
74,167,90,67,37.2,chest pain|breathlessness,hypertension|diabetes,0
62,109,68,76,36.2,breathlessness,,0
83,101,68,77,38.8,,,1
42,155,98,123,36.7,,hypertension,2
83,124,95,87,39.4,fever,,1
70,158,90,112,37.2,fever,hypertension,1
52,146,106,90,36.1,dizziness,,0
36,112,83,136,39.3,,diabetes,2
32,167,71,125,37.9,dizziness|breathlessness,hypertension|asthma,2
59,149,102,75,36.7,,,0
35,155,70,79,38.2,dizziness,,0
75,117,101,118,39.1,,,1
33,114,93,129,37.4,dizziness,hypertension|asthma,2
88,180,93,107,36.0,breathlessness,,2
90,151,95,132,39.7,,diabetes|hypertension,2
70,114,73,138,36.9,,asthma|diabetes,2
66,172,81,136,38.1,fever|dizziness,diabetes|hypertension,2
18,122,87,74,37.7,dizziness|breathlessness,asthma|hypertension,0
60,127,67,79,36.3,chest pain|dizziness,diabetes,0
57,130,92,129,38.6,chest pain,asthma|hypertension,2
50,178,73,77,38.3,,diabetes|asthma,2
88,160,104,63,36.4,,asthma|diabetes,0
59,143,86,123,37.8,chest pain|dizziness,diabetes|asthma,2
80,144,92,65,37.0,breathlessness,,0
88,103,77,107,39.5,,hypertension|asthma,1
57,155,100,82,37.8,,,0
77,133,64,117,38.2,chest pain,hypertension,1
20,171,77,89,36.7,,asthma,2
87,140,65,106,38.2,,asthma,1
50,103,77,99,37.1,chest pain|dizziness,asthma|hypertension,0
84,108,62,137,39.1,breathlessness|chest pain,diabetes|asthma,2
68,175,81,77,36.4,dizziness,,2
30,175,81,81,37.5,chest pain|dizziness,,2
27,162,87,111,37.3,chest pain,,1
35,149,64,70,37.9,breathlessness,asthma|diabetes,0
66,144,110,72,39.3,breathlessness|fever,,1
62,137,97,131,36.2,,,2
49,187,65,105,36.5,fever|chest pain,hypertension|asthma,2
59,145,86,140,37.8,,hypertension|diabetes,2
78,115,60,120,36.7,fever|chest pain,asthma,1
55,148,61,115,38.8,chest pain|dizziness,asthma,1
47,113,90,65,39.6,fever|breathlessness,hypertension,1
50,176,95,136,38.3,fever,diabetes,2
76,103,66,113,36.6,,,1
48,177,107,106,38.3,,hypertension,2
44,127,67,131,38.9,dizziness,,2
53,176,81,67,38.4,dizziness,hypertension,2
45,147,61,132,39.0,fever|chest pain,asthma,2
66,166,82,82,39.6,,,1
81,182,109,61,37.7,,,2
59,181,64,94,38.0,breathlessness|fever,asthma|hypertension,2
47,168,103,77,37.7,breathlessness|dizziness,hypertension|asthma,0
23,105,67,89,39.4,,hypertension|diabetes,1
23,131,73,62,36.8,,hypertension|asthma,0
36,144,88,91,36.2,fever|chest pain,asthma,0
70,179,84,102,37.0,dizziness,hypertension,2
47,110,101,136,38.7,chest pain|fever,,2
39,104,64,104,36.9,,asthma,1
81,108,67,108,39.0,breathlessness,asthma,1
41,150,100,127,38.9,chest pain,diabetes|asthma,2
80,148,91,75,39.5,chest pain|breathlessness,diabetes|hypertension,1
25,112,97,63,36.8,chest pain|fever,asthma,0
72,172,61,64,37.5,chest pain,,2
62,118,98,107,39.2,,,1
29,145,95,92,38.4,fever|dizziness,diabetes|asthma,0
25,170,97,139,36.6,fever,,2
39,151,104,92,38.4,,hypertension|asthma,0
76,166,76,120,37.8,,hypertension,1
87,180,89,74,38.9,,,2
28,104,78,92,39.7,,diabetes,1
86,122,66,119,37.5,fever,asthma,1
64,142,67,72,39.0,breathlessness|fever,asthma,1
74,182,76,114,37.9,dizziness|chest pain,asthma|hypertension,2
26,123,76,90,38.5,,,0
46,167,87,98,37.4,breathlessness,diabetes,0
57,148,108,94,39.3,dizziness|fever,hypertension,1
68,110,66,85,37.0,,diabetes|asthma,0
45,139,107,101,38.0,,asthma,1
76,122,67,106,40.0,,,1
48,184,78,65,38.6,,,2
86,113,88,103,39.7,,hypertension|diabetes,1
27,111,85,119,37.0,dizziness,,1
70,149,61,83,39.5,,,1
68,163,86,73,37.3,fever|breathlessness,,0
66,167,103,98,36.6,,asthma,0
68,117,64,74,36.1,breathlessness,,0
89,141,94,68,38.5,dizziness,,0
63,166,93,69,38.1,chest pain,asthma|hypertension,0
38,180,109,118,39.0,,asthma|diabetes,2
33,173,81,122,39.2,chest pain,,2
63,150,67,127,36.4,breathlessness,asthma|diabetes,2
20,147,109,71,37.4,,diabetes,0
66,131,72,138,39.4,chest pain,,2
44,181,102,109,36.7,chest pain|breathlessness,,2
51,145,64,78,37.7,breathlessness,diabetes,0
60,100,94,74,37.1,breathlessness,asthma|diabetes,0
34,153,110,93,36.6,dizziness,hypertension|diabetes,0
36,102,88,72,36.4,chest pain,hypertension,0
88,189,97,112,37.4,breathlessness|fever,hypertension,2
66,178,64,128,37.4,dizziness|breathlessness,diabetes|asthma,2
49,187,62,84,38.2,chest pain,hypertension,2
79,186,88,80,39.1,dizziness|fever,asthma,2
26,132,79,134,38.5,dizziness|chest pain,diabetes|hypertension,2
32,112,89,79,38.2,dizziness,diabetes|asthma,0
57,185,60,100,39.8,dizziness,asthma,2
75,141,99,116,36.6,fever|breathlessness,diabetes,1
86,156,94,67,37.8,,hypertension|asthma,0
41,156,73,119,39.4,breathlessness,hypertension,1
64,119,106,124,38.3,dizziness|chest pain,diabetes,2
68,156,103,136,36.8,dizziness|fever,asthma,2
56,155,80,88,37.3,chest pain,asthma|hypertension,0
71,177,72,104,36.5,,hypertension|asthma,2
35,179,87,63,37.9,breathlessness|fever,hypertension|diabetes,2
48,153,100,133,36.5,,,2
44,164,63,67,38.3,,diabetes,0
69,161,99,81,39.2,,diabetes|asthma,1
48,183,63,104,37.9,breathlessness|dizziness,,2
34,171,87,126,38.7,,,2
33,187,62,64,39.3,breathlessness|fever,hypertension|diabetes,2
23,111,90,121,36.1,fever|dizziness,hypertension|asthma,2
90,150,90,60,37.2,breathlessness,hypertension,0
47,179,67,68,38.7,,diabetes|asthma,2
78,112,64,123,36.6,,hypertension|asthma,2
73,111,108,103,37.4,fever|chest pain,hypertension|diabetes,1
57,161,85,131,40.0,dizziness,,2
82,146,63,133,36.9,fever,hypertension,2
58,106,65,102,36.3,fever,hypertension,1
77,130,62,101,39.4,,diabetes,1
50,164,91,75,39.6,breathlessness,,1
80,171,90,131,36.3,,diabetes|asthma,2
45,134,62,123,36.0,,,2
60,184,86,66,37.3,,asthma,2
83,109,63,72,38.8,,,1
52,101,101,65,38.2,dizziness,asthma|hypertension,0
29,163,69,119,38.2,dizziness|fever,diabetes,1
18,106,98,116,38.1,chest pain,,1
89,102,85,115,39.0,dizziness|breathlessness,asthma|diabetes,1
58,128,92,115,39.2,chest pain,hypertension|asthma,1
54,151,65,123,36.7,chest pain|breathlessness,hypertension|asthma,2
71,139,80,94,37.5,breathlessness,diabetes,0
69,129,105,82,39.9,breathlessness,,1
42,165,78,115,39.5,dizziness|breathlessness,diabetes|asthma,1
61,188,93,127,36.1,fever,,2
86,148,94,115,37.0,breathlessness,hypertension,1
33,100,74,88,38.2,,,0
61,177,93,100,37.6,breathlessness|fever,diabetes|asthma,2
51,128,74,139,38.7,chest pain,hypertension,2
19,160,93,115,37.3,,diabetes,1
18,104,98,86,39.3,,hypertension|asthma,1
24,147,62,72,37.1,chest pain|fever,asthma|hypertension,0
50,156,104,71,38.8,,,1
55,128,63,130,38.0,breathlessness|dizziness,asthma|diabetes,2
84,178,64,67,36.2,,asthma|diabetes,2
47,108,82,86,37.5,chest pain,diabetes,0
74,179,69,73,37.0,chest pain|dizziness,diabetes,2
51,138,81,87,39.5,breathlessness,,1
24,113,72,96,36.6,breathlessness,hypertension,0
25,183,65,66,37.8,,asthma|hypertension,2
39,160,72,139,38.0,dizziness,,2
64,183,72,120,38.1,chest pain|dizziness,hypertension,2
63,138,75,119,38.5,breathlessness|chest pain,diabetes|hypertension,1
59,177,102,71,39.9,dizziness|chest pain,,2
79,185,94,107,38.9,dizziness,,2
51,154,93,140,37.9,,,2
51,173,67,98,36.8,,asthma,2
76,111,68,105,39.6,dizziness|breathlessness,hypertension,1
64,132,95,124,39.6,dizziness,asthma,2
58,189,73,60,36.0,chest pain|breathlessness,asthma,2
22,114,61,130,39.8,,,2
32,179,77,73,37.0,,hypertension|asthma,2
69,144,82,133,39.3,chest pain,hypertension,2
44,190,103,132,36.8,breathlessness|chest pain,asthma,2
45,169,76,77,37.9,,diabetes|asthma,0
36,152,87,67,37.8,fever,asthma|hypertension,0
63,165,64,131,36.0,,hypertension|diabetes,2
68,176,60,68,38.8,,diabetes,2
37,176,104,122,38.5,,asthma,2
54,190,83,88,36.1,,hypertension,2
45,116,101,120,39.2,,hypertension,1
27,137,69,116,37.5,,diabetes|asthma,1
54,162,75,103,38.0,fever,hypertension|asthma,1
62,119,63,114,36.4,chest pain,,1
50,106,61,65,37.8,fever|breathlessness,,0
43,136,84,121,37.1,dizziness,asthma|hypertension,2
53,167,101,74,37.0,,asthma|hypertension,0
26,155,64,110,36.3,fever|dizziness,hypertension|diabetes,1
23,185,100,66,39.0,,,2
70,156,102,117,36.5,dizziness,diabetes,1
69,187,90,93,39.7,chest pain|dizziness,,2
18,167,102,117,38.5,chest pain,diabetes,1
28,127,103,60,39.8,dizziness,diabetes|hypertension,1
63,165,68,108,38.0,breathlessness|chest pain,asthma,1
31,181,72,135,39.6,dizziness|fever,,2
41,190,108,101,36.5,dizziness|fever,hypertension,2
35,112,61,131,39.2,dizziness|chest pain,hypertension,2
89,190,98,109,37.1,breathlessness,diabetes|asthma,2
21,176,62,81,36.6,,hypertension,2
68,168,66,73,39.7,,hypertension|diabetes,1
84,139,98,109,36.2,,,1
19,126,60,90,39.4,,asthma|hypertension,1
25,138,88,97,37.3,fever,asthma,0
73,170,109,104,39.8,dizziness,diabetes|asthma,1
30,190,67,126,38.1,chest pain|fever,hypertension,2
90,148,90,103,39.9,dizziness,hypertension,1
76,189,70,118,39.6,chest pain|dizziness,,2
79,135,72,117,39.0,dizziness,,1
53,185,66,68,38.0,,diabetes|asthma,2
49,179,103,75,37.2,,asthma,2
26,126,83,126,37.2,dizziness|chest pain,,2
55,122,86,103,39.7,,asthma,1
30,190,97,110,38.6,breathlessness|fever,asthma,2
78,114,63,136,39.7,breathlessness|dizziness,diabetes|hypertension,2
33,133,65,120,36.4,fever,diabetes|asthma,1
38,154,73,97,36.7,dizziness,,0
78,104,67,80,37.4,,asthma|hypertension,0
75,128,64,126,36.0,chest pain,diabetes|asthma,2
19,186,103,80,37.8,dizziness|fever,diabetes|asthma,2
18,179,85,75,38.2,dizziness,,2
66,109,61,132,36.3,,asthma|diabetes,2
38,139,83,105,36.4,fever,asthma,1
57,100,96,80,39.9,fever|chest pain,asthma|hypertension,1
88,129,60,133,39.7,,diabetes,2
31,149,75,127,36.9,chest pain|dizziness,diabetes|asthma,2
46,132,91,103,39.2,fever,asthma|hypertension,1
86,182,60,137,40.0,,diabetes|asthma,2
26,151,67,132,37.4,,,2
85,139,104,72,36.4,fever,asthma|diabetes,0
29,116,102,60,37.7,fever|breathlessness,,0
43,153,65,83,38.3,,hypertension,0
73,187,97,123,38.8,breathlessness|chest pain,,2
28,145,76,126,37.2,chest pain,hypertension|asthma,2
48,185,98,70,38.2,fever|dizziness,diabetes|hypertension,2
38,161,95,74,36.0,dizziness,diabetes,0
28,190,68,74,38.2,,asthma|hypertension,2
43,178,78,99,38.8,fever|chest pain,,2
54,165,63,92,37.7,,hypertension|asthma,0
79,147,107,94,40.0,fever,asthma|hypertension,1
48,124,105,140,37.7,fever,,2
87,128,61,81,37.5,fever,asthma,0
61,146,63,134,36.5,,asthma,2
19,185,85,92,37.0,fever|chest pain,,2
73,106,76,75,39.1,chest pain,asthma,1
79,131,73,121,39.0,chest pain,hypertension|diabetes,2
43,117,78,110,38.5,fever,,1
76,175,70,62,36.1,fever|breathlessness,diabetes,2
22,145,79,96,37.2,fever,,0
55,147,80,115,37.3,fever,asthma,1
20,100,77,137,37.8,,hypertension|diabetes,2
68,125,66,91,39.5,,,1
26,161,63,109,38.0,chest pain|dizziness,asthma,1
50,124,66,62,36.2,fever|breathlessness,asthma|hypertension,0
80,107,65,119,36.4,,hypertension,1
53,129,89,122,38.4,dizziness|breathlessness,asthma|diabetes,2
62,125,86,138,38.2,breathlessness,hypertension,2
44,166,95,108,36.6,dizziness,hypertension|asthma,1
68,183,105,135,36.7,breathlessness,diabetes|asthma,2
68,190,60,93,39.4,,asthma|hypertension,2
53,142,64,119,36.0,,diabetes|hypertension,1
33,122,80,124,38.4,,asthma|hypertension,2
42,130,66,87,39.9,,asthma,1
36,120,65,80,39.6,chest pain|dizziness,diabetes,1
49,148,61,118,36.2,,hypertension,1
66,102,65,105,36.8,,diabetes,1
84,171,65,103,36.1,chest pain|breathlessness,,2
27,178,72,137,38.0,breathlessness,,2
53,190,88,87,37.4,dizziness,,2
57,158,70,86,39.8,,hypertension,1
47,140,77,66,39.8,dizziness|fever,diabetes|asthma,1
79,171,96,83,39.8,chest pain,asthma,2
82,151,100,124,37.0,dizziness|breathlessness,,2
85,180,61,134,39.7,chest pain,asthma|diabetes,2
34,131,69,71,39.8,breathlessness,hypertension|asthma,1
22,100,95,137,36.6,chest pain,diabetes|hypertension,2
35,117,90,64,39.8,,,1
83,110,96,64,36.4,dizziness,diabetes,0
73,155,106,120,38.7,dizziness,,1
85,149,84,80,37.1,fever|breathlessness,hypertension,0
29,183,78,80,39.3,,hypertension,2
23,156,60,95,39.5,dizziness|chest pain,diabetes|hypertension,1
84,158,95,118,39.3,breathlessness|fever,,1
29,190,63,97,39.2,chest pain|dizziness,hypertension,2
24,135,80,89,37.5,,,0
35,105,84,102,36.1,,diabetes|asthma,1
66,106,98,133,39.8,,diabetes|hypertension,2
75,116,61,132,36.4,chest pain,,2
21,184,93,80,39.4,breathlessness,hypertension,2
75,186,90,66,36.6,,hypertension|asthma,2
54,127,62,73,38.2,chest pain,,0
71,189,94,65,38.8,chest pain,diabetes,2
48,181,71,134,38.2,,asthma,2
57,111,70,114,38.5,,,1
30,180,93,88,37.8,,,2
86,137,93,127,39.7,dizziness|breathlessness,,2
49,180,65,83,39.7,,hypertension|asthma,2
51,164,67,90,38.3,dizziness,diabetes,0
28,105,91,99,36.2,,asthma|diabetes,0
49,146,73,104,38.5,dizziness|fever,hypertension,1
28,182,102,125,36.7,fever|breathlessness,asthma|hypertension,2
68,185,73,111,37.7,fever|breathlessness,asthma,2
61,144,76,65,39.1,,hypertension|diabetes,1
31,108,91,140,38.1,chest pain,diabetes|hypertension,2
50,121,108,138,39.1,breathlessness|dizziness,diabetes,2
31,186,70,63,37.9,,diabetes,2
23,167,102,80,38.5,breathlessness,asthma,0
29,182,84,79,39.7,chest pain,diabetes,2
84,171,78,137,39.3,chest pain,,2
75,135,69,62,39.3,dizziness,,1
90,136,90,113,39.0,fever,hypertension,1
23,122,69,111,38.1,dizziness|chest pain,asthma|diabetes,1
71,172,88,92,36.1,dizziness|breathlessness,,2
29,154,62,130,37.1,chest pain,diabetes,2
40,107,61,98,36.7,fever,,0
45,116,77,82,36.2,,,0
74,184,89,111,36.5,,asthma,2
65,155,110,85,39.2,breathlessness,diabetes|hypertension,1
50,109,97,95,39.8,dizziness|chest pain,hypertension,1
64,186,93,80,36.8,,,2
27,121,66,136,36.4,,,2
72,180,65,77,38.6,fever,hypertension|asthma,2
23,186,66,118,39.2,,hypertension|asthma,2
34,170,105,78,38.4,,,0
81,147,103,135,39.5,,diabetes,2
30,185,67,133,37.0,dizziness|breathlessness,,2
86,120,66,98,36.6,breathlessness,,0
28,149,89,111,39.5,fever|dizziness,asthma|diabetes,1
82,156,71,129,36.4,breathlessness,diabetes,2
48,156,95,78,36.4,dizziness|chest pain,hypertension|diabetes,0
45,143,108,77,39.5,,asthma|diabetes,1
24,117,107,103,38.5,,asthma,1
87,183,72,125,36.2,breathlessness|chest pain,,2
60,152,80,89,36.5,chest pain,hypertension|asthma,0
64,183,94,72,38.3,breathlessness,,2
44,113,93,94,39.2,fever,asthma,1
33,158,60,83,36.4,,asthma|diabetes,0
35,178,110,129,37.1,dizziness|fever,,2
59,160,82,137,37.5,dizziness,asthma|hypertension,2
86,126,87,94,36.9,breathlessness|dizziness,asthma,0
64,125,95,90,39.3,,,1
46,187,69,113,36.7,,,2
40,177,105,134,36.8,breathlessness,hypertension|diabetes,2
18,172,63,106,39.0,breathlessness|fever,,2
19,103,61,65,38.4,chest pain|breathlessness,diabetes|hypertension,0
81,162,94,74,38.3,,,0
20,185,74,61,36.6,dizziness,,2
47,120,95,108,37.7,breathlessness,hypertension|diabetes,1
35,190,104,120,39.0,dizziness,asthma|hypertension,2
71,181,107,124,38.9,fever|breathlessness,,2
57,188,72,61,36.4,dizziness,,2
65,180,87,74,37.2,chest pain,hypertension,2
84,104,88,102,38.4,chest pain,diabetes,1
23,157,87,89,38.6,breathlessness,asthma,1
34,101,97,116,36.3,breathlessness,,1
29,190,73,138,37.6,,asthma,2
28,101,104,71,38.1,dizziness|breathlessness,,0
46,179,78,119,38.0,,asthma,2
81,134,109,92,38.5,breathlessness|chest pain,hypertension,0
85,182,76,91,36.9,fever|breathlessness,,2
22,115,87,128,36.8,chest pain,asthma|hypertension,2
42,178,95,76,36.1,,hypertension,2
62,189,101,76,39.8,fever|breathlessness,hypertension|asthma,2
30,190,70,117,38.8,,diabetes|hypertension,2
59,162,78,70,38.5,dizziness,asthma,0
26,130,93,134,37.5,chest pain|dizziness,,2
41,117,110,86,36.4,dizziness|fever,diabetes,0
19,134,74,114,38.7,breathlessness|dizziness,diabetes,1
18,142,70,74,39.5,fever|dizziness,hypertension|asthma,1
50,140,101,101,39.5,chest pain|dizziness,hypertension,1
24,105,110,81,37.7,chest pain,diabetes,0
62,108,63,139,38.5,chest pain,diabetes,2
38,131,91,65,39.0,fever,asthma|hypertension,1
51,116,74,68,36.9,chest pain|fever,diabetes,0
29,181,86,68,36.7,fever|chest pain,hypertension,2
66,109,78,122,37.9,chest pain|fever,asthma|diabetes,2
88,172,89,77,39.9,fever|dizziness,,2
58,103,98,92,36.9,breathlessness,hypertension,0
31,107,91,60,36.7,chest pain,,0
29,169,71,64,38.2,fever|breathlessness,hypertension,0
68,140,97,100,39.1,breathlessness,,1
41,152,96,138,38.2,,diabetes,2
42,187,62,74,39.3,dizziness,diabetes|asthma,2
46,160,63,138,36.2,,,2
88,178,81,131,37.4,dizziness|chest pain,asthma,2
67,140,80,92,37.5,fever|chest pain,diabetes|hypertension,0
52,156,104,80,38.2,dizziness|chest pain,asthma,0
60,106,84,127,37.2,dizziness,,2
49,105,110,131,37.3,dizziness|breathlessness,diabetes,2
42,170,74,127,37.2,fever|dizziness,diabetes|hypertension,2
27,102,110,128,38.6,fever,,2
41,156,75,117,38.9,,diabetes|hypertension,1
40,134,72,139,36.2,dizziness,,2
21,104,61,138,36.5,chest pain|fever,diabetes|asthma,2
40,169,73,98,39.6,fever|dizziness,asthma,1
43,176,67,127,38.5,,asthma|hypertension,2
54,142,80,107,39.0,breathlessness,diabetes,1
31,161,72,85,39.7,chest pain,hypertension,1
35,145,81,133,39.7,,asthma,2
39,146,63,112,39.8,breathlessness,diabetes|asthma,1
70,190,96,85,36.4,breathlessness|fever,diabetes|asthma,2
24,175,64,62,38.4,,diabetes,2
38,185,79,126,37.3,breathlessness|chest pain,,2
51,145,102,132,37.9,breathlessness,hypertension|asthma,2
51,104,104,90,37.4,dizziness|breathlessness,asthma|diabetes,0
30,131,99,105,38.3,fever|chest pain,asthma|hypertension,1
31,180,103,127,39.8,chest pain|breathlessness,diabetes,2
50,170,81,135,37.8,fever,asthma,2
50,165,85,78,38.2,,,0
32,190,109,89,38.9,chest pain,diabetes|hypertension,2
19,131,99,60,36.6,,diabetes,0
86,159,77,61,39.1,dizziness,,1
57,101,75,105,40.0,chest pain,hypertension|diabetes,1
58,165,84,121,37.0,dizziness,hypertension|asthma,2
67,147,80,77,37.6,chest pain|fever,diabetes,0
37,161,98,99,37.1,fever|breathlessness,,0
84,163,84,105,38.5,,,1
22,183,81,92,37.4,fever|chest pain,,2
47,146,86,95,37.2,,hypertension|asthma,0
69,107,71,101,36.4,,hypertension,1
79,122,78,91,36.9,dizziness,,0
41,129,108,122,39.4,,hypertension|diabetes,2
28,160,110,134,38.2,fever|chest pain,,2
43,113,91,126,37.7,breathlessness|dizziness,asthma|diabetes,2
26,113,78,116,38.6,chest pain,diabetes|hypertension,1
36,147,63,81,36.0,,diabetes|hypertension,0
53,183,75,63,38.0,fever,hypertension|asthma,2
60,139,100,83,36.4,dizziness,hypertension|asthma,0
40,190,66,64,36.7,,hypertension|asthma,2
20,160,108,62,39.2,,asthma|hypertension,1
80,163,97,68,39.4,,asthma|hypertension,1
81,121,68,77,39.9,chest pain,,1
65,186,67,60,38.8,,asthma,2
85,182,94,77,37.1,dizziness,,2
49,170,79,126,36.8,dizziness,asthma,2
22,125,91,98,38.9,,hypertension|asthma,1
64,145,97,80,38.5,breathlessness|fever,diabetes|hypertension,0
77,167,83,85,38.2,,,0
38,190,77,124,39.0,,asthma,2
49,152,98,130,37.1,dizziness,asthma|diabetes,2
86,105,96,69,38.9,chest pain|fever,asthma|hypertension,1
67,100,91,110,39.0,fever,asthma,1
58,101,105,140,38.1,chest pain,asthma,2
81,162,70,60,37.9,chest pain|fever,,0
59,182,103,83,37.3,dizziness|breathlessness,asthma|hypertension,2
85,120,66,86,36.6,,,0
65,148,81,97,36.0,,asthma,0
47,128,103,139,37.8,chest pain,,2
75,186,94,93,37.3,dizziness|breathlessness,hypertension,2
46,143,65,119,39.0,breathlessness,,1
41,168,83,129,36.9,fever|breathlessness,asthma,2
44,125,96,84,36.1,dizziness,,0
75,109,64,127,38.3,breathlessness,hypertension,2
76,164,84,73,36.2,,hypertension|diabetes,0
71,145,92,101,38.2,dizziness|chest pain,asthma|hypertension,1
68,118,77,91,36.8,chest pain,,0
37,174,79,103,36.7,breathlessness,,2
45,172,104,76,39.4,breathlessness,asthma|diabetes,2
64,161,109,132,37.4,breathlessness,,2
23,157,93,86,38.2,dizziness,hypertension,0
23,119,62,65,39.1,,,1
21,112,101,102,36.1,,,1
61,162,62,106,37.7,dizziness,asthma,1
89,179,99,91,38.8,dizziness,hypertension|asthma,2
56,140,88,75,37.8,breathlessness|dizziness,hypertension|asthma,0
27,117,85,131,37.6,breathlessness|dizziness,,2
81,109,68,88,36.4,chest pain|breathlessness,asthma|diabetes,0
49,117,101,126,39.4,fever,hypertension|asthma,2
82,175,109,70,39.2,chest pain,,2
43,163,80,93,37.6,dizziness|breathlessness,asthma|hypertension,0
43,126,60,134,38.7,chest pain,asthma,2
77,182,105,136,39.3,,,2
29,113,74,130,36.5,,,2
18,153,90,75,37.5,breathlessness|fever,hypertension,0
82,127,98,64,36.4,,hypertension,0
40,148,92,74,38.8,,hypertension|asthma,1
57,119,110,134,39.7,fever,asthma|diabetes,2
22,123,89,63,37.5,dizziness|chest pain,diabetes|hypertension,0
53,167,66,71,39.7,fever,hypertension|diabetes,1
64,130,69,107,38.5,chest pain|dizziness,diabetes,1
78,139,76,126,38.2,dizziness|chest pain,asthma,2
79,147,83,72,37.5,dizziness|breathlessness,,0
55,126,102,123,38.2,,hypertension|diabetes,2
52,171,109,74,38.3,,,2
68,115,93,75,38.5,chest pain|fever,hypertension,0
64,138,94,64,39.6,,diabetes,1
53,120,65,105,37.3,,,1
38,190,102,112,39.5,fever,diabetes,2
26,152,110,72,39.6,dizziness|fever,,1
86,160,63,133,37.7,,diabetes|hypertension,2
77,116,95,127,38.4,breathlessness|chest pain,hypertension|asthma,2
75,164,65,112,37.1,,diabetes|hypertension,1
85,153,105,74,39.6,dizziness,diabetes|asthma,1
51,100,83,61,39.0,chest pain|fever,,1
23,137,69,109,38.8,,,1
48,136,98,79,37.2,fever,diabetes|hypertension,0
86,176,85,95,39.0,,,2
64,127,74,73,39.4,chest pain|breathlessness,hypertension|diabetes,1
72,181,62,139,38.7,dizziness|fever,diabetes|hypertension,2
66,144,101,74,38.5,fever|breathlessness,diabetes,0
20,120,71,112,37.8,fever,hypertension,1
81,101,105,106,37.3,,,1
54,156,75,132,36.7,fever|breathlessness,diabetes|asthma,2
29,121,72,97,37.2,chest pain,asthma|diabetes,0
71,100,89,80,36.1,chest pain|fever,asthma|diabetes,0
53,100,94,98,36.2,breathlessness,asthma|hypertension,0
20,136,95,104,37.0,,diabetes|asthma,1
41,148,91,95,39.0,,hypertension|diabetes,1
40,187,92,91,36.8,dizziness|chest pain,,2
31,127,95,129,38.3,,asthma|diabetes,2
28,125,79,108,39.2,,,1
51,116,82,104,38.2,,,1
19,189,84,131,38.7,,diabetes,2
86,131,95,92,38.9,,diabetes|asthma,1
63,117,96,92,38.6,dizziness,asthma,1
59,181,90,91,37.6,,asthma|diabetes,2
82,110,95,125,36.8,fever,hypertension|asthma,2
33,163,94,87,38.7,chest pain|fever,hypertension,1
38,176,84,90,38.8,fever,,2
87,115,110,123,36.2,,diabetes,2
28,137,94,132,39.5,dizziness|fever,hypertension|asthma,2
58,111,79,109,36.5,breathlessness|chest pain,asthma|hypertension,1
51,149,74,131,38.9,,diabetes|asthma,2
45,142,74,105,39.6,fever,hypertension,1
58,177,62,120,38.7,chest pain,diabetes,2
84,140,78,129,39.7,chest pain|dizziness,asthma,2
67,112,83,124,39.2,breathlessness,,2
85,100,90,106,39.5,,diabetes,1
36,175,87,61,37.5,dizziness,,2
34,159,99,126,40.0,chest pain,hypertension|asthma,2
64,158,61,107,39.9,,diabetes|asthma,1
81,174,105,132,36.9,,diabetes|asthma,2
88,129,107,79,36.6,,,0
19,185,63,80,36.7,,diabetes|hypertension,2
88,115,77,78,37.5,chest pain,hypertension,0
34,155,67,79,37.7,fever,,0
81,128,83,90,36.8,chest pain|fever,hypertension,0
40,183,61,84,38.4,,,2
78,101,77,108,39.9,breathlessness|chest pain,asthma|hypertension,1
59,155,64,117,37.8,dizziness|fever,hypertension|diabetes,1
43,147,79,93,38.2,,,0
72,141,95,62,39.2,,diabetes,1
74,137,69,120,37.4,,hypertension,1
85,141,102,124,37.1,chest pain|breathlessness,,2
52,166,108,83,37.0,,diabetes,0
37,163,97,97,39.4,breathlessness|dizziness,hypertension|diabetes,1
62,112,101,83,37.2,,diabetes|asthma,0
78,175,101,88,39.3,chest pain,,2
89,154,68,128,38.8,,diabetes|asthma,2
75,184,102,115,38.2,,diabetes,2
39,130,90,98,36.9,,diabetes|asthma,0
58,175,67,125,36.6,,hypertension,2
30,136,77,119,36.7,,hypertension,1
44,165,87,107,39.1,,,1
66,114,81,93,37.8,fever,,0
75,157,101,69,36.8,,asthma|diabetes,0
76,187,88,67,38.3,dizziness,,2
37,106,63,105,38.2,breathlessness|chest pain,hypertension|asthma,1
86,138,81,102,37.2,,asthma,1
47,169,82,114,39.9,,diabetes|hypertension,1
51,168,69,128,38.1,chest pain,asthma|diabetes,2
53,173,86,122,39.8,dizziness,,2
39,113,64,131,39.8,chest pain,diabetes,2
33,113,101,88,36.4,chest pain,,0
50,147,70,104,39.7,fever,,1
58,168,70,71,37.6,,,0
41,133,96,74,38.8,dizziness,,1
73,102,103,79,38.4,breathlessness,diabetes|hypertension,0
86,106,85,126,38.5,dizziness|fever,asthma|hypertension,2
83,190,108,63,37.8,breathlessness|dizziness,hypertension|asthma,2
69,132,67,103,38.8,breathlessness,diabetes,1
47,101,104,84,38.1,breathlessness,asthma,0
54,122,61,84,39.5,chest pain|dizziness,hypertension|diabetes,1
78,147,106,117,38.1,dizziness,,1
85,124,69,85,39.1,chest pain,,1
77,107,73,63,36.0,fever,diabetes,0
26,104,66,114,37.1,,,1
66,130,67,64,37.5,chest pain|breathlessness,asthma|diabetes,0
22,153,76,124,39.5,dizziness,,2
84,135,95,124,39.2,breathlessness|fever,diabetes,2
87,172,85,128,38.4,fever,,2
49,151,69,113,38.8,,hypertension|diabetes,1
50,162,91,120,38.2,chest pain|fever,asthma|hypertension,1
76,114,70,134,37.5,dizziness,diabetes|asthma,2
54,188,80,82,38.0,chest pain,diabetes|hypertension,2
75,178,62,88,38.7,,asthma,2
64,118,99,140,39.9,dizziness|breathlessness,diabetes|hypertension,2
32,127,95,107,37.4,fever,diabetes,1
37,105,92,66,37.0,chest pain,,0
39,183,68,132,39.1,breathlessness,asthma,2
56,119,76,120,39.6,fever|chest pain,diabetes,1
63,137,76,106,36.7,fever,diabetes,1
32,142,63,109,37.4,chest pain,asthma|hypertension,1
22,173,74,74,38.0,fever|breathlessness,asthma,2
79,157,97,133,38.8,breathlessness|fever,asthma,2
19,128,84,108,37.7,fever,,1
42,124,81,62,36.3,chest pain|dizziness,diabetes,0
39,119,89,139,39.9,breathlessness,hypertension|diabetes,2
21,144,99,136,39.0,,,2
34,119,105,99,39.0,,diabetes|hypertension,1
51,137,62,138,36.5,,,2
49,140,76,114,37.3,dizziness,,1
27,134,78,124,36.7,breathlessness,,2
83,104,62,127,39.0,chest pain,asthma|diabetes,2
57,133,65,130,36.1,chest pain|fever,,2
35,100,85,70,39.2,,hypertension,1
76,148,98,106,36.9,,diabetes,1
76,116,95,105,40.0,,diabetes,1
31,124,74,109,39.8,,asthma|hypertension,1
67,180,109,89,39.0,fever,,2
63,108,68,91,36.0,,hypertension,0
28,121,92,111,37.1,breathlessness,diabetes|hypertension,1
33,153,90,88,36.3,fever|breathlessness,asthma,0
18,130,65,118,39.0,,diabetes,1
60,176,90,83,38.8,,asthma,2
56,154,77,125,36.0,,,2
76,134,82,77,36.4,dizziness,hypertension|diabetes,0
64,174,110,113,38.8,,,2
82,176,62,121,39.7,,,2
59,120,87,82,39.5,fever,,1
35,120,72,77,37.7,breathlessness,,0
18,114,108,100,38.6,,diabetes,1
71,102,90,119,36.7,breathlessness|dizziness,diabetes|asthma,1
74,112,86,91,39.9,,diabetes|asthma,1
35,162,86,120,39.6,dizziness|breathlessness,asthma|hypertension,1
36,112,79,98,39.5,,diabetes,1
30,167,70,67,37.6,breathlessness|dizziness,,0
71,130,76,86,37.3,,diabetes,0
20,159,71,103,38.4,,,1
61,118,68,139,36.5,,hypertension|diabetes,2
89,138,90,75,37.8,breathlessness,hypertension|diabetes,0
81,189,100,123,38.9,fever|chest pain,,2
55,144,94,94,37.4,,hypertension,0
77,180,84,120,38.0,fever,hypertension|asthma,2
70,121,110,103,36.4,dizziness,hypertension,1
85,129,78,106,36.1,breathlessness,hypertension|diabetes,1
20,120,92,73,38.2,dizziness,,0
78,186,76,121,37.0,,,2
65,105,101,84,36.7,fever,,0
35,126,96,122,38.9,breathlessness,,2
33,107,95,84,36.2,fever,diabetes|hypertension,0
69,125,65,84,39.8,,hypertension|asthma,1
81,123,63,103,39.8,breathlessness,hypertension,1
38,170,68,85,36.5,dizziness|chest pain,diabetes,0
50,170,92,110,37.4,breathlessness|dizziness,hypertension,1
68,146,99,124,37.8,breathlessness,hypertension,2
28,126,66,62,39.1,breathlessness,diabetes,1
53,168,101,116,37.7,,diabetes|asthma,1
36,144,73,134,37.6,,diabetes,2
25,100,109,76,36.6,breathlessness,asthma,0
83,189,62,85,38.7,,diabetes|asthma,2
83,144,101,64,37.7,dizziness,hypertension,0
48,107,105,60,36.8,,asthma,0
68,103,75,75,36.1,dizziness|breathlessness,asthma,0
25,123,102,75,36.3,,hypertension,0
30,164,97,72,37.8,,hypertension,0
35,188,89,133,36.9,dizziness,,2
25,115,69,136,37.3,breathlessness|fever,diabetes,2
59,129,88,79,38.5,,,0
81,166,85,94,38.2,,hypertension|diabetes,0
75,114,72,78,38.2,fever|breathlessness,asthma|diabetes,0
85,151,76,103,36.5,breathlessness|dizziness,asthma|diabetes,1
48,180,108,91,37.7,,,2
36,177,86,92,37.3,,hypertension,2
34,101,109,129,37.0,,hypertension|diabetes,2
33,183,68,118,38.8,,diabetes,2
22,128,91,70,36.3,breathlessness|fever,hypertension,0
51,163,79,68,38.9,fever|chest pain,,1
66,167,79,91,37.6,,hypertension|diabetes,0
74,116,99,76,39.3,breathlessness|dizziness,,1
87,141,86,62,38.6,fever|chest pain,,1
85,116,89,140,40.0,fever,hypertension|diabetes,2
40,152,100,108,39.6,dizziness,hypertension|diabetes,1
82,187,105,103,38.3,dizziness,asthma,2
41,106,80,77,36.3,,asthma,0
81,100,106,86,39.3,chest pain,diabetes|hypertension,1
79,106,81,68,39.6,fever|chest pain,asthma|diabetes,1
70,178,99,138,39.6,dizziness|fever,,2
28,130,109,67,39.0,dizziness,asthma,1
55,164,95,88,38.2,chest pain,diabetes|hypertension,0
81,125,63,125,36.3,,asthma,2
59,132,79,97,37.2,fever,,0
70,149,67,96,36.2,,diabetes|hypertension,0
56,101,88,91,38.7,chest pain|dizziness,,1
59,102,110,66,36.5,breathlessness|chest pain,diabetes,0
20,117,99,119,39.7,fever|chest pain,,1
20,145,74,82,37.4,breathlessness|fever,diabetes,0
57,119,70,105,39.7,,,1
47,139,77,80,38.7,fever|breathlessness,hypertension,1
50,169,88,137,39.7,chest pain,hypertension,2
18,168,74,113,37.3,,diabetes|asthma,1
66,189,77,89,36.7,chest pain,asthma|hypertension,2
48,110,70,118,38.4,,,1
38,146,93,86,39.8,dizziness|fever,asthma|diabetes,1
26,180,88,114,39.9,,asthma,2
52,132,93,100,36.1,chest pain|fever,diabetes,0
28,105,71,82,38.0,breathlessness,asthma,0
48,112,82,125,39.4,dizziness,hypertension|diabetes,2
63,101,95,118,37.3,,asthma|hypertension,1
20,185,82,88,39.0,,,2
23,144,103,94,36.5,,,0
28,187,98,64,38.2,fever|chest pain,diabetes,2
51,160,70,133,38.5,breathlessness|dizziness,diabetes|asthma,2
86,184,96,72,39.5,breathlessness,,2
80,181,97,119,37.3,fever|breathlessness,diabetes,2
84,112,73,73,36.8,,diabetes,0
32,116,83,64,38.8,breathlessness|fever,diabetes,1
85,148,78,62,37.9,breathlessness,asthma|hypertension,0
46,129,87,140,39.6,fever,asthma,2
26,167,110,118,36.0,dizziness,,1
26,169,90,117,38.3,dizziness,,1
71,171,95,96,39.7,dizziness,,2
63,156,108,92,37.0,fever,diabetes,0
55,170,78,113,38.0,breathlessness,hypertension,1
38,155,88,67,39.0,fever,diabetes,1
50,146,78,133,38.3,,diabetes|asthma,2
70,160,108,139,37.2,,asthma|hypertension,2
46,180,91,95,39.0,chest pain|breathlessness,diabetes|hypertension,2
51,116,81,96,37.3,dizziness|fever,,0
45,170,100,102,37.1,chest pain,,1
31,110,94,65,36.5,,diabetes,0
56,180,110,116,38.1,dizziness,diabetes,2
46,170,102,104,39.2,breathlessness|fever,diabetes,1
50,140,90,136,38.1,fever|dizziness,asthma|diabetes,2
26,183,74,137,38.6,,asthma|diabetes,2
61,173,87,66,39.8,dizziness,diabetes,2
24,140,87,112,38.0,fever|dizziness,hypertension|diabetes,1
49,165,97,75,37.6,dizziness,diabetes|hypertension,0
70,123,99,134,37.0,dizziness,diabetes,2
85,127,66,74,37.6,dizziness,asthma|hypertension,0
59,189,65,70,37.4,breathlessness|chest pain,diabetes|hypertension,2
78,143,67,76,38.2,dizziness,hypertension,0
43,100,62,76,38.3,breathlessness|fever,,0
42,151,94,66,38.6,fever|breathlessness,diabetes|hypertension,1
76,111,75,133,36.1,breathlessness,,2
68,178,89,92,37.2,dizziness,asthma|hypertension,2
90,124,73,84,38.1,dizziness|fever,diabetes,0
30,138,94,127,39.4,,asthma,2
71,154,100,73,39.2,breathlessness|chest pain,hypertension|diabetes,1
73,143,72,92,39.4,fever|chest pain,diabetes,1
61,129,84,109,36.1,,hypertension,1
56,115,96,129,38.2,,asthma,2
23,178,89,61,38.8,fever,asthma|diabetes,2
33,108,94,139,38.0,breathlessness,,2
88,173,66,94,38.4,chest pain|breathlessness,,2
20,152,109,103,38.7,,,1
60,119,69,131,37.5,,,2
53,119,85,106,38.6,dizziness|breathlessness,asthma|diabetes,1
56,149,101,100,36.0,dizziness|fever,hypertension|diabetes,0
74,108,99,108,38.2,dizziness|fever,,1
52,158,63,86,39.9,breathlessness,diabetes,1
86,127,78,73,39.1,,,1
88,187,94,110,37.8,dizziness,,2
66,153,87,135,38.0,chest pain,,2
34,138,73,125,37.1,fever,,2
28,158,109,75,38.5,breathlessness|fever,diabetes|hypertension,0
33,134,84,63,38.3,dizziness|fever,hypertension|diabetes,0
81,176,89,98,36.1,,diabetes|hypertension,2
71,138,62,77,38.1,fever,,0
51,190,63,105,38.2,chest pain,,2
77,121,72,99,37.9,,,0
53,180,79,90,36.8,,hypertension,2
82,100,85,89,39.9,fever,asthma,1
69,100,85,81,37.2,fever|chest pain,,0
39,123,76,101,39.9,breathlessness,hypertension,1
77,128,100,63,39.7,dizziness|fever,diabetes|asthma,1
33,130,87,138,38.7,chest pain,diabetes,2
77,169,74,96,37.5,,hypertension,0
75,183,110,93,38.2,,,2
21,138,74,118,38.0,breathlessness|chest pain,hypertension|diabetes,1
66,151,62,110,38.1,fever,,1
86,135,109,118,38.8,,,1
23,137,76,137,38.2,,,2
44,112,99,135,39.4,dizziness|chest pain,diabetes,2
67,158,61,93,36.5,dizziness,diabetes|hypertension,0
53,116,95,62,38.6,,hypertension,1
19,163,68,72,36.7,dizziness|fever,,0
38,139,60,126,38.8,chest pain|dizziness,asthma|diabetes,2
75,190,69,125,38.6,breathlessness|fever,diabetes|asthma,2
82,184,79,123,37.1,,hypertension|diabetes,2
40,170,103,100,39.6,dizziness,diabetes|asthma,1
37,144,68,106,37.8,,asthma,1
78,173,72,92,39.0,chest pain,,2
34,175,65,67,36.4,,diabetes|asthma,2
69,126,80,138,37.7,breathlessness,diabetes|asthma,2
31,186,94,87,37.8,breathlessness|fever,asthma|hypertension,2
80,188,104,91,39.9,,hypertension|diabetes,2
47,151,94,69,37.1,chest pain,,0
67,166,64,107,37.0,chest pain|dizziness,asthma,1
74,130,62,85,39.6,breathlessness|fever,hypertension,1
33,103,72,99,38.6,fever|breathlessness,hypertension|diabetes,1
58,143,60,67,36.4,chest pain,hypertension,0
33,143,98,128,39.7,breathlessness|dizziness,,2
39,145,63,91,36.8,dizziness,diabetes,0
69,155,68,77,38.0,breathlessness|chest pain,diabetes,0
74,177,61,106,36.0,breathlessness|dizziness,asthma,2
81,135,109,95,39.4,fever|chest pain,diabetes,1
43,149,67,122,37.8,chest pain,,2
66,113,90,68,39.9,,,1
39,180,105,137,39.4,fever|chest pain,diabetes,2
33,156,62,77,36.4,chest pain|dizziness,,0
89,152,79,133,36.1,fever|chest pain,asthma|hypertension,2
25,102,82,122,38.8,fever|dizziness,hypertension|asthma,2
70,107,93,73,40.0,,diabetes,1
53,167,93,69,39.0,dizziness,hypertension|diabetes,1
18,163,73,80,36.1,,diabetes,0
71,146,67,117,37.9,fever,diabetes,1
46,182,76,100,36.1,fever,,2
71,133,102,117,36.0,dizziness,,1
43,161,88,92,39.3,dizziness|breathlessness,,1
38,111,60,81,38.6,,diabetes,1
81,157,74,131,37.0,chest pain,asthma|hypertension,2
50,171,93,118,39.5,chest pain,asthma,2
60,158,78,77,39.1,dizziness,asthma,1
45,184,93,111,38.6,breathlessness,,2
27,169,68,134,36.1,chest pain|breathlessness,,2
57,184,104,62,38.3,chest pain|dizziness,asthma,2
73,156,99,62,38.8,breathlessness,hypertension|asthma,1
33,111,64,120,39.7,dizziness,,1
67,117,101,108,39.8,chest pain|breathlessness,asthma|diabetes,1
38,141,105,87,36.9,chest pain|breathlessness,,0
19,115,108,123,39.5,chest pain,,2
65,175,74,61,39.7,chest pain,,2
25,115,80,133,36.2,chest pain,diabetes,2
72,171,70,128,36.4,chest pain,diabetes,2
53,152,66,103,36.9,chest pain,hypertension,1
56,176,65,137,38.2,,,2
26,117,73,79,36.5,,diabetes|hypertension,0
87,164,73,111,39.2,breathlessness,asthma|hypertension,1
57,139,64,117,38.9,breathlessness|fever,diabetes,1
41,159,104,78,38.8,fever,,1
90,118,95,131,38.4,dizziness|breathlessness,,2
62,134,76,85,37.6,chest pain,,0
46,100,103,120,37.6,fever,asthma|hypertension,1
28,174,102,116,38.1,fever|dizziness,diabetes|hypertension,2
19,169,68,109,39.3,,diabetes|asthma,1
26,176,93,94,38.5,breathlessness|fever,asthma,2
49,187,85,76,38.6,,hypertension,2
75,161,97,68,38.2,dizziness|chest pain,asthma|hypertension,0
71,135,78,71,37.9,breathlessness|fever,hypertension|asthma,0
21,143,98,121,37.2,breathlessness|dizziness,diabetes|hypertension,2
69,116,72,135,37.0,fever,diabetes,2
60,108,110,85,39.9,chest pain|breathlessness,,1
19,117,102,68,38.5,,,0
66,168,93,129,40.0,breathlessness|fever,asthma,2
54,151,67,86,39.7,,diabetes,1
60,183,74,107,37.3,chest pain,,2
37,142,101,104,39.0,fever|dizziness,,1
73,115,82,67,39.0,,asthma,1
71,169,102,68,39.9,fever,diabetes|hypertension,1
27,136,103,81,37.5,,asthma|diabetes,0
75,170,75,138,37.9,breathlessness|fever,hypertension|diabetes,2
35,120,105,116,38.3,breathlessness,hypertension,1
74,157,60,87,37.4,chest pain,,0
61,165,81,122,38.8,dizziness|chest pain,diabetes|hypertension,2
48,130,82,125,38.0,fever|chest pain,hypertension|diabetes,2
76,128,100,104,36.0,breathlessness,,1
71,132,78,76,38.3,breathlessness|dizziness,diabetes|asthma,0
78,172,101,73,38.7,breathlessness,,2
61,122,71,63,37.8,chest pain,hypertension,0
68,172,65,140,37.7,fever,asthma,2
61,170,103,128,39.8,breathlessness|chest pain,hypertension,2
33,172,90,103,39.9,,diabetes,2
33,147,67,117,38.8,,diabetes|asthma,1
54,107,63,87,36.7,fever,diabetes,0
19,174,71,72,37.7,fever,,2
46,113,77,133,38.8,,asthma,2
28,161,82,113,37.8,,,1
58,158,72,134,37.2,chest pain,,2
22,114,61,68,38.3,chest pain,,0
49,183,79,69,36.1,breathlessness,,2
25,164,80,86,39.8,,asthma|hypertension,1
63,176,95,124,39.6,,,2
71,186,68,79,39.8,,asthma,2
28,162,65,100,38.4,chest pain|breathlessness,asthma,0
85,153,99,108,37.7,chest pain|breathlessness,asthma,1
79,103,69,87,39.1,chest pain,hypertension|asthma,1
85,105,90,139,36.9,,asthma,2
88,132,65,80,36.8,breathlessness|chest pain,asthma|diabetes,0
23,113,78,115,39.7,,,1
58,173,109,65,37.7,breathlessness|chest pain,hypertension,2
68,117,65,133,38.7,,,2
34,188,74,134,36.9,,diabetes|asthma,2
76,121,63,82,38.0,breathlessness,hypertension,0
82,123,77,106,36.6,fever|breathlessness,diabetes,1
31,140,77,133,38.7,,diabetes,2
62,158,95,119,38.0,dizziness|breathlessness,hypertension,1
78,173,101,116,37.2,breathlessness,hypertension|diabetes,2
83,101,101,113,38.7,chest pain|dizziness,asthma|diabetes,1
59,174,103,79,38.2,dizziness|fever,hypertension,2
42,122,86,130,38.0,breathlessness,hypertension,2
18,120,106,104,36.2,,asthma,1
88,149,107,117,39.1,,,1
29,155,101,100,36.5,fever|dizziness,diabetes,0
51,142,85,106,38.0,breathlessness|chest pain,hypertension,1
68,144,109,132,38.6,,,2
59,120,102,71,39.9,dizziness|breathlessness,hypertension,1
38,146,105,87,39.3,fever,diabetes,1
26,151,70,90,39.1,,diabetes|asthma,1
63,190,103,112,38.0,dizziness|breathlessness,,2
24,185,69,111,36.5,,hypertension|diabetes,2
60,121,90,139,36.5,,,2
77,103,64,60,37.9,chest pain|dizziness,diabetes|asthma,0
84,154,61,95,37.1,breathlessness|fever,,0
57,184,66,123,37.1,,,2
33,179,73,60,36.7,dizziness,diabetes|hypertension,2
50,147,60,111,39.0,,,1
32,117,70,121,38.8,fever|dizziness,diabetes,2
49,139,97,129,36.4,,,2
79,144,108,71,38.8,chest pain,asthma,1
20,146,74,139,39.9,chest pain|fever,asthma,2
36,163,95,73,38.5,fever|dizziness,hypertension,0
47,115,102,103,39.8,dizziness|breathlessness,hypertension,1
56,126,94,111,37.3,fever,asthma|hypertension,1
76,127,60,99,38.2,,hypertension,0
89,108,109,127,38.7,chest pain,diabetes,2
53,182,100,98,39.1,chest pain,hypertension,2
33,160,89,99,39.1,dizziness|breathlessness,,1
77,169,83,125,38.8,breathlessness|chest pain,hypertension,2
63,159,107,110,39.4,,diabetes|asthma,1
88,168,76,78,37.4,dizziness,diabetes,0
39,101,64,87,39.8,breathlessness,diabetes,1
64,156,68,64,38.8,,asthma|hypertension,1
63,148,95,80,36.7,fever,diabetes,0
37,123,88,68,36.6,,asthma|diabetes,0
80,183,90,65,38.5,dizziness|chest pain,,2
77,132,99,99,37.5,breathlessness|dizziness,asthma|diabetes,0
31,185,108,72,37.5,chest pain,diabetes|hypertension,2
70,156,78,63,38.1,,diabetes|asthma,0
29,103,66,140,37.1,breathlessness|chest pain,,2
44,130,67,125,39.7,,asthma,2
87,120,63,84,39.7,,diabetes|asthma,1
47,109,89,76,38.6,fever,,1
21,141,110,94,36.7,fever,,0
39,187,105,119,36.2,breathlessness,asthma,2
19,168,62,131,37.0,chest pain,,2
37,132,91,119,39.8,,asthma,1
87,128,72,64,39.7,chest pain,diabetes,1
72,104,66,129,37.6,,asthma|hypertension,2
30,103,100,87,38.3,,diabetes,0
81,165,81,112,38.7,dizziness,hypertension|asthma,1
74,188,71,76,37.2,fever,diabetes,2
82,109,108,118,36.7,breathlessness,diabetes,1
90,117,87,88,36.5,dizziness|breathlessness,hypertension,0
20,179,69,123,37.6,breathlessness,asthma,2
75,128,75,77,36.2,chest pain|fever,hypertension|diabetes,0
25,153,101,112,39.1,,diabetes|hypertension,1
74,105,99,82,39.5,dizziness,asthma,1
35,102,96,110,36.8,dizziness,hypertension|asthma,1
88,157,85,86,39.4,,,1
78,130,64,117,38.9,,diabetes,1
18,178,60,96,39.6,dizziness,hypertension,2
58,108,95,119,39.1,chest pain|breathlessness,hypertension|diabetes,1
21,129,81,107,36.8,,,1
39,146,83,73,36.5,,asthma,0
57,145,90,64,38.3,,,0
89,107,81,123,37.3,,asthma|hypertension,2
37,169,85,83,36.3,,,0
31,170,81,102,36.1,,diabetes,1
53,136,89,126,39.9,,hypertension,2
73,183,89,114,38.2,fever|dizziness,,2
29,176,72,139,36.2,chest pain,diabetes|hypertension,2
33,186,96,90,37.1,dizziness,asthma,2
55,137,81,114,37.3,dizziness|breathlessness,asthma,1
76,180,85,74,36.6,,,2
26,136,72,117,39.8,dizziness|breathlessness,,1
82,134,101,124,37.4,,hypertension,2
75,152,66,133,39.3,chest pain,diabetes|asthma,2
19,108,82,134,36.8,fever,,2
30,183,75,125,36.3,dizziness|breathlessness,,2
71,165,98,127,38.0,breathlessness|chest pain,asthma,2
38,116,101,139,39.4,,asthma|hypertension,2
83,112,82,87,39.1,fever,,1
33,185,62,109,37.4,breathlessness|fever,asthma|hypertension,2
53,121,93,134,38.9,,hypertension,2
61,133,93,113,37.3,fever|dizziness,,1
78,190,109,98,38.5,,hypertension,2
69,125,69,123,39.2,fever|chest pain,asthma|hypertension,2
68,178,71,115,38.6,fever|breathlessness,hypertension,2
31,176,65,133,39.4,fever|dizziness,hypertension,2
80,125,107,98,37.4,dizziness,diabetes|asthma,0
34,165,65,63,38.1,chest pain|breathlessness,asthma,0
21,146,82,136,38.1,,,2
22,134,76,97,38.2,,,0
77,100,86,89,39.3,chest pain,asthma,1
18,142,60,73,39.4,fever,,1
78,126,102,62,36.6,breathlessness,,0
50,103,81,87,39.5,fever,,1
82,144,89,65,39.2,,diabetes,1
49,157,77,93,38.8,chest pain|fever,diabetes|hypertension,1
33,155,98,77,36.7,dizziness,hypertension|diabetes,0
39,112,61,85,38.8,,diabetes,1
86,129,100,92,36.7,,,0
77,185,64,129,39.1,chest pain|fever,diabetes,2
42,178,69,67,37.5,fever,,2
21,140,64,79,37.1,fever|chest pain,,0
69,109,83,125,39.9,dizziness,hypertension,2
54,189,78,133,38.7,fever,hypertension|asthma,2
35,106,94,85,36.5,breathlessness,asthma,0
48,149,61,105,37.4,chest pain,,1
63,113,100,135,38.5,chest pain|dizziness,diabetes|asthma,2
79,184,105,117,36.2,fever,diabetes,2
61,183,84,66,38.8,,diabetes,2
57,173,97,78,39.8,breathlessness,,2
63,107,92,107,39.9,,,1
73,130,60,70,37.6,dizziness|breathlessness,diabetes,0
80,130,70,103,36.5,breathlessness|fever,asthma|hypertension,1
34,139,67,68,36.9,,diabetes,0
48,184,79,76,37.9,,diabetes|hypertension,2
41,172,75,127,39.1,fever,,2
63,155,80,82,37.6,,diabetes,0
52,180,74,85,39.1,,diabetes,2
73,140,95,101,36.3,,diabetes,1
32,113,103,66,38.3,dizziness|chest pain,diabetes|asthma,0
88,138,71,134,36.8,,,2
33,190,86,64,38.4,,,2
69,125,73,118,39.7,breathlessness,,1
27,136,68,107,37.8,chest pain,hypertension,1
26,108,72,81,37.9,,asthma|hypertension,0
77,188,77,115,37.4,dizziness,,2
47,119,61,93,38.6,dizziness|chest pain,diabetes|hypertension,1
80,117,81,97,38.7,dizziness,diabetes|asthma,1
42,145,75,97,37.6,fever,diabetes|asthma,0
44,162,61,127,36.3,dizziness,,2
19,174,60,65,37.9,fever|chest pain,asthma|diabetes,2
68,136,110,72,36.7,dizziness|chest pain,asthma,0
67,180,100,86,39.2,,hypertension,2
58,131,87,60,38.4,,,0
74,161,102,78,36.7,fever|dizziness,hypertension|diabetes,0
46,119,89,111,38.8,dizziness|chest pain,hypertension,1
41,163,87,135,36.7,,asthma|diabetes,2
30,164,107,102,36.9,,diabetes|hypertension,1
66,133,81,80,37.1,dizziness,hypertension|diabetes,0
68,186,66,78,36.5,fever|dizziness,,2
48,131,78,73,36.3,chest pain|breathlessness,diabetes|asthma,0
69,103,106,69,39.8,chest pain,,1
46,123,62,74,36.1,breathlessness|fever,diabetes|hypertension,0
79,189,98,136,36.8,fever,,2
20,187,105,113,37.6,chest pain,,2
19,126,103,69,39.3,fever,diabetes,1
84,153,97,97,37.8,breathlessness|dizziness,hypertension,0
41,125,103,82,37.4,chest pain|fever,hypertension,0
55,171,104,115,37.3,dizziness|chest pain,diabetes|asthma,2
65,174,100,132,38.8,fever,diabetes|asthma,2
90,151,74,135,36.8,dizziness|chest pain,asthma|hypertension,2
73,133,60,133,38.1,,hypertension,2
79,158,97,60,36.5,breathlessness,,0
18,160,110,85,39.8,breathlessness|fever,asthma,1
66,106,97,74,37.3,,diabetes|hypertension,0
62,147,103,108,36.7,,hypertension|diabetes,1
87,120,92,81,36.6,fever|dizziness,,0
51,181,67,74,39.7,dizziness|breathlessness,asthma,2
78,124,66,129,39.0,fever|breathlessness,,2
27,135,77,89,37.8,breathlessness,diabetes,0
64,154,61,79,36.1,,hypertension|diabetes,0
21,165,77,109,37.7,breathlessness,asthma,1
57,136,85,139,38.0,breathlessness|dizziness,diabetes|hypertension,2
83,117,78,91,37.2,chest pain|dizziness,asthma,0
33,175,74,70,37.6,,,2
34,167,106,60,37.9,fever|breathlessness,,0
24,120,79,101,36.6,dizziness|fever,asthma,1
89,144,65,108,39.8,dizziness|chest pain,diabetes|asthma,1
33,122,89,65,38.9,,hypertension|diabetes,1
42,126,72,81,38.3,fever,diabetes|asthma,0
68,156,106,97,39.1,fever|chest pain,,1
46,113,81,99,37.7,,asthma|diabetes,0
84,143,79,139,39.3,,asthma|diabetes,2
33,177,107,140,36.6,chest pain,diabetes|hypertension,2
60,167,100,129,36.1,chest pain|breathlessness,,2
57,112,67,121,36.2,,diabetes,2
80,172,70,129,36.7,dizziness|chest pain,,2
19,155,90,139,37.2,chest pain,diabetes,2
48,131,77,134,38.5,breathlessness,hypertension|asthma,2
86,111,66,108,39.5,breathlessness|dizziness,,1
41,175,101,134,39.5,dizziness,asthma|diabetes,2
65,135,75,92,37.3,breathlessness,,0
87,166,62,65,38.3,breathlessness,asthma|hypertension,0
42,155,81,118,37.3,dizziness,asthma|diabetes,1
85,135,90,71,38.3,,asthma|hypertension,0
25,152,76,109,38.5,fever,diabetes,1
88,127,94,133,39.1,dizziness,hypertension,2
79,178,60,108,38.7,,asthma,2
21,182,94,109,36.6,,asthma|hypertension,2
79,164,110,79,39.1,fever|breathlessness,hypertension|asthma,1
70,143,109,111,38.7,,,1
27,102,105,105,37.5,,hypertension|asthma,1
62,134,86,77,36.7,chest pain,,0
54,165,97,82,39.2,,asthma,1
31,144,96,73,38.4,,diabetes,0
22,156,69,85,39.1,breathlessness,,1
56,109,75,114,38.7,dizziness,,1
32,165,100,114,38.8,breathlessness|fever,asthma,1
62,175,99,97,37.6,fever|dizziness,,2
23,173,97,100,36.3,fever,asthma,2
44,129,72,119,39.1,,diabetes,1
61,109,71,126,36.5,chest pain|breathlessness,,2
48,163,60,89,36.4,breathlessness,hypertension,0
78,112,83,127,37.8,chest pain,diabetes|hypertension,2
43,148,106,140,37.2,dizziness,diabetes,2
71,107,63,61,39.6,,asthma,1
71,156,101,60,37.7,dizziness,,0
63,104,63,68,36.4,,asthma,0
82,118,94,89,36.8,chest pain|breathlessness,diabetes,0
80,176,97,113,37.9,,,2
39,101,68,81,36.2,fever|dizziness,hypertension|asthma,0
49,188,106,70,36.2,,asthma,2
31,100,90,72,38.8,,hypertension,1
76,188,103,127,37.3,breathlessness,asthma,2
22,141,93,124,36.8,breathlessness,asthma|hypertension,2
49,138,65,78,36.3,,,0
55,162,104,120,36.8,,hypertension|diabetes,1
30,110,106,96,38.7,chest pain|breathlessness,,1
50,115,68,98,38.7,chest pain,,1
30,110,83,137,39.9,dizziness|breathlessness,,2
40,157,60,126,39.6,fever,hypertension|diabetes,2
21,135,106,72,38.5,chest pain|breathlessness,asthma,0
41,170,73,67,37.5,fever|dizziness,asthma,0
33,174,106,67,38.9,breathlessness,asthma,2
18,129,99,79,36.8,,diabetes|hypertension,0
88,188,88,91,39.7,,hypertension|diabetes,2
90,117,79,113,39.8,chest pain|breathlessness,diabetes|asthma,1
46,165,72,102,36.0,,asthma,1
29,169,101,120,38.8,chest pain|breathlessness,hypertension|asthma,1
41,170,97,94,36.7,fever|chest pain,diabetes|hypertension,0
43,173,69,94,37.9,breathlessness|fever,hypertension|diabetes,2
45,107,64,100,38.7,breathlessness|fever,hypertension|diabetes,1
63,107,108,84,36.3,fever|chest pain,diabetes,0
47,159,60,103,37.4,chest pain,asthma,1
81,173,107,122,38.4,,hypertension,2
51,103,102,125,36.4,fever|breathlessness,diabetes|hypertension,2
20,141,86,103,36.9,,diabetes|hypertension,1
76,165,89,60,39.8,dizziness,asthma|diabetes,1
26,142,66,102,36.3,fever|dizziness,,1
51,150,62,104,38.0,chest pain,asthma,1
52,164,110,121,38.1,chest pain|dizziness,,2
26,186,82,97,36.7,,diabetes|hypertension,2
26,188,86,103,36.2,chest pain,hypertension|diabetes,2
57,128,73,103,37.0,fever|dizziness,,1
56,129,110,99,38.5,dizziness|breathlessness,asthma,0
82,173,79,64,36.2,breathlessness|dizziness,,2
64,121,65,114,36.6,breathlessness|chest pain,diabetes|asthma,1
84,135,96,78,38.8,fever,asthma,1
78,120,92,68,36.7,dizziness|chest pain,asthma|diabetes,0
30,161,75,113,36.1,chest pain|dizziness,asthma,1
28,179,70,134,38.2,fever,hypertension,2
35,183,103,135,37.4,,asthma|diabetes,2
30,181,108,113,38.9,breathlessness|dizziness,asthma,2
24,101,98,122,37.2,fever,,2
89,154,108,132,36.6,dizziness,diabetes|asthma,2
71,145,81,77,37.1,,asthma,0
83,170,93,99,38.2,breathlessness,hypertension,0
90,154,74,63,36.7,breathlessness,,0
87,107,95,91,38.1,breathlessness,hypertension,0
83,187,76,118,38.4,fever,,2
30,164,107,68,39.5,,asthma,1
75,151,108,81,37.6,chest pain|fever,diabetes,0
20,102,74,68,37.7,,hypertension|diabetes,0
22,155,91,77,38.4,,,0
59,145,108,132,36.1,,diabetes,2
66,130,109,75,37.4,,hypertension|asthma,0
51,169,97,91,38.2,,diabetes|asthma,0
56,141,71,107,36.1,,asthma|hypertension,1
84,178,79,95,36.6,,hypertension,2
19,120,99,103,36.1,,asthma,1
58,189,97,85,37.0,,diabetes|asthma,2
74,121,101,132,39.1,,,2
29,118,77,69,39.6,,asthma,1
26,176,80,115,37.1,,asthma|hypertension,2
48,183,85,136,38.7,dizziness,diabetes|asthma,2
62,138,63,80,37.1,,,0
34,123,64,67,39.7,,hypertension|diabetes,1
82,161,91,85,39.3,,asthma|hypertension,1
59,180,97,64,37.3,fever|breathlessness,,2
19,157,60,133,37.1,dizziness|chest pain,hypertension|diabetes,2
51,110,84,99,39.6,chest pain|fever,,1
25,111,88,102,38.1,dizziness,diabetes|hypertension,1
46,142,106,86,37.2,,asthma|hypertension,0
35,114,75,95,40.0,breathlessness|fever,,1
49,153,74,72,38.9,,asthma,1
47,179,70,104,37.0,,diabetes|asthma,2
58,172,66,104,36.6,dizziness,asthma,2
31,109,67,78,37.5,fever,asthma,0
52,112,71,77,37.1,chest pain|dizziness,asthma,0
74,151,101,120,36.7,chest pain,,1
30,189,110,69,36.7,breathlessness|fever,asthma,2
89,116,69,101,39.8,chest pain,hypertension,1
80,115,109,64,38.5,fever|breathlessness,diabetes|asthma,0
18,144,79,104,39.7,breathlessness,hypertension|asthma,1
70,184,75,69,39.0,,asthma,2
40,131,76,66,38.3,fever,diabetes,0
89,106,61,65,38.2,,hypertension|diabetes,0
74,111,84,119,38.1,,,1
38,181,75,91,39.9,,,2
44,129,62,140,37.3,,,2
79,115,84,107,39.2,chest pain,diabetes|hypertension,1
70,146,110,75,36.1,chest pain,,0
68,188,104,86,39.9,breathlessness,hypertension|diabetes,2
73,184,107,103,38.7,,asthma|hypertension,2
66,178,71,113,38.8,chest pain,diabetes,2
62,177,65,122,37.5,dizziness|fever,diabetes,2
57,146,71,123,37.2,breathlessness|fever,asthma|hypertension,2
40,126,94,129,37.8,dizziness,,2
86,123,64,131,38.7,,,2
20,100,93,116,36.6,,diabetes,1
84,182,73,97,39.5,,diabetes|asthma,2
38,124,101,70,36.9,breathlessness|dizziness,hypertension|diabetes,0
22,110,101,80,38.5,fever,,0
56,144,81,88,36.6,chest pain,diabetes|hypertension,0
87,154,85,86,36.8,,diabetes,0
61,181,78,95,37.7,fever|chest pain,asthma,2
64,178,81,79,36.3,dizziness|chest pain,asthma|hypertension,2
36,164,67,73,36.9,,asthma|diabetes,0
48,167,85,124,39.9,fever|chest pain,diabetes|hypertension,2
45,146,64,133,36.1,,diabetes|asthma,2
19,149,81,113,38.3,breathlessness|dizziness,,1
61,190,63,121,36.3,,asthma|hypertension,2
41,174,86,120,38.3,breathlessness|fever,asthma,2
86,138,83,69,38.1,breathlessness|dizziness,,0
74,114,110,126,36.9,,,2
52,103,63,64,39.3,,,1
58,128,98,71,38.9,,diabetes,1
45,152,81,96,38.3,fever,,0
59,156,110,134,38.2,breathlessness,,2
21,171,95,80,39.9,fever,hypertension|diabetes,2
88,154,86,134,38.3,,diabetes|asthma,2
65,189,67,119,38.7,,asthma|diabetes,2
76,152,73,75,38.7,chest pain|breathlessness,asthma,1
47,161,80,132,39.1,breathlessness,,2
50,182,109,131,37.9,fever,asthma,2
47,186,76,125,38.6,,asthma|hypertension,2
58,133,64,81,38.4,,asthma|diabetes,0
74,185,84,134,38.2,chest pain|dizziness,,2
64,141,94,78,38.2,,asthma|diabetes,0
50,175,93,84,37.5,breathlessness,asthma,2
68,161,100,121,39.2,fever,hypertension,2
67,150,74,126,36.9,chest pain|dizziness,hypertension,2
71,111,105,88,38.6,,asthma,1
77,181,76,135,39.2,dizziness|chest pain,,2
51,100,80,83,37.6,dizziness,diabetes|asthma,0
85,120,95,89,37.6,dizziness|fever,hypertension,0
65,109,72,122,39.0,chest pain,diabetes|asthma,2
57,154,80,116,37.3,dizziness,diabetes,1
61,138,96,130,37.4,,hypertension,2
30,161,71,105,38.7,,,1
73,135,72,106,38.3,chest pain|fever,asthma|hypertension,1
72,158,64,119,36.7,fever|dizziness,,1
28,183,74,117,39.4,fever,asthma,2
54,134,109,103,38.2,dizziness|chest pain,,1
89,118,87,88,37.1,,asthma,0
30,112,90,124,38.2,breathlessness|dizziness,diabetes,2
89,127,94,84,38.9,,asthma,1
53,139,101,80,39.9,fever|chest pain,,1
59,143,60,68,39.7,,asthma,1
86,170,107,104,39.1,chest pain,,1
75,128,65,76,39.5,,hypertension|diabetes,1
90,159,98,121,36.8,breathlessness|fever,asthma,2
45,120,96,89,39.5,,asthma|hypertension,1
90,154,87,137,38.7,,,2
70,155,91,72,37.3,dizziness,hypertension,0
56,127,71,104,36.5,breathlessness,asthma,1
48,104,103,118,38.8,dizziness|fever,,1
51,126,73,101,38.9,,asthma,1
66,133,85,67,39.2,chest pain,diabetes,1
34,182,73,109,38.4,dizziness|fever,diabetes,2
82,170,91,91,39.0,dizziness,,1
85,122,89,78,36.9,,diabetes|asthma,0
59,156,63,110,39.8,dizziness|chest pain,hypertension,1
75,112,90,103,39.5,dizziness,hypertension|diabetes,1
22,103,89,92,38.6,,diabetes,1
85,189,94,70,36.5,chest pain,diabetes|hypertension,2
73,135,110,71,38.1,chest pain,,0
81,138,61,136,38.0,chest pain,diabetes,2
54,107,110,108,36.3,,hypertension,1
24,160,86,103,39.9,,hypertension,1
22,108,86,70,36.9,,hypertension|diabetes,0
76,139,76,77,38.3,dizziness|fever,,0
18,136,100,98,38.8,dizziness,,1
43,161,80,70,38.0,,asthma|hypertension,0
78,122,79,122,39.6,,diabetes|asthma,2
75,106,75,93,37.4,chest pain|dizziness,hypertension|asthma,0
51,123,97,97,36.7,,hypertension|asthma,0
60,111,77,137,38.5,fever,diabetes|hypertension,2
38,126,75,68,36.2,dizziness,,0
77,155,86,100,36.8,fever,hypertension,0
18,187,76,92,36.4,,diabetes,2
37,146,88,62,39.5,,,1
33,124,80,124,38.7,breathlessness,,2
79,152,82,116,38.0,breathlessness,asthma,1
22,114,75,62,36.1,,diabetes,0
88,134,60,75,38.9,,,1
38,128,76,136,36.5,chest pain|dizziness,hypertension,2
56,104,91,67,37.0,,hypertension|asthma,0
51,162,75,90,39.7,,,1
44,117,73,81,36.2,,hypertension,0
86,119,107,100,36.9,,diabetes,0
41,127,63,87,39.7,,hypertension|diabetes,1
49,107,83,97,36.0,,diabetes,0
20,159,106,104,39.8,,,1
64,138,84,69,38.8,breathlessness,hypertension,1
39,148,103,81,37.3,,asthma|hypertension,0
28,181,102,129,37.6,breathlessness,hypertension|diabetes,2
35,106,68,74,37.4,,,0
67,142,110,103,37.1,dizziness,,1
68,112,108,92,37.1,,hypertension,0
68,188,100,138,37.2,chest pain|dizziness,hypertension|diabetes,2
44,179,77,75,37.6,,,2
76,159,103,73,39.9,,,1
64,153,96,82,37.8,chest pain,hypertension|diabetes,0
30,127,88,137,40.0,chest pain|breathlessness,diabetes|hypertension,2
64,151,105,113,37.9,dizziness|fever,hypertension|asthma,1
68,122,108,97,38.4,fever,,0
27,190,90,67,39.8,,diabetes|asthma,2
50,104,67,68,36.8,fever,diabetes|asthma,0
51,126,73,83,37.7,,asthma|hypertension,0
50,131,97,112,38.2,fever,,1
81,150,76,118,39.0,,,1
42,186,105,138,39.0,fever|breathlessness,,2
59,133,69,129,38.1,,,2
62,104,92,83,38.4,dizziness|fever,,0
53,129,109,110,37.2,dizziness,,1
27,137,75,93,39.1,fever,,1
38,117,90,71,37.6,fever,asthma,0
88,137,84,85,37.3,,,0
72,168,68,68,38.7,,diabetes|asthma,1
18,141,76,86,38.2,,hypertension,0
54,123,94,114,39.0,chest pain,asthma|hypertension,1
18,144,93,124,37.4,breathlessness|chest pain,hypertension,2
25,171,61,86,39.4,chest pain|dizziness,asthma,2
56,100,67,73,36.8,fever,hypertension,0
66,145,63,138,38.5,,diabetes|hypertension,2
71,133,75,85,38.7,fever,hypertension,1
31,150,61,64,38.3,chest pain|fever,diabetes,0
85,177,63,66,36.9,breathlessness,hypertension|diabetes,2
26,181,105,131,36.6,,diabetes|hypertension,2
20,140,96,125,38.2,chest pain,diabetes|hypertension,2
21,184,77,97,37.5,chest pain|breathlessness,diabetes,2
49,104,65,63,38.2,,asthma,0
66,174,88,126,36.7,,asthma|diabetes,2
25,134,85,96,37.3,fever|breathlessness,asthma,0
69,177,74,139,37.8,breathlessness,hypertension,2
47,128,65,126,38.0,fever,,2
73,179,93,80,36.8,,,2
59,129,61,118,38.6,breathlessness|fever,,1
22,149,79,65,36.4,fever|chest pain,asthma,0
64,129,88,90,39.9,,,1
75,160,80,117,38.3,dizziness,hypertension,1
70,188,110,98,36.2,fever,asthma,2
43,142,83,88,38.5,,,0
50,129,94,105,38.7,chest pain,diabetes|hypertension,1
57,164,60,71,36.9,,diabetes|hypertension,0
30,132,65,115,37.1,breathlessness|dizziness,,1
47,187,82,128,39.8,fever,hypertension,2
30,188,61,115,37.7,breathlessness,,2
83,101,83,75,38.0,dizziness,hypertension|diabetes,0
48,152,95,83,39.4,dizziness|breathlessness,,1
88,139,71,106,36.4,dizziness|breathlessness,diabetes|asthma,1
70,122,77,112,36.4,,hypertension|asthma,1
33,157,62,121,37.8,fever,,2
59,112,76,115,39.8,dizziness|fever,hypertension,1
72,120,60,97,36.6,fever|breathlessness,asthma,0
23,109,90,79,37.5,breathlessness,hypertension|diabetes,0
32,167,92,82,39.1,chest pain|dizziness,,1
89,136,76,81,38.3,chest pain,asthma,0
44,160,99,74,37.0,,diabetes,0
60,165,106,124,39.6,chest pain|dizziness,,2
34,174,78,89,36.6,dizziness|chest pain,diabetes,2
66,133,99,76,39.4,dizziness|breathlessness,diabetes,1
36,147,67,62,36.6,fever,asthma|diabetes,0
53,141,100,60,37.0,fever|dizziness,,0
73,173,108,134,36.4,fever,hypertension,2
89,109,92,69,36.3,fever,,0
71,121,61,139,37.4,chest pain|dizziness,,2
62,166,65,89,36.6,dizziness|breathlessness,diabetes,0
52,107,103,110,36.3,,diabetes,1
37,139,90,140,38.5,,,2
74,116,89,76,36.3,dizziness,asthma,0
41,132,63,114,38.2,breathlessness|chest pain,asthma,1
72,182,77,101,36.5,,asthma,2
85,116,101,72,36.6,dizziness,hypertension|asthma,0
87,117,91,78,36.8,fever|breathlessness,asthma|hypertension,0
32,171,104,109,36.9,dizziness,hypertension,2
67,152,99,77,36.6,breathlessness|chest pain,,0
37,158,109,126,38.9,dizziness|breathlessness,asthma,2
60,127,85,92,39.1,,asthma,1
51,176,82,63,39.0,fever,diabetes,2
18,183,90,89,37.1,breathlessness,hypertension|asthma,2
51,174,75,69,39.5,fever|chest pain,hypertension|asthma,2
19,171,98,129,37.3,,diabetes|hypertension,2
44,186,87,68,36.9,chest pain|dizziness,asthma|hypertension,2
44,115,93,75,37.9,dizziness,hypertension|asthma,0
42,120,100,94,36.7,dizziness,,0
57,146,83,83,36.3,breathlessness,asthma,0
30,163,94,106,36.7,,diabetes,1
60,170,74,88,37.2,,diabetes,0
56,190,87,136,39.5,breathlessness,asthma|diabetes,2
84,100,105,104,37.8,breathlessness|fever,hypertension|asthma,1
47,111,76,113,36.1,,,1
42,117,70,83,39.6,dizziness|breathlessness,diabetes|asthma,1
85,157,69,73,38.4,dizziness|chest pain,diabetes,0
50,158,105,111,37.4,fever|dizziness,diabetes|hypertension,1
77,162,99,104,37.0,,hypertension|asthma,1
76,106,76,73,36.6,dizziness,,0
61,114,74,134,39.5,chest pain|dizziness,diabetes|hypertension,2
36,128,83,131,39.2,dizziness|chest pain,asthma|diabetes,2
47,186,80,128,37.0,breathlessness|chest pain,,2
84,112,110,112,37.6,,diabetes,1
32,133,88,96,39.4,,hypertension,1
24,105,74,115,39.1,breathlessness,diabetes|hypertension,1
66,126,77,122,39.7,dizziness|chest pain,,2
86,151,64,65,38.3,fever,,0
65,130,87,102,36.2,chest pain|fever,asthma|diabetes,1
79,161,88,85,38.4,breathlessness,,0
82,189,64,112,36.7,,asthma,2
23,142,110,127,38.4,dizziness|breathlessness,diabetes|hypertension,2
87,156,63,103,37.4,fever,hypertension,1
89,149,88,120,36.8,chest pain|dizziness,asthma,1
85,162,102,97,36.9,fever|dizziness,hypertension,0
54,149,81,118,36.3,dizziness,,1
55,131,64,140,36.6,,diabetes,2
87,107,99,105,37.9,,asthma,1
82,127,74,108,39.6,,,1
25,164,105,99,36.5,chest pain,asthma|diabetes,0
40,106,102,113,38.3,chest pain|fever,diabetes|hypertension,1
87,128,70,62,37.4,,hypertension|diabetes,0
89,159,95,65,37.1,breathlessness,asthma,0
54,127,86,95,36.8,,hypertension,0
54,138,89,119,40.0,chest pain,diabetes,1
59,131,77,108,36.4,fever,asthma|hypertension,1
61,115,91,123,38.0,,,2
80,146,60,78,38.3,dizziness,,0
36,177,96,98,37.6,,asthma,2
84,161,108,70,37.4,,hypertension,0
39,159,93,60,38.8,fever,hypertension,1
84,152,99,124,38.2,,hypertension,2
87,149,85,80,39.8,chest pain|breathlessness,diabetes,1
75,109,81,86,38.2,,diabetes,0
68,177,88,69,38.4,dizziness,asthma|diabetes,2
28,130,70,124,39.5,,,2
27,170,69,64,39.6,chest pain|dizziness,asthma,1
49,181,103,87,38.5,dizziness|chest pain,,2
76,146,62,100,37.4,dizziness|chest pain,asthma|diabetes,0
21,170,80,72,36.5,fever,,0
48,144,102,77,38.9,fever|breathlessness,hypertension,1
44,167,73,101,38.6,chest pain,asthma,1
90,190,70,96,36.6,,diabetes|asthma,2
82,171,92,139,38.0,breathlessness,,2
84,131,100,97,37.7,,diabetes|asthma,0
64,185,75,70,38.0,,diabetes,2
66,125,71,126,36.6,,,2
39,190,109,63,39.8,,,2
58,100,79,69,36.7,chest pain,,0
21,127,69,121,38.2,breathlessness|dizziness,,2
52,114,67,108,39.3,,,1
60,108,104,102,36.9,breathlessness,asthma,1
53,111,86,77,36.4,chest pain|fever,,0
86,152,104,102,37.5,,,1
44,190,103,115,38.1,chest pain|breathlessness,diabetes|hypertension,2
74,170,79,123,39.7,,,2
62,180,103,73,36.8,dizziness,diabetes|hypertension,2
26,188,73,103,37.2,,asthma,2
46,126,73,118,37.5,dizziness,hypertension,1
48,146,90,136,37.2,dizziness,diabetes,2
58,188,91,122,36.9,chest pain,asthma|hypertension,2
57,167,72,108,39.1,,diabetes,1
29,127,81,66,39.7,dizziness,hypertension|diabetes,1
22,147,85,93,38.7,breathlessness,hypertension|diabetes,1
34,107,101,87,36.6,chest pain,hypertension|diabetes,0
79,164,73,127,38.9,dizziness|fever,diabetes|hypertension,2
77,154,95,71,36.1,,asthma|hypertension,0
79,104,88,70,37.4,chest pain|breathlessness,diabetes,0
69,110,67,93,38.1,dizziness|fever,asthma,0
40,176,87,123,38.7,dizziness,,2
23,169,78,89,39.4,breathlessness,asthma,1
25,188,104,128,36.6,,,2
63,159,61,109,36.4,dizziness,diabetes|hypertension,1
48,164,81,102,38.3,chest pain|dizziness,diabetes|asthma,1
25,140,89,99,38.3,breathlessness|chest pain,,0
26,136,88,67,37.7,dizziness|fever,,0
56,156,92,81,38.3,breathlessness|fever,asthma,0
44,110,64,130,37.1,breathlessness,asthma,2
49,120,95,67,36.4,,,0
45,168,86,109,39.8,,asthma|diabetes,1
24,121,106,110,36.5,,,1
24,127,73,100,39.9,,diabetes,1
30,124,68,140,37.1,,,2
40,122,87,115,36.0,fever|breathlessness,asthma|diabetes,1
34,173,62,82,39.7,,,2
28,118,91,94,36.8,breathlessness,asthma,0
68,180,86,117,39.0,dizziness|breathlessness,hypertension|diabetes,2
55,161,86,69,36.3,,,0
86,180,101,105,36.4,dizziness|fever,diabetes|hypertension,2
47,142,72,67,37.8,dizziness|fever,hypertension,0
49,115,106,117,39.7,chest pain,asthma,1
22,129,103,136,37.7,,diabetes,2
45,112,107,70,38.4,chest pain|breathlessness,hypertension|diabetes,0
82,116,66,103,37.2,dizziness,,1
74,132,68,127,38.9,,hypertension|diabetes,2
77,154,100,117,38.5,,diabetes|asthma,1
31,117,102,105,38.3,chest pain|fever,diabetes|hypertension,1
40,129,76,70,39.5,,diabetes,1
44,166,94,139,38.1,fever,hypertension,2
80,114,96,139,37.0,,diabetes,2
85,101,84,122,37.4,fever,,2
85,126,104,62,36.5,,,0
32,128,105,69,37.4,fever|chest pain,asthma|diabetes,0
44,133,75,92,36.7,,hypertension|diabetes,0
70,122,80,92,38.8,chest pain|breathlessness,,1
57,186,75,97,37.3,dizziness|fever,hypertension|asthma,2
54,118,94,75,39.2,dizziness,diabetes|asthma,1
38,146,103,76,37.3,dizziness,hypertension|asthma,0
72,185,102,128,36.3,dizziness|fever,asthma,2
87,160,76,128,36.6,,hypertension|asthma,2
64,121,103,89,37.3,chest pain,,0
54,135,78,82,39.5,chest pain,diabetes|hypertension,1
29,124,67,67,39.2,,asthma,1
26,144,74,94,38.4,fever|breathlessness,diabetes|asthma,0
75,182,83,99,37.0,,,2
88,100,105,121,36.1,chest pain,asthma,2
79,132,97,85,36.2,chest pain|dizziness,asthma|hypertension,0
20,179,99,133,36.3,dizziness,,2
88,118,89,89,39.0,breathlessness,hypertension,1
67,162,79,109,36.6,,asthma|diabetes,1
81,182,63,70,36.1,chest pain,diabetes|asthma,2
27,167,92,102,36.3,breathlessness,asthma,1
70,171,60,127,38.9,,hypertension,2
36,187,110,70,37.4,breathlessness|chest pain,,2
44,158,106,97,37.0,dizziness|breathlessness,,0
62,160,88,108,39.6,,,1
36,109,87,135,37.6,dizziness,hypertension,2
44,179,83,131,37.0,chest pain|fever,diabetes,2
63,144,78,103,36.7,fever,asthma|hypertension,1
37,153,63,102,38.3,breathlessness|dizziness,,1
58,107,72,93,36.1,breathlessness|fever,diabetes,0
72,135,65,137,36.4,chest pain|fever,,2
30,141,77,67,39.6,,,1
78,158,70,105,36.8,breathlessness,diabetes|asthma,1
56,132,63,130,38.5,fever,diabetes,2
55,187,106,72,38.0,fever,asthma|diabetes,2
71,120,78,131,36.6,fever|dizziness,,2
18,169,94,73,38.4,chest pain|dizziness,asthma|hypertension,0
71,173,64,139,38.3,,,2
39,173,87,128,36.6,breathlessness|fever,asthma,2
41,134,65,77,36.8,chest pain|breathlessness,,0
50,153,85,116,39.6,breathlessness,,1
42,184,94,74,39.4,breathlessness,diabetes|hypertension,2
22,180,86,117,37.4,fever|breathlessness,diabetes|hypertension,2
27,132,91,106,36.9,,,1
48,117,95,92,36.2,breathlessness|chest pain,diabetes,0
33,185,99,106,37.8,dizziness|fever,diabetes|asthma,2
41,149,73,108,39.7,,,1
22,158,99,96,37.0,dizziness|chest pain,asthma,0
37,154,60,71,37.4,breathlessness|dizziness,diabetes|asthma,0
23,102,102,87,37.5,dizziness,asthma,0
79,170,90,128,37.6,,hypertension|diabetes,2
34,165,107,89,37.5,breathlessness|chest pain,diabetes,0
39,184,92,86,39.5,breathlessness|dizziness,,2
21,122,61,100,37.7,chest pain|dizziness,,0
82,115,90,124,37.7,breathlessness|chest pain,hypertension|asthma,2
19,108,110,101,36.8,fever|dizziness,asthma|hypertension,1
70,110,103,115,38.4,,asthma|hypertension,1
29,171,65,73,39.4,chest pain,hypertension|asthma,2
87,118,88,85,37.4,chest pain,hypertension|diabetes,0
66,174,87,71,36.8,breathlessness,asthma|diabetes,2
68,148,82,133,39.9,,hypertension,2
54,107,103,115,37.0,breathlessness|fever,asthma|hypertension,1
87,177,95,96,36.3,fever|chest pain,,2
55,157,83,121,37.9,dizziness,asthma,2
26,189,92,91,39.3,,hypertension,2
29,163,67,123,38.8,dizziness,diabetes,2
43,189,104,134,38.6,breathlessness,asthma|diabetes,2
63,165,75,120,39.8,fever,,1
18,112,110,66,37.1,,diabetes|hypertension,0
27,172,86,90,39.9,breathlessness|fever,diabetes|asthma,2
35,182,66,106,39.4,fever,,2
82,122,100,126,37.0,dizziness,diabetes|asthma,2
87,139,95,111,36.5,,,1
27,124,106,67,38.3,chest pain,hypertension,0
70,182,73,86,37.9,,hypertension,2
84,121,74,62,36.8,,,0
25,146,61,140,37.1,,,2
54,189,99,133,36.7,,asthma|diabetes,2
54,106,73,128,36.5,,,2
62,105,89,138,36.3,dizziness,diabetes,2
25,112,63,102,37.0,chest pain|breathlessness,,1
67,143,89,136,37.2,fever|chest pain,hypertension|diabetes,2
60,151,63,86,38.3,dizziness,hypertension,0
21,120,89,98,36.2,,,0
38,135,62,109,39.7,,hypertension,1
85,163,90,89,36.5,dizziness|breathlessness,hypertension,0
56,157,96,71,39.5,breathlessness|dizziness,hypertension,1
38,174,109,120,39.1,,diabetes|asthma,2
88,165,70,70,38.4,chest pain,,0
55,145,102,62,38.9,chest pain|dizziness,,1
67,129,107,120,38.2,,,1
62,152,78,110,38.6,,hypertension,1
78,107,64,78,39.4,chest pain|breathlessness,,1
49,186,97,138,36.5,dizziness,,2
33,146,67,117,36.7,breathlessness,diabetes|asthma,1
74,171,90,121,36.6,fever|breathlessness,asthma|diabetes,2
77,136,91,136,40.0,dizziness|fever,hypertension,2
61,155,83,134,36.5,dizziness,diabetes|asthma,2
80,140,84,122,37.5,,,2
47,147,69,126,36.8,,diabetes,2
43,140,86,75,39.0,,diabetes|hypertension,1
87,112,86,96,37.8,,hypertension,0
85,120,104,61,39.4,dizziness,asthma|diabetes,1
53,128,85,72,39.8,fever|chest pain,,1
20,179,102,72,36.6,,hypertension|diabetes,2
57,140,106,78,36.7,chest pain,,0
44,121,66,90,39.8,fever,diabetes,1
63,125,74,69,39.8,,asthma,1
43,104,87,119,36.7,fever,hypertension,1
49,128,81,92,39.1,,diabetes|asthma,1
55,112,66,93,38.0,chest pain|breathlessness,,0
61,113,107,138,36.2,,diabetes|hypertension,2
75,163,73,140,39.6,,diabetes,2
63,101,101,83,36.5,,asthma,0
58,188,98,102,38.7,chest pain|dizziness,asthma,2
76,155,62,81,38.4,chest pain|fever,diabetes,0
18,181,69,63,36.1,chest pain,diabetes|hypertension,2
44,168,97,85,36.9,,hypertension,0
90,185,106,128,36.2,,asthma,2
54,103,82,64,38.7,,,1
29,100,104,107,37.0,dizziness,diabetes,1
75,170,68,86,37.6,dizziness,hypertension|asthma,0
64,186,107,74,37.2,breathlessness|dizziness,,2
40,108,106,109,39.5,chest pain,,1
29,110,95,65,36.2,fever,,0
78,141,91,67,37.6,dizziness|breathlessness,hypertension|asthma,0
31,141,101,128,38.3,dizziness,,2
39,132,67,113,39.5,fever,,1
31,173,72,126,36.5,chest pain,hypertension|asthma,2
38,188,61,138,38.8,,hypertension|diabetes,2
41,101,102,100,37.2,dizziness|chest pain,asthma,0
80,157,69,138,38.3,chest pain|dizziness,diabetes|asthma,2
25,184,66,93,39.3,,,2
50,148,102,69,39.1,fever,hypertension,1
57,114,78,62,37.0,chest pain,asthma,0
61,160,80,94,37.9,dizziness|chest pain,hypertension|diabetes,0
61,113,81,114,39.2,fever,hypertension,1
48,189,83,136,38.0,,,2
68,105,100,118,36.3,fever|dizziness,hypertension|asthma,1
39,170,93,108,38.5,breathlessness,,1
50,164,85,121,39.3,fever|chest pain,,2
88,178,104,94,39.9,fever|chest pain,hypertension,2
66,176,108,93,36.6,fever,diabetes,2
50,117,86,85,36.2,chest pain,asthma,0
50,181,86,140,36.9,fever|dizziness,,2
66,142,109,80,37.6,fever|dizziness,hypertension,0
39,132,72,106,37.2,chest pain|dizziness,,1
56,141,93,65,39.3,,,1
84,110,109,119,37.0,dizziness,,1
26,142,85,137,38.1,,asthma,2
45,138,97,72,39.3,dizziness|chest pain,asthma|hypertension,1
47,108,103,94,36.6,chest pain|fever,diabetes|asthma,0
69,127,84,68,36.9,,diabetes|asthma,0
78,114,110,99,36.3,fever,,0
21,140,72,134,37.5,fever,,2
59,124,91,121,38.8,,,2
44,158,106,105,38.8,fever|breathlessness,diabetes|hypertension,1
73,124,74,130,37.7,,diabetes|asthma,2
28,157,81,66,39.4,dizziness|fever,,1
68,153,103,129,39.5,breathlessness|chest pain,asthma|hypertension,2
62,109,93,101,37.3,chest pain|dizziness,asthma,1
83,147,61,71,38.5,,,0
54,189,83,139,38.0,,,2
24,183,93,107,37.2,breathlessness,,2
37,181,64,139,39.5,,,2
71,184,100,137,39.2,breathlessness|fever,hypertension,2
74,155,92,135,37.2,,,2
53,122,74,95,39.4,breathlessness,diabetes|hypertension,1
79,157,77,139,37.9,,asthma|hypertension,2
24,165,101,98,39.4,,hypertension,1
59,129,103,107,39.1,dizziness,diabetes|hypertension,1
32,140,75,97,37.8,breathlessness,asthma,0
27,180,106,61,37.7,,asthma,2
23,180,79,79,38.3,breathlessness|fever,diabetes|hypertension,2
25,146,95,104,38.4,chest pain|fever,hypertension|asthma,1
57,163,74,90,38.0,,asthma|diabetes,0
36,152,61,115,36.3,,hypertension,1
42,118,85,136,36.0,,,2
80,130,76,94,36.9,,hypertension|asthma,0
38,111,75,74,37.7,fever|breathlessness,hypertension,0
59,152,61,115,37.1,chest pain,,1
67,190,60,73,38.5,fever|breathlessness,hypertension|diabetes,2
36,104,71,140,39.5,,asthma|diabetes,2
51,105,73,117,37.2,chest pain,,1
69,153,102,64,36.1,fever|chest pain,hypertension,0
30,130,64,129,38.6,fever|breathlessness,asthma,2
57,169,75,135,36.7,breathlessness,asthma,2
72,169,94,71,39.7,breathlessness|dizziness,diabetes,1
19,104,105,127,37.4,breathlessness,,2
76,141,73,104,37.5,breathlessness,hypertension,1
45,128,72,74,39.6,dizziness|breathlessness,diabetes|hypertension,1
57,179,97,101,37.5,,diabetes,2
82,103,97,127,37.3,chest pain,asthma,2
34,163,76,125,38.4,chest pain,hypertension|asthma,2
87,166,88,68,37.8,breathlessness,,0
69,137,65,114,36.8,,,1
48,139,78,102,37.2,chest pain|fever,asthma|hypertension,1
20,102,98,109,39.7,fever,diabetes,1
80,152,84,91,39.6,breathlessness|dizziness,,1
83,153,104,78,36.7,,hypertension|diabetes,0
29,104,94,72,36.1,,,0
88,115,78,64,37.3,,asthma,0
46,187,71,67,37.4,breathlessness,asthma,2
24,119,61,75,38.3,breathlessness,hypertension|asthma,0
26,179,75,79,39.8,chest pain,diabetes,2
63,106,76,119,37.0,fever|breathlessness,diabetes,1
57,113,90,123,36.9,chest pain,asthma,2
69,179,90,122,37.2,fever|chest pain,asthma,2
23,142,99,84,38.2,,asthma,0
18,129,69,60,37.0,chest pain|dizziness,,0
67,168,89,123,36.1,chest pain|fever,asthma,2
51,160,84,62,39.4,chest pain|dizziness,diabetes,1
70,151,85,140,36.1,fever,,2
56,112,87,90,37.3,,,0
53,139,105,129,36.7,fever,diabetes|asthma,2
41,146,89,121,38.4,,,2
32,176,102,127,37.0,dizziness,hypertension,2
34,125,84,121,37.0,fever|chest pain,hypertension,2
47,127,97,118,36.3,,asthma|hypertension,1
81,114,81,129,39.7,dizziness|fever,,2
53,125,84,78,39.0,breathlessness|fever,asthma|diabetes,1
71,150,61,94,37.7,chest pain|dizziness,asthma|diabetes,0
79,153,88,135,36.6,chest pain|fever,asthma,2
33,120,104,134,36.3,chest pain,diabetes,2
27,187,110,126,39.5,breathlessness,,2
57,119,105,78,38.8,chest pain|breathlessness,hypertension|asthma,1
84,166,61,82,37.8,fever,,0
50,166,75,127,38.5,dizziness,,2
69,177,102,130,37.6,,hypertension,2
35,180,107,75,37.2,chest pain,,2
64,147,66,118,38.4,dizziness|chest pain,,1
35,148,80,119,38.1,dizziness|fever,asthma,1
72,120,107,130,39.8,breathlessness,,2
56,110,71,128,36.1,,,2
86,190,110,105,39.8,breathlessness,diabetes|asthma,2
47,163,61,98,39.1,,,1
61,144,84,133,36.7,chest pain,hypertension|asthma,2
74,130,63,122,36.9,,hypertension|asthma,2
66,119,66,66,37.0,chest pain,asthma,0
79,162,69,140,37.3,fever|chest pain,asthma|hypertension,2
23,149,69,91,39.0,dizziness|fever,,1
69,135,103,104,36.0,breathlessness|fever,,1
32,121,72,125,39.7,fever,,2
46,112,107,92,36.8,fever,asthma|diabetes,0
28,106,77,128,38.7,chest pain|breathlessness,hypertension,2
83,136,74,77,36.6,chest pain|breathlessness,,0
73,111,95,97,39.3,fever|breathlessness,,1
75,105,85,64,36.1,,hypertension|asthma,0
21,170,106,127,38.5,fever|dizziness,asthma,2
34,120,78,91,39.8,,diabetes|hypertension,1
82,124,86,78,38.1,fever|chest pain,hypertension,0
57,152,78,89,36.2,dizziness,,0
58,186,73,111,36.5,chest pain|fever,hypertension,2
51,150,77,128,36.4,chest pain,diabetes|asthma,2
27,185,98,106,38.0,,diabetes|asthma,2
44,159,87,93,39.0,,,1
60,151,81,71,39.5,dizziness|breathlessness,hypertension|diabetes,1
49,166,70,114,36.8,breathlessness|chest pain,,1
53,165,91,107,36.0,dizziness|breathlessness,,1
48,129,90,90,38.9,breathlessness|fever,asthma|hypertension,1
55,156,103,103,37.3,chest pain|breathlessness,asthma,1
40,111,85,85,37.3,fever|chest pain,,0
62,155,110,93,39.2,chest pain|fever,asthma|hypertension,1
84,185,94,122,38.8,dizziness,,2
72,143,62,109,38.7,,diabetes,1
32,120,105,112,39.0,chest pain,,1
37,162,89,61,37.8,chest pain,hypertension|diabetes,0
52,169,99,84,36.8,chest pain|fever,hypertension,0
32,131,93,138,38.9,chest pain|breathlessness,diabetes|asthma,2
19,142,98,133,38.5,,,2
80,108,105,102,38.7,chest pain|dizziness,diabetes,1
82,100,61,89,37.2,,asthma|hypertension,0
50,100,73,74,36.7,fever,,0
32,121,85,78,37.5,breathlessness,diabetes|hypertension,0
86,138,61,61,39.5,chest pain,hypertension,1
74,190,65,87,36.8,fever|breathlessness,diabetes|hypertension,2
35,145,73,78,37.2,fever,hypertension|diabetes,0
67,136,77,113,38.3,dizziness|fever,diabetes,1
40,177,105,132,37.3,breathlessness,asthma,2
63,135,105,100,38.5,,,0
27,128,96,70,37.4,fever,asthma|diabetes,0
66,179,95,71,37.6,,asthma|diabetes,2
47,172,63,113,37.7,fever,diabetes,2
71,162,60,127,37.0,,hypertension,2
66,168,84,138,39.3,breathlessness,asthma|hypertension,2
39,146,74,63,37.7,chest pain|breathlessness,diabetes,0
81,128,101,87,36.8,chest pain|dizziness,diabetes,0
68,137,64,70,36.2,breathlessness|dizziness,,0
21,121,91,78,37.8,,diabetes|hypertension,0
39,170,65,67,36.1,dizziness|fever,diabetes|asthma,0
25,169,86,137,37.9,breathlessness|dizziness,diabetes,2
33,113,67,70,37.9,chest pain,,0
30,175,108,129,36.0,chest pain,,2
88,107,76,74,36.2,,hypertension|diabetes,0
32,113,68,70,38.7,,diabetes|hypertension,1
69,133,82,104,37.8,dizziness|breathlessness,diabetes,1
39,136,106,74,39.4,breathlessness|fever,asthma,1
61,188,74,120,37.3,,diabetes,2
42,115,71,83,37.2,,asthma,0
56,100,92,80,39.1,,hypertension,1
18,169,77,125,37.1,,asthma,2
85,175,64,135,39.8,breathlessness,hypertension|diabetes,2
26,109,69,69,36.6,,,0
72,134,85,75,39.8,,diabetes|asthma,1
73,116,83,84,36.2,fever|breathlessness,asthma,0
27,162,92,137,37.6,chest pain|dizziness,,2
56,119,75,124,37.5,chest pain,hypertension,2
21,121,71,90,37.8,dizziness,hypertension|asthma,0
79,169,74,60,39.9,dizziness|chest pain,hypertension,1
25,136,91,128,38.1,,,2
32,162,101,133,37.7,breathlessness|dizziness,,2
61,127,61,91,38.8,dizziness,asthma,1
86,184,75,61,36.6,chest pain|dizziness,,2
45,126,79,84,38.0,chest pain|fever,diabetes|hypertension,0
70,121,64,64,39.2,,hypertension|asthma,1
62,116,62,73,37.9,,,0
72,117,84,81,36.1,,,0
77,182,87,69,36.2,breathlessness|chest pain,,2
55,149,77,105,39.9,fever,diabetes|hypertension,1
65,159,60,103,38.4,dizziness,diabetes,1
46,114,84,78,37.3,chest pain|dizziness,diabetes|asthma,0
73,144,86,76,39.1,chest pain|fever,,1
54,186,102,119,36.9,dizziness|breathlessness,hypertension,2
32,145,110,106,39.0,chest pain,,1
34,149,102,72,38.7,,diabetes|asthma,1
65,159,76,61,36.9,chest pain,,0
41,164,107,107,36.5,dizziness,asthma|hypertension,1
84,161,67,94,38.6,chest pain|dizziness,diabetes|asthma,1
34,109,88,100,37.9,,asthma|hypertension,0
55,188,75,92,36.7,,asthma,2
26,113,97,85,37.0,fever,,0
83,121,84,123,36.3,,hypertension|asthma,2
51,132,104,66,37.9,fever|chest pain,,0
59,173,85,102,37.4,dizziness,,2
36,174,70,67,37.2,fever,,2
26,161,87,91,36.1,,,0
46,111,77,79,37.4,chest pain|fever,,0
26,101,69,82,39.4,chest pain|breathlessness,,1
29,138,109,77,37.2,chest pain|breathlessness,,0
82,173,98,77,36.8,fever|breathlessness,diabetes|hypertension,2
32,105,95,67,38.8,breathlessness|chest pain,hypertension|diabetes,1
55,183,75,131,38.2,dizziness,asthma|hypertension,2
55,120,71,118,39.5,dizziness,,1
55,151,86,117,36.6,,asthma|diabetes,1
71,129,110,120,39.7,fever,,1
45,133,99,126,39.9,fever|chest pain,hypertension|diabetes,2
82,132,97,91,37.5,chest pain|dizziness,,0
40,137,65,89,40.0,fever,diabetes,1
25,136,77,137,36.3,breathlessness,asthma|diabetes,2
24,138,92,105,39.3,,hypertension|asthma,1
57,188,64,91,37.7,,diabetes,2
28,115,74,98,36.5,dizziness,diabetes|hypertension,0
18,136,80,101,36.7,breathlessness,,1
85,188,97,116,36.0,,asthma,2
33,169,95,111,36.8,breathlessness,,1
41,119,98,62,38.7,dizziness,,1
89,177,84,73,38.1,chest pain,hypertension,2
22,152,62,125,36.5,,,2
38,181,86,63,36.7,dizziness|breathlessness,,2
49,120,109,108,38.5,dizziness|chest pain,asthma,1
22,115,82,108,36.5,,,1
18,124,106,139,39.5,,hypertension|asthma,2
21,144,107,91,37.7,chest pain|breathlessness,diabetes|hypertension,0
30,140,80,106,37.3,breathlessness,diabetes|asthma,1
60,160,65,76,37.2,dizziness,asthma,0
43,180,98,113,39.8,,,2
69,172,80,64,36.5,breathlessness,,2
86,100,106,133,39.9,breathlessness,,2
89,102,92,93,39.8,fever|chest pain,asthma|diabetes,1
51,185,78,74,38.2,,hypertension,2
42,136,79,110,39.4,,,1
79,138,88,89,36.2,,,0
63,107,61,135,36.9,chest pain,hypertension|diabetes,2
27,144,100,71,36.5,fever|breathlessness,,0
41,147,110,60,37.3,dizziness,diabetes,0
41,111,72,62,39.9,fever,,1
89,138,106,75,38.1,,asthma|hypertension,0
53,174,96,100,37.8,,asthma|hypertension,2
64,126,79,122,37.5,dizziness|chest pain,asthma,2
67,157,74,132,39.2,dizziness|fever,diabetes|hypertension,2
24,139,108,102,38.6,dizziness|fever,hypertension,1
29,172,108,131,39.3,,,2
29,139,99,97,37.6,,asthma|hypertension,0
39,161,96,104,36.6,dizziness|chest pain,,1
29,183,67,137,39.1,fever,,2
64,164,95,134,37.7,fever|breathlessness,,2
68,190,102,65,39.7,dizziness|fever,diabetes|asthma,2
66,175,63,123,36.5,breathlessness,hypertension,2
25,183,96,96,38.7,chest pain|breathlessness,hypertension|asthma,2
78,136,67,125,39.3,chest pain|dizziness,diabetes,2
57,150,108,109,37.7,chest pain|breathlessness,,1
80,125,110,111,36.6,fever|dizziness,,1
47,117,66,91,39.6,chest pain|fever,,1
78,140,66,137,39.9,fever|chest pain,,2
89,184,90,113,38.6,,hypertension|asthma,2
43,134,76,91,36.1,fever,hypertension|asthma,0
75,104,90,69,39.6,dizziness|chest pain,hypertension,1
61,146,103,94,38.1,,,0
65,167,65,104,37.7,chest pain|dizziness,asthma,1
32,167,75,61,39.2,dizziness,diabetes,1
81,151,99,108,39.3,dizziness,hypertension,1
48,157,69,94,37.8,breathlessness,diabetes|asthma,0
27,125,79,103,37.2,dizziness|breathlessness,,1
28,113,89,120,39.8,dizziness,,1
46,171,83,67,37.8,fever|breathlessness,,2
79,119,101,76,39.5,fever|chest pain,hypertension,1
41,111,86,123,37.2,,hypertension,2
68,190,63,72,38.7,dizziness|chest pain,,2
73,150,78,107,38.5,,diabetes,1
67,173,100,128,37.4,fever|dizziness,hypertension,2
22,155,92,138,37.0,,diabetes,2
39,158,101,90,37.3,dizziness,,0
65,190,89,136,39.8,breathlessness,asthma,2
37,187,82,137,36.5,,diabetes,2
40,142,72,81,39.1,,diabetes|asthma,1
64,160,63,86,36.1,,,0
18,150,89,94,37.1,chest pain|fever,hypertension,0
69,127,101,65,38.0,,,0
44,122,73,63,38.0,breathlessness|chest pain,,0
67,105,99,128,38.3,,diabetes|hypertension,2
90,131,73,67,38.8,,asthma|hypertension,1
44,172,68,118,36.3,fever,,2
53,101,94,124,37.9,,diabetes,2
49,107,109,84,37.6,breathlessness,diabetes,0
71,103,77,118,38.0,,hypertension|diabetes,1
42,106,98,78,39.2,chest pain,hypertension,1
18,183,74,136,39.4,dizziness,diabetes|asthma,2
38,190,91,112,38.9,fever,,2
68,134,88,132,38.6,dizziness|breathlessness,diabetes,2
30,188,92,69,38.5,,,2
24,149,88,85,36.4,fever|breathlessness,,0
54,181,90,95,37.8,breathlessness,hypertension|asthma,2
84,113,87,124,37.0,,hypertension|diabetes,2
80,149,64,108,37.2,breathlessness|dizziness,asthma|diabetes,1
70,133,104,115,39.3,,asthma,1
63,183,80,67,39.9,,,2
27,120,104,119,38.8,fever|dizziness,asthma|hypertension,1
40,173,105,62,37.1,breathlessness,asthma,2
81,119,68,79,39.4,chest pain,asthma|hypertension,1
46,109,95,79,36.7,fever|dizziness,hypertension,0
53,150,96,136,38.3,,hypertension|asthma,2
65,150,105,100,39.2,dizziness|breathlessness,,1
61,114,74,123,37.5,fever,,2
79,117,92,65,39.9,,,1
53,175,89,127,39.2,breathlessness|dizziness,diabetes|asthma,2
32,143,78,123,37.4,,diabetes,2
87,138,60,130,38.8,,asthma|hypertension,2
71,146,82,94,37.3,breathlessness,hypertension|asthma,0
24,170,96,138,36.2,,,2
59,130,77,81,39.2,dizziness,,1
49,110,98,95,39.5,fever|dizziness,diabetes,1
25,112,79,119,37.1,,,1
42,122,91,134,37.8,,,2
85,175,83,91,36.4,fever,hypertension|diabetes,2
38,168,100,131,37.9,,hypertension|diabetes,2
79,159,91,69,38.6,breathlessness,,1
33,115,95,133,36.4,,hypertension|asthma,2
50,163,71,106,38.4,dizziness|chest pain,diabetes,1
32,154,105,69,37.2,dizziness|fever,asthma,0
42,131,61,120,39.2,chest pain,,1
60,140,78,123,38.6,chest pain|fever,hypertension|diabetes,2
30,139,97,82,36.1,chest pain|dizziness,hypertension|diabetes,0
18,104,108,77,37.9,,,0
56,170,79,102,38.5,fever|chest pain,diabetes|asthma,1
40,150,103,78,37.6,,hypertension,0
20,119,66,117,38.1,,asthma|diabetes,1
45,137,97,64,39.6,dizziness,diabetes,1
88,128,96,66,37.7,chest pain,,0
39,140,66,135,37.8,fever|dizziness,asthma,2
43,156,71,63,36.8,fever,asthma|hypertension,0
82,149,108,75,37.0,dizziness,diabetes,0
29,160,91,60,38.4,,,0
33,146,83,110,37.9,fever|dizziness,hypertension|asthma,1
77,108,98,108,36.8,chest pain|dizziness,,1
88,181,68,120,36.2,,hypertension,2
57,159,79,111,37.6,fever|chest pain,,1
69,156,62,65,38.2,,,0
21,151,99,127,37.3,,asthma,2
52,143,73,112,39.8,chest pain,,1
37,189,99,110,37.2,fever|chest pain,hypertension|asthma,2
53,172,106,71,36.0,,hypertension|diabetes,2
41,169,92,71,36.9,breathlessness,,0
85,190,97,75,39.6,fever,hypertension|asthma,2
53,132,93,85,36.6,,diabetes|asthma,0
34,112,102,113,40.0,breathlessness,asthma,1
25,109,62,112,39.4,breathlessness|fever,,1
85,158,62,111,39.4,,,1
70,102,61,89,36.6,,,0
38,108,92,119,37.1,breathlessness|fever,,1
26,150,96,122,36.5,,asthma,2
21,173,96,120,36.3,breathlessness|chest pain,hypertension|asthma,2
66,103,73,89,38.0,chest pain,hypertension,0
33,108,105,104,38.9,fever|dizziness,asthma,1
19,156,95,114,38.2,chest pain|fever,,1
54,161,60,73,37.9,chest pain|breathlessness,diabetes,0
61,166,90,89,38.8,dizziness|breathlessness,asthma|hypertension,1
63,145,91,68,38.1,chest pain,diabetes,0
80,136,102,129,39.6,breathlessness,diabetes,2
39,182,106,89,38.4,dizziness,diabetes|asthma,2
33,105,109,97,37.6,,diabetes|hypertension,0
75,180,66,114,37.2,,hypertension,2
37,156,70,119,39.3,,diabetes,1
81,132,105,79,39.7,,diabetes,1
82,163,99,99,39.7,,asthma,1
40,174,85,120,39.8,,diabetes,2
40,105,105,94,38.2,dizziness,,0
32,156,64,75,36.1,,,0
64,114,85,105,37.3,,diabetes|hypertension,1
23,161,74,105,39.2,,asthma|hypertension,1
53,108,97,129,39.4,chest pain|breathlessness,,2
35,117,78,82,39.4,,asthma|diabetes,1
89,103,78,107,38.5,fever|breathlessness,asthma,1
63,170,84,104,39.6,chest pain,,1
34,149,70,129,36.8,breathlessness|dizziness,,2
23,176,89,72,37.5,,diabetes,2
62,119,108,121,36.2,dizziness,asthma,2
70,108,78,90,37.6,,diabetes|asthma,0
45,114,81,121,37.9,,diabetes,2
62,109,84,88,38.9,,hypertension|asthma,1
73,141,60,129,36.2,dizziness|breathlessness,asthma|diabetes,2
27,174,80,134,37.8,breathlessness,diabetes|asthma,2
79,175,108,81,38.2,,hypertension|diabetes,2
43,111,91,112,36.1,chest pain,asthma,1
33,128,87,106,37.1,breathlessness,,1
38,116,72,109,38.4,dizziness|fever,,1
74,149,100,137,38.2,breathlessness,asthma,2
38,119,108,125,37.9,dizziness|fever,hypertension,2
56,111,102,93,37.4,,asthma,0
41,104,104,123,39.1,chest pain|dizziness,hypertension,2
44,150,79,117,39.1,breathlessness|chest pain,hypertension,1
34,140,66,68,38.5,fever|breathlessness,hypertension|diabetes,0
78,128,73,125,37.0,chest pain|fever,hypertension,2
36,157,79,113,37.2,fever,diabetes|hypertension,1
81,189,90,123,39.2,breathlessness,diabetes|hypertension,2
30,139,70,119,36.9,breathlessness|chest pain,,1
30,113,72,71,36.2,,,0
25,181,66,98,37.7,dizziness|breathlessness,diabetes,2
25,125,80,88,36.2,,diabetes,0
35,174,109,116,36.0,,diabetes|hypertension,2
82,100,94,117,36.4,fever,diabetes|hypertension,1
47,115,90,94,39.6,fever,,1
36,147,108,108,39.9,,,1
81,113,68,94,38.3,,diabetes|asthma,0
82,109,88,78,39.5,fever,asthma|hypertension,1
78,148,104,99,39.6,chest pain|dizziness,hypertension,1
35,129,84,121,38.5,chest pain|fever,,2
68,122,105,73,36.9,,diabetes,0
55,177,71,95,36.7,fever|dizziness,hypertension|asthma,2
66,188,87,110,37.0,breathlessness|chest pain,hypertension|asthma,2
29,144,101,96,39.3,dizziness|breathlessness,diabetes,1
40,133,98,72,37.9,,asthma|diabetes,0
46,164,98,125,36.1,chest pain|dizziness,diabetes|asthma,2
44,117,80,121,37.0,,,2
26,108,78,79,37.3,,,0
36,131,104,111,38.2,breathlessness|fever,diabetes,1
73,134,66,76,36.4,,diabetes,0
58,130,94,137,37.2,,,2
86,108,92,72,37.6,,diabetes,0
55,171,92,101,37.7,,hypertension|asthma,2
87,100,73,92,37.6,chest pain|dizziness,asthma|diabetes,0
25,152,95,80,39.3,,,1
75,171,109,87,37.7,fever|dizziness,diabetes,2
51,168,88,83,39.4,breathlessness,diabetes|asthma,1
73,122,106,70,38.6,,diabetes|asthma,1
83,122,90,76,37.3,,,0
58,109,108,122,39.1,,hypertension|diabetes,2
60,182,81,87,39.6,chest pain,,2
62,158,96,137,36.4,,asthma|diabetes,2
88,152,109,73,38.1,breathlessness|dizziness,,0
80,188,106,99,37.5,dizziness|chest pain,asthma|diabetes,2
65,163,71,98,38.4,dizziness,diabetes|asthma,0
51,176,93,116,36.0,fever|chest pain,diabetes|asthma,2
22,149,91,74,36.0,chest pain|fever,hypertension,0
46,129,64,121,39.3,,asthma,2
49,139,81,130,39.3,fever|breathlessness,hypertension|asthma,2
66,155,95,124,36.0,chest pain,asthma|hypertension,2
84,150,108,74,39.0,,asthma|hypertension,1
18,109,85,138,39.0,chest pain,asthma|hypertension,2
75,158,61,97,38.3,chest pain,hypertension|diabetes,0
84,124,71,67,39.0,dizziness,asthma,1
55,177,101,73,38.4,,,2
67,162,75,115,37.3,breathlessness|fever,,1
28,173,89,115,38.9,,asthma,2
45,137,68,86,36.3,,hypertension|asthma,0
60,132,61,117,37.1,dizziness|breathlessness,diabetes|asthma,1
34,125,83,120,37.6,breathlessness|chest pain,,1
46,133,86,109,36.9,chest pain|breathlessness,,1
38,153,104,81,39.9,breathlessness|dizziness,asthma|hypertension,1
78,140,93,60,39.4,,asthma|hypertension,1
65,167,101,71,38.7,chest pain|breathlessness,asthma|hypertension,1
43,171,66,65,36.9,dizziness,asthma,2
34,120,71,93,38.1,fever|breathlessness,hypertension|diabetes,0
47,137,101,132,38.7,,diabetes,2
33,148,60,140,36.4,,hypertension|asthma,2
55,162,63,130,36.8,fever|chest pain,,2
34,163,65,106,37.7,chest pain,,1
68,183,97,116,37.7,,asthma|diabetes,2
85,188,66,105,38.0,breathlessness|fever,hypertension|diabetes,2
35,107,83,106,36.8,dizziness,,1
31,138,105,125,36.5,chest pain,,2
23,136,67,99,37.2,fever,hypertension,0
68,123,76,132,38.5,,,2
42,119,94,84,39.5,dizziness|chest pain,hypertension|asthma,1
18,155,67,78,39.5,dizziness|chest pain,,1
68,158,84,93,37.6,,,0
61,151,72,131,39.5,fever,asthma,2
60,133,106,82,37.9,dizziness,diabetes|hypertension,0
44,108,81,129,37.3,breathlessness|dizziness,diabetes|hypertension,2
36,174,63,86,36.5,,asthma|diabetes,2
76,132,66,88,36.1,,diabetes|asthma,0
55,154,110,74,39.3,dizziness|fever,hypertension|asthma,1
28,177,98,118,38.7,,hypertension,2
86,187,77,105,39.0,chest pain,hypertension,2
57,153,68,91,38.2,,asthma|diabetes,0
73,185,104,103,38.6,chest pain|fever,,2
71,134,108,61,39.1,,,1
81,158,99,77,38.6,,hypertension,1
60,125,68,73,40.0,dizziness,hypertension|diabetes,1
81,162,75,132,37.5,breathlessness,asthma|hypertension,2
84,177,92,75,38.6,chest pain,,2
89,171,100,67,36.3,,hypertension|diabetes,2
50,128,71,81,39.4,dizziness|chest pain,diabetes,1
80,169,63,88,36.7,breathlessness,asthma|diabetes,0
33,141,109,83,38.1,,asthma,0
23,124,103,122,38.3,fever,,2
29,185,107,119,38.3,,,2
79,127,88,74,36.3,,diabetes|hypertension,0
29,175,108,113,37.0,chest pain,,2
75,183,86,80,37.7,breathlessness|chest pain,hypertension|diabetes,2
66,114,71,118,38.7,,asthma|hypertension,1
58,105,83,75,37.5,chest pain,,0
47,112,72,83,37.3,,hypertension|diabetes,0
18,175,63,113,38.4,fever|dizziness,asthma,2
35,143,101,118,39.0,dizziness,asthma,1
24,114,92,114,37.9,chest pain|dizziness,,1
23,161,77,112,36.3,,hypertension,1
76,170,85,83,38.0,,diabetes|asthma,0
31,123,77,111,39.9,breathlessness,,1
68,115,67,88,38.1,,asthma|hypertension,0
81,143,102,71,37.4,,diabetes|asthma,0
85,134,81,121,39.6,,hypertension|asthma,2
27,115,103,81,36.6,,,0
63,141,68,78,39.5,dizziness|fever,hypertension,1
29,190,74,125,39.0,chest pain|dizziness,diabetes,2
80,128,60,136,39.9,dizziness|breathlessness,asthma|hypertension,2
71,115,82,90,38.9,breathlessness|chest pain,diabetes,1
72,102,88,67,38.1,,asthma,0
24,189,105,105,38.2,dizziness|fever,asthma|diabetes,2
20,141,105,85,39.6,breathlessness|dizziness,,1
29,104,69,106,37.6,fever,diabetes|asthma,1
77,169,79,76,40.0,,,1
33,139,79,119,39.2,,hypertension,1
78,124,72,135,38.9,fever|breathlessness,,2
32,122,79,125,38.9,dizziness,diabetes,2
87,146,97,105,37.5,fever|chest pain,,1
34,179,73,107,38.7,fever,,2
20,127,98,68,37.8,dizziness,asthma|hypertension,0
64,139,65,68,38.0,dizziness|breathlessness,asthma|diabetes,0
47,134,100,96,39.9,,asthma|diabetes,1
62,114,69,131,36.7,,,2
54,159,66,91,37.4,,asthma,0
48,172,107,128,39.1,chest pain,hypertension,2
58,118,108,106,36.3,chest pain,asthma|hypertension,1
48,158,73,139,37.9,fever|dizziness,diabetes|hypertension,2
87,164,97,116,39.5,,diabetes|hypertension,1
30,134,109,115,37.1,breathlessness,,1
86,137,78,61,36.6,breathlessness|dizziness,,0
43,155,100,80,38.7,fever,,1
35,135,88,81,37.4,breathlessness|fever,diabetes,0
80,184,74,88,37.0,chest pain|dizziness,hypertension|diabetes,2
47,159,64,92,39.4,dizziness|fever,diabetes,1
33,187,91,93,37.3,dizziness,asthma,2
71,136,84,74,37.1,dizziness,hypertension|asthma,0
30,128,110,138,37.9,chest pain|dizziness,hypertension,2
66,154,110,74,37.5,breathlessness,hypertension|asthma,0
77,110,88,81,39.5,chest pain,asthma|diabetes,1
73,128,109,125,36.1,breathlessness,,2
27,107,102,79,37.9,,hypertension|diabetes,0
75,141,107,110,37.3,,asthma|diabetes,1
45,135,101,72,39.1,breathlessness|chest pain,hypertension|asthma,1
35,131,64,124,38.5,,hypertension|asthma,2
71,188,74,123,39.2,,asthma,2
86,174,83,91,37.0,chest pain,,2
73,118,93,105,38.5,breathlessness|dizziness,hypertension,1
31,148,93,124,39.0,,asthma,2
80,147,105,84,39.8,dizziness,asthma|diabetes,1
77,130,103,124,36.1,fever,diabetes|hypertension,2
44,105,69,89,39.9,,hypertension|asthma,1
22,119,60,78,40.0,,,1
74,182,61,80,38.8,chest pain|breathlessness,hypertension|asthma,2
21,122,61,102,38.6,dizziness|fever,,1
80,163,98,81,38.7,chest pain,diabetes|hypertension,1
34,108,110,134,36.1,,hypertension,2
49,150,64,64,38.5,breathlessness|chest pain,,0
24,116,64,135,37.9,chest pain|breathlessness,,2
23,123,75,136,36.7,,hypertension,2
25,151,63,137,36.8,fever|breathlessness,,2
27,127,81,108,39.6,fever,diabetes|asthma,1
65,131,106,136,39.5,chest pain|breathlessness,hypertension|asthma,2
68,130,96,74,36.9,breathlessness,diabetes|hypertension,0
85,170,69,83,36.3,dizziness,,0
31,167,106,100,38.1,dizziness,asthma,0
23,149,87,101,37.0,,,1
33,146,108,74,39.9,dizziness|fever,,1
77,143,95,122,37.7,dizziness,,2
87,184,81,123,39.3,breathlessness|fever,,2
19,174,79,72,37.5,dizziness|breathlessness,diabetes|hypertension,2
35,122,97,77,39.4,dizziness|fever,,1
43,101,69,113,39.0,fever|dizziness,,1
64,170,79,74,39.1,,,1
40,161,108,127,36.0,,diabetes,2
60,190,76,119,39.5,,diabetes|asthma,2
62,132,68,122,37.2,chest pain|fever,diabetes,2
74,189,80,69,38.9,breathlessness,hypertension|diabetes,2
77,151,84,100,39.3,fever,,1
83,111,70,118,38.1,breathlessness|dizziness,diabetes,1
88,154,107,72,37.6,,asthma,0
34,143,98,96,36.4,breathlessness|fever,,0
52,187,83,85,37.4,dizziness|chest pain,asthma,2
55,145,87,69,39.5,breathlessness|fever,,1
18,161,62,92,36.9,chest pain|dizziness,asthma,0
75,180,106,138,39.7,chest pain|dizziness,,2
46,115,80,108,37.9,breathlessness|fever,diabetes,1
33,139,69,68,36.5,,asthma,0
40,169,106,123,39.2,breathlessness,,2
62,145,75,105,38.8,fever|breathlessness,asthma,1
56,151,104,76,36.9,,asthma,0
20,141,102,91,37.7,chest pain|fever,diabetes|hypertension,0
53,128,60,85,39.4,dizziness,diabetes|asthma,1
43,123,86,87,38.9,fever,,1
21,173,60,105,37.7,chest pain|fever,diabetes,2
89,189,91,138,37.6,,,2
56,122,90,111,39.9,fever,,1
24,176,89,131,38.9,fever|dizziness,,2
22,156,69,83,38.8,,,1
82,110,108,97,36.6,breathlessness|dizziness,,0
19,136,98,91,36.9,fever,asthma,0
55,116,91,132,36.7,,asthma|diabetes,2
49,136,109,99,38.6,,hypertension|diabetes,1
83,177,109,67,36.5,,asthma,2
78,155,81,109,36.4,,hypertension|diabetes,1
79,145,103,123,36.4,chest pain,,2
43,154,93,88,37.0,breathlessness,hypertension|diabetes,0
62,131,61,104,37.0,,hypertension|diabetes,1
64,174,81,61,37.0,,,2
44,155,88,106,38.2,dizziness|breathlessness,hypertension,1
86,132,78,100,37.3,dizziness|chest pain,diabetes|hypertension,0
49,105,61,98,39.1,,,1
37,179,89,90,38.1,,diabetes,2
21,107,76,67,39.3,breathlessness,asthma|diabetes,1
27,187,91,70,39.3,,,2
86,121,110,131,39.3,,diabetes,2
85,173,84,139,37.3,dizziness|fever,asthma,2
74,151,85,70,39.2,dizziness,asthma,1
35,174,92,124,38.1,,hypertension|diabetes,2
39,106,66,103,36.2,breathlessness,diabetes,1
66,168,66,118,39.4,breathlessness,hypertension,1
58,141,106,106,38.0,fever,diabetes|asthma,1
90,131,102,128,38.6,dizziness|breathlessness,diabetes|hypertension,2
28,186,97,138,39.2,,asthma|hypertension,2
27,119,88,68,37.9,,,0
50,164,88,108,37.0,breathlessness,,1
33,182,100,138,36.2,fever,,2
18,111,92,78,36.1,,diabetes,0
55,144,90,116,36.2,dizziness|breathlessness,diabetes,1
25,122,99,104,36.7,breathlessness,,1
74,189,82,87,38.0,fever,hypertension|diabetes,2
27,175,88,113,37.4,breathlessness|dizziness,diabetes,2
61,185,105,107,39.0,fever,,2
23,105,74,76,37.5,,hypertension,0
86,148,73,111,39.6,chest pain|dizziness,,1
84,112,104,90,37.8,,hypertension|diabetes,0
70,132,97,75,38.4,dizziness|fever,,0
86,129,74,115,39.2,breathlessness|fever,asthma|diabetes,1
84,174,69,121,38.5,fever,diabetes,2
69,148,109,124,38.4,dizziness,,2
23,174,99,81,39.9,breathlessness|fever,,2
88,135,85,137,38.5,dizziness,asthma,2
19,145,109,92,37.7,,,0
81,105,93,94,37.4,dizziness,,0
90,153,101,140,37.3,,,2
25,184,106,83,38.4,chest pain,diabetes,2
80,143,97,131,37.4,dizziness|breathlessness,asthma,2
63,163,77,94,37.6,chest pain|dizziness,asthma,0
61,149,89,93,37.8,breathlessness|fever,asthma|hypertension,0
40,187,65,62,39.1,breathlessness|fever,,2
66,174,71,106,39.9,dizziness|chest pain,diabetes|hypertension,2
63,132,79,130,37.1,dizziness,diabetes,2
80,157,66,71,39.6,dizziness,hypertension|diabetes,1
37,123,77,62,39.6,fever,,1
84,161,102,120,39.6,breathlessness,asthma|diabetes,1
62,173,61,81,36.9,breathlessness|chest pain,hypertension,2
48,110,103,86,36.3,,,0
48,107,81,111,39.2,fever|dizziness,asthma,1
67,183,90,89,36.2,fever,,2
79,187,105,105,39.6,breathlessness,diabetes,2
39,134,74,68,38.5,chest pain,asthma|diabetes,0
84,140,60,63,38.2,dizziness,diabetes|asthma,0
86,103,96,114,37.5,dizziness,,1
84,181,77,67,39.3,,hypertension|diabetes,2
58,118,106,121,36.2,breathlessness|dizziness,hypertension|asthma,2
19,174,103,126,39.6,dizziness|fever,hypertension|diabetes,2
25,111,88,104,38.6,,asthma,1
67,189,95,104,39.3,chest pain|breathlessness,asthma|hypertension,2
85,142,97,76,38.4,,,0
42,167,66,112,36.7,chest pain,,1
67,125,77,102,38.9,,,1
82,154,74,60,38.4,fever,asthma|hypertension,0
86,157,110,125,39.9,,asthma,2
62,157,81,128,37.2,chest pain|fever,diabetes|hypertension,2
84,139,74,97,39.6,fever|dizziness,,1
73,167,99,88,37.1,,asthma|hypertension,0
55,137,64,86,38.6,,hypertension,1
77,103,107,77,37.8,breathlessness|dizziness,,0
61,175,72,86,39.3,,diabetes|hypertension,2
33,108,89,107,36.5,,,1
21,144,70,138,40.0,,hypertension|asthma,2
25,105,89,111,36.2,dizziness|breathlessness,,1
47,183,72,134,37.5,fever|breathlessness,,2
44,159,101,84,38.1,chest pain|breathlessness,,0
75,131,78,84,39.4,breathlessness|fever,,1
68,108,78,62,36.4,breathlessness,,0
75,136,64,67,38.8,breathlessness,hypertension,1
86,158,110,132,39.8,breathlessness|fever,diabetes|asthma,2
57,134,90,64,36.1,,,0
58,110,61,120,38.8,,asthma,1
73,141,102,76,38.1,chest pain,diabetes|hypertension,0
66,145,68,104,36.9,dizziness,,1
46,127,77,131,39.4,breathlessness,hypertension,2
86,109,78,139,39.1,,,2
21,122,91,124,37.7,chest pain,hypertension|diabetes,2
72,180,109,102,38.7,chest pain|dizziness,asthma,2
78,179,105,115,36.6,chest pain|dizziness,hypertension|asthma,2
57,184,110,88,39.3,,asthma,2
45,150,80,61,37.1,,hypertension|asthma,0
90,158,83,106,39.8,dizziness,diabetes,1
84,122,76,71,39.2,fever|chest pain,hypertension|asthma,1
27,173,75,107,38.2,dizziness,asthma,2
53,179,66,124,36.6,chest pain,,2
52,164,73,69,38.6,fever|dizziness,hypertension,1
69,173,93,127,38.4,,,2
52,108,62,97,36.5,breathlessness|dizziness,asthma,0
44,179,62,103,38.7,chest pain,hypertension,2
71,137,108,90,36.3,chest pain,,0
37,153,94,90,36.4,,,0
89,126,71,64,39.1,fever,,1
47,183,75,87,38.7,,,2
57,107,60,114,36.5,,,1
74,161,88,72,36.6,,,0
29,127,93,140,37.5,,asthma,2
86,163,60,68,40.0,chest pain,hypertension|diabetes,1
64,123,97,74,38.6,dizziness,hypertension,1
48,158,83,126,36.2,,diabetes,2
31,110,92,104,39.2,,,1
57,162,75,79,39.4,breathlessness|fever,asthma,1
28,109,83,89,37.0,,asthma,0
39,102,62,121,38.2,fever|chest pain,hypertension,2
22,100,110,118,37.9,,asthma,1
71,102,84,101,37.6,,diabetes|asthma,1
62,177,93,66,39.6,,,2
58,100,93,67,39.1,chest pain|fever,asthma,1
20,135,95,116,37.4,fever,,1
36,180,68,102,39.1,,,2
52,144,97,69,37.4,dizziness|chest pain,asthma,0
86,189,101,132,37.1,dizziness|fever,asthma|hypertension,2
32,112,68,121,37.0,,asthma,2
42,163,90,86,39.6,fever|dizziness,,1
23,138,72,116,37.6,dizziness|chest pain,diabetes|asthma,1
48,133,84,135,37.8,,asthma|diabetes,2
19,114,103,91,37.5,,,0
70,119,64,117,38.1,dizziness,diabetes|asthma,1
74,139,60,103,38.4,,,1
57,184,95,65,37.7,,hypertension,2
81,180,71,132,38.6,,,2
36,101,87,71,38.4,dizziness,asthma|diabetes,0
87,133,63,130,36.4,,diabetes,2
68,171,91,121,37.2,breathlessness,,2
88,174,94,97,39.4,dizziness,hypertension|asthma,2
78,149,72,101,39.0,breathlessness,,1
33,119,108,104,36.8,dizziness,,1
76,116,94,87,36.6,chest pain,diabetes|hypertension,0
50,117,80,69,38.8,chest pain,diabetes,1
90,145,87,104,37.3,,,1
59,112,76,82,38.1,,diabetes|hypertension,0
27,159,88,80,37.0,chest pain,,0
59,149,63,123,36.7,,,2
36,169,98,110,38.7,fever,hypertension,1
86,171,64,70,37.5,,diabetes|asthma,2
71,131,83,123,38.3,,,2
35,102,80,104,36.1,,diabetes|asthma,1
89,120,74,79,38.0,,diabetes,0
37,166,60,140,37.0,,,2
76,157,71,132,39.4,dizziness|breathlessness,hypertension|asthma,2
52,103,100,136,38.5,,hypertension|asthma,2
24,148,82,98,37.4,breathlessness|fever,,0
69,141,77,75,36.6,breathlessness|chest pain,diabetes|asthma,0
60,125,93,110,38.1,breathlessness,,1
24,120,76,118,38.4,fever|dizziness,hypertension|asthma,1
47,105,103,76,37.7,fever,,0
29,138,86,62,38.4,fever,hypertension,0
49,100,103,124,39.6,,hypertension|diabetes,2
19,110,60,69,37.5,,hypertension|asthma,0
66,136,61,134,39.5,,diabetes,2
65,180,91,89,37.0,dizziness|fever,,2
19,162,87,63,36.5,fever|dizziness,hypertension,0
54,178,101,126,36.4,dizziness,asthma|hypertension,2
30,146,70,117,37.5,breathlessness,asthma|hypertension,1
33,109,100,81,38.6,breathlessness|fever,diabetes|hypertension,1
44,118,91,112,36.3,fever,asthma,1
57,160,103,86,36.5,,hypertension|diabetes,0
52,100,98,66,38.2,fever|breathlessness,,0
72,129,99,72,39.0,,,1
75,172,99,136,37.7,,,2
31,119,94,75,38.6,,asthma|diabetes,1
46,171,101,108,36.6,,diabetes,2
31,108,74,97,38.5,breathlessness,asthma,0
71,153,79,134,38.7,fever,asthma|diabetes,2
52,106,108,137,38.6,,,2
51,120,80,70,37.5,chest pain|breathlessness,diabetes|hypertension,0
61,125,108,119,39.2,breathlessness|fever,hypertension,1
31,148,102,122,39.0,fever|chest pain,,2
45,183,63,114,38.7,,hypertension|asthma,2
56,141,97,121,38.9,,asthma|hypertension,2
21,155,77,68,37.0,,asthma,0
25,132,65,73,38.1,breathlessness,diabetes,0
83,169,107,132,38.0,fever|dizziness,hypertension,2
40,169,105,123,37.0,dizziness|breathlessness,asthma,2
40,132,66,100,39.8,fever,asthma,1
52,146,90,111,36.7,breathlessness,asthma,1
85,106,68,119,37.2,dizziness|fever,,1
56,187,89,121,36.4,chest pain|breathlessness,diabetes|asthma,2
41,147,63,109,37.4,,diabetes|hypertension,1
63,112,91,84,38.3,chest pain|dizziness,asthma|diabetes,0
56,176,105,60,37.1,,,2
56,177,87,123,39.3,fever,hypertension|asthma,2
58,153,104,85,39.9,fever|chest pain,hypertension|asthma,1
41,140,79,117,38.0,breathlessness,,1
66,154,94,72,39.7,fever,hypertension,1
69,177,64,107,36.9,dizziness|chest pain,,2
57,109,103,131,37.1,chest pain,diabetes,2
79,142,65,83,38.3,,hypertension|asthma,0
60,165,101,70,37.0,chest pain,asthma|diabetes,0
31,148,77,121,38.4,,hypertension,2
22,102,86,96,39.3,,asthma|hypertension,1
57,188,82,63,36.5,fever,hypertension|asthma,2
38,113,63,113,38.3,breathlessness,asthma,1
54,151,68,136,37.1,fever|breathlessness,diabetes,2
57,138,73,82,38.1,,,0
88,184,100,118,37.8,chest pain,diabetes|asthma,2
53,106,63,115,38.0,chest pain,hypertension,1
89,123,106,79,37.5,,diabetes,0
78,166,69,74,36.7,,,0
35,185,99,89,37.1,,asthma,2
55,178,90,87,39.7,chest pain,asthma|diabetes,2
86,129,83,134,39.1,chest pain,,2
82,111,97,89,38.7,fever,,1
63,108,80,68,38.7,chest pain,,1
33,184,108,95,36.3,breathlessness,,2
84,133,68,130,38.5,breathlessness,,2
60,166,91,67,36.6,chest pain|breathlessness,,0
66,176,69,106,36.3,,,2
24,160,80,116,37.9,fever,,1
62,130,105,103,39.2,fever,diabetes,1
57,111,108,63,38.3,breathlessness|chest pain,,0
53,109,82,131,37.7,fever,,2
61,113,73,68,38.1,chest pain|fever,asthma|hypertension,0
36,121,99,100,39.4,chest pain,,1
59,132,63,117,37.5,fever|dizziness,diabetes|hypertension,1
68,179,67,65,37.2,,,2
71,167,73,66,38.8,chest pain|dizziness,,1
77,137,86,82,37.4,,diabetes|hypertension,0
65,186,102,132,38.9,dizziness|fever,asthma|hypertension,2
36,174,66,91,37.7,fever|dizziness,asthma,2
88,188,86,130,36.5,breathlessness|fever,hypertension|diabetes,2
49,157,67,109,36.1,fever,diabetes|asthma,1
48,176,60,103,37.4,fever,,2
24,110,97,75,38.0,chest pain|breathlessness,,0
32,174,89,105,37.4,chest pain|dizziness,,2
83,162,93,64,37.9,dizziness|breathlessness,hypertension|diabetes,0
43,173,105,91,37.3,,,2
61,112,65,130,39.0,dizziness|fever,,2
70,175,92,122,37.6,fever,,2
52,189,62,101,36.3,,hypertension,2
19,116,90,96,36.6,chest pain,asthma|hypertension,0
70,112,71,120,37.5,,hypertension|diabetes,1
52,129,74,114,38.7,breathlessness,asthma|diabetes,1
65,107,98,107,36.9,chest pain|fever,,1
44,100,74,128,40.0,,asthma,2
35,104,79,70,38.4,chest pain|breathlessness,,0
59,105,87,79,38.9,dizziness,diabetes|hypertension,1
39,165,92,107,36.5,fever,hypertension,1
84,129,68,83,36.0,breathlessness|fever,,0
41,126,81,140,38.1,dizziness|chest pain,hypertension,2
82,189,74,98,37.5,fever|chest pain,hypertension|asthma,2
34,177,76,136,37.9,fever|breathlessness,hypertension|diabetes,2
44,142,70,126,36.3,fever,,2
66,141,76,111,37.4,chest pain,hypertension,1
46,134,61,75,39.5,breathlessness,hypertension|asthma,1
34,179,92,125,39.1,,diabetes,2
41,115,91,99,38.1,,diabetes,0
57,105,65,137,39.3,breathlessness|chest pain,,2
76,100,97,98,37.0,,diabetes|hypertension,0
38,140,82,94,37.8,,,0
45,116,98,112,36.3,,diabetes|asthma,1
36,101,65,104,37.6,dizziness|fever,diabetes,1
83,175,100,124,38.8,,,2
60,127,78,70,36.3,breathlessness|dizziness,asthma,0
75,169,61,108,36.5,chest pain,diabetes|hypertension,1
73,141,103,120,39.0,breathlessness|fever,diabetes,1
36,169,66,132,39.6,chest pain,diabetes,2
66,115,70,67,38.6,dizziness,diabetes,1
49,109,77,96,38.3,,,0
78,118,76,70,37.8,dizziness|breathlessness,asthma,0
46,160,103,65,38.4,,,0
46,141,73,125,38.3,,diabetes|hypertension,2
32,116,110,81,39.1,dizziness|fever,,1
55,187,106,107,39.8,fever,,2
36,178,90,65,36.8,,diabetes|asthma,2
28,106,96,106,39.2,chest pain|dizziness,hypertension|diabetes,1
69,121,100,87,38.0,dizziness,,0
20,171,81,127,37.9,,asthma|hypertension,2
72,148,87,75,37.0,chest pain|fever,hypertension|diabetes,0
21,176,66,117,38.4,,asthma|hypertension,2
42,183,73,106,39.0,,asthma|hypertension,2
31,136,102,123,38.5,fever,,2
73,176,70,70,39.4,breathlessness|dizziness,,2
65,130,99,62,37.1,breathlessness,,0
89,167,74,132,38.2,chest pain,asthma,2
21,115,95,113,37.4,,,1
90,130,78,68,37.9,,,0
57,183,70,108,37.5,dizziness,,2
81,123,81,97,37.9,breathlessness|fever,asthma|diabetes,0
29,131,100,63,36.3,,diabetes,0
26,162,63,80,39.2,,,1
82,116,99,119,38.1,dizziness|fever,asthma,1
24,188,68,108,37.5,dizziness|fever,asthma,2
80,147,96,109,40.0,fever|dizziness,asthma,1
59,140,74,90,36.5,chest pain|fever,asthma|diabetes,0
61,101,87,115,38.2,chest pain,asthma|hypertension,1
23,119,99,67,39.8,,diabetes|asthma,1
21,171,60,114,36.2,dizziness|breathlessness,,2
26,151,84,91,39.8,fever,,1
74,114,98,67,39.1,dizziness|breathlessness,hypertension|diabetes,1
32,150,74,88,39.8,breathlessness|chest pain,diabetes|asthma,1
34,161,82,124,38.8,dizziness,diabetes,2
66,107,98,75,36.7,fever|chest pain,hypertension,0
90,185,74,82,37.9,chest pain,asthma|diabetes,2
23,101,102,69,36.7,dizziness|fever,hypertension,0
54,103,93,124,39.4,,,2
54,117,85,71,37.5,,hypertension,0
64,185,65,85,37.9,fever,,2
60,153,80,62,36.7,,,0
83,167,68,124,38.1,,asthma,2
54,184,104,125,36.6,fever|dizziness,hypertension|asthma,2
79,173,80,104,37.4,,diabetes,2
44,118,105,92,39.3,breathlessness|chest pain,diabetes,1
85,173,104,122,36.0,breathlessness,diabetes,2
41,130,80,95,37.8,,asthma,0
65,111,61,135,38.5,,,2
20,178,78,137,36.8,breathlessness|dizziness,asthma,2
53,110,86,132,36.7,breathlessness,asthma|diabetes,2
67,134,61,105,38.5,,hypertension,1
47,163,86,69,39.0,,asthma|diabetes,1
27,118,62,71,36.4,dizziness|fever,asthma,0
66,119,97,136,36.4,chest pain,diabetes,2
71,173,108,88,37.0,,asthma|diabetes,2
22,113,73,62,36.1,chest pain|breathlessness,,0
87,179,93,80,39.3,chest pain,diabetes,2
29,138,78,79,38.4,,,0
37,105,86,75,39.0,breathlessness|fever,hypertension|asthma,1
28,182,87,67,36.0,breathlessness|chest pain,,2
54,177,96,107,39.8,chest pain,hypertension|diabetes,2
25,159,110,115,36.6,dizziness,asthma,1
75,176,62,110,36.8,chest pain,asthma|diabetes,2
31,188,82,139,38.0,,hypertension,2
21,159,100,74,38.0,chest pain|breathlessness,hypertension|diabetes,0
37,137,84,98,38.7,dizziness,,1
41,116,81,81,36.8,dizziness,,0
27,159,89,132,37.0,dizziness|fever,hypertension,2
35,172,93,95,38.7,,,2
44,165,92,139,39.1,,asthma,2
77,145,80,105,38.5,breathlessness|chest pain,hypertension|diabetes,1
77,182,61,129,38.2,,asthma,2
78,171,76,102,39.3,breathlessness,,2
49,114,88,66,39.6,,diabetes,1
39,107,96,84,38.7,breathlessness,asthma|hypertension,1
46,170,105,70,38.5,breathlessness|dizziness,asthma,0
88,107,78,70,36.2,chest pain,diabetes,0
66,178,89,122,37.5,chest pain,,2
32,127,91,61,36.9,,hypertension|diabetes,0
71,125,101,116,36.4,fever,,1
68,144,69,87,36.3,dizziness|chest pain,,0
75,127,107,129,36.7,chest pain,,2
80,118,98,118,37.5,breathlessness,,1
83,173,82,127,36.9,dizziness|fever,hypertension|diabetes,2
42,133,74,77,37.1,dizziness,hypertension,0
45,132,70,137,38.3,dizziness|fever,,2
48,170,105,120,38.9,dizziness|chest pain,,1
75,169,77,74,37.2,,,0
89,115,86,89,37.7,dizziness|fever,asthma,0
44,175,85,124,38.9,breathlessness,,2
78,132,94,102,38.3,,,1
57,125,86,80,38.7,dizziness,,1
49,116,70,119,38.1,fever,,1
21,132,82,119,36.3,chest pain,hypertension|diabetes,1
44,163,107,88,38.5,,asthma|hypertension,0
30,158,83,133,39.6,breathlessness|fever,hypertension|diabetes,2
61,184,64,109,38.4,,diabetes,2
53,127,83,66,37.7,fever|breathlessness,hypertension|asthma,0
59,130,95,83,37.8,chest pain,asthma,0
66,151,70,115,36.5,chest pain|fever,hypertension|asthma,1
62,171,89,83,38.1,,asthma|hypertension,2
71,180,79,103,39.6,,diabetes|asthma,2
32,180,67,98,37.9,dizziness,hypertension|asthma,2
35,113,102,74,38.9,,,1
71,123,110,91,36.0,breathlessness|chest pain,diabetes,0
79,187,73,84,39.3,chest pain,diabetes,2
30,158,82,134,36.2,chest pain|fever,hypertension|asthma,2
70,184,92,76,36.2,chest pain|breathlessness,diabetes|asthma,2
78,121,84,82,36.4,chest pain,,0
65,182,108,110,38.4,chest pain,,2
74,159,101,74,39.5,fever,diabetes,1
31,160,65,124,36.1,breathlessness|chest pain,asthma|diabetes,2
89,133,106,106,37.6,,asthma|diabetes,1
86,101,74,124,37.7,chest pain|breathlessness,,2
19,186,94,110,37.1,,,2
62,130,78,85,38.5,chest pain|fever,diabetes,0
52,110,72,91,38.2,,,0
28,185,101,136,36.6,breathlessness,diabetes|asthma,2
44,144,96,108,37.5,fever|dizziness,diabetes|asthma,1
32,104,65,135,36.9,,hypertension|asthma,2
71,144,69,97,39.1,,asthma|diabetes,1
55,142,77,135,36.4,chest pain,hypertension|asthma,2
27,167,109,73,39.8,breathlessness|chest pain,,1
82,145,96,78,38.4,,,0
56,156,92,136,36.5,dizziness,asthma|diabetes,2
75,141,104,90,39.2,breathlessness|dizziness,,1
49,174,73,74,38.5,fever|breathlessness,diabetes,2
18,138,67,63,36.4,dizziness,,0
61,165,60,78,38.1,,diabetes|asthma,0
87,109,109,101,37.9,,,1
28,149,60,89,39.0,breathlessness|dizziness,diabetes|asthma,1
23,184,63,139,37.9,breathlessness,diabetes,2
35,108,101,131,38.6,dizziness|chest pain,diabetes,2
42,150,93,121,37.4,breathlessness,hypertension,2
50,150,98,110,38.1,breathlessness,,1
87,160,95,62,39.2,breathlessness|dizziness,hypertension|asthma,1
28,156,97,61,36.0,fever,asthma,0
86,152,68,61,36.9,dizziness,hypertension,0
35,168,79,106,37.3,chest pain|dizziness,,1
82,112,106,73,38.4,fever,asthma,0
33,111,65,89,37.1,breathlessness,diabetes,0
52,168,97,105,39.6,chest pain,,1
90,174,71,71,37.1,breathlessness|dizziness,,2
52,100,88,111,38.6,chest pain|breathlessness,,1
22,179,94,120,36.5,breathlessness,diabetes|asthma,2
83,119,99,76,38.4,breathlessness|dizziness,asthma,0
52,126,102,91,39.8,,,1
22,153,108,78,38.3,breathlessness,hypertension,0
65,170,73,137,38.5,breathlessness|fever,hypertension,2
48,115,73,121,36.6,,diabetes,2
25,154,110,118,36.5,,,1
51,148,64,118,37.0,chest pain|dizziness,,1
55,106,110,61,36.4,fever|dizziness,,0
47,104,67,106,38.7,dizziness,asthma,1
29,167,106,134,39.9,fever|chest pain,diabetes|asthma,2
51,190,75,138,39.3,breathlessness,asthma|diabetes,2
20,116,95,91,36.1,,asthma,0
73,147,67,106,37.3,,,1
56,132,103,101,38.6,breathlessness|chest pain,diabetes,1
82,167,72,91,39.7,fever,asthma,1
54,180,69,134,38.0,fever,hypertension,2
49,145,75,63,36.3,,asthma,0
77,113,77,105,39.3,chest pain,,1
34,153,76,61,36.2,chest pain,hypertension|asthma,0
86,133,71,91,36.6,dizziness,hypertension,0
73,152,64,81,39.8,dizziness,diabetes|hypertension,1
83,120,104,135,39.9,,hypertension,2
61,102,72,96,37.9,,,0
30,121,66,81,36.9,chest pain|dizziness,diabetes|hypertension,0
71,179,83,87,38.7,,,2
80,107,90,73,39.9,dizziness|chest pain,,1
89,129,79,129,39.4,,,2
62,174,62,102,38.5,,asthma,2
37,180,66,131,36.3,breathlessness,asthma|hypertension,2
36,114,89,66,38.6,dizziness|fever,hypertension|diabetes,1
45,123,68,138,36.3,breathlessness,hypertension,2
22,188,102,104,37.1,,asthma|diabetes,2
35,163,91,140,37.8,breathlessness|dizziness,diabetes|asthma,2
55,179,81,123,39.4,fever|breathlessness,,2
42,117,79,137,37.4,dizziness|fever,asthma,2
69,131,88,79,40.0,chest pain|fever,hypertension|asthma,1
81,146,86,102,39.4,,asthma|hypertension,1
52,178,86,88,37.1,dizziness,diabetes|asthma,2
60,163,96,111,38.0,fever|breathlessness,,1
52,122,71,123,40.0,fever,diabetes,2
89,142,76,139,37.8,breathlessness|dizziness,asthma|diabetes,2
86,117,96,65,37.2,,,0
32,168,67,88,38.8,chest pain|fever,asthma|hypertension,1
43,180,81,124,38.1,,diabetes,2
27,151,96,120,38.8,fever|chest pain,asthma,1
42,125,102,77,36.4,,asthma,0
30,117,80,119,39.3,chest pain,hypertension,1
38,119,73,71,39.2,,,1
88,130,109,135,39.1,chest pain|fever,,2
56,155,107,64,39.9,fever,diabetes,1
76,184,95,87,39.5,dizziness,asthma|diabetes,2
45,102,103,111,36.9,chest pain|breathlessness,hypertension,1
48,187,110,69,36.9,fever|dizziness,diabetes,2
68,145,83,132,37.2,fever,asthma,2
70,120,100,104,37.7,,,1
67,187,75,128,37.1,,,2
21,101,103,118,37.5,breathlessness,diabetes|hypertension,1
26,100,61,138,37.8,chest pain,,2
29,108,67,137,37.5,fever|dizziness,hypertension,2
42,130,106,118,38.6,,diabetes|hypertension,1
66,115,79,105,38.1,,diabetes,1
65,121,81,90,39.6,,hypertension|diabetes,1
53,143,62,95,39.6,fever,,1
88,155,98,114,39.9,dizziness|chest pain,,1
80,128,62,69,38.6,,,1
41,148,70,95,39.3,chest pain,asthma,1
62,177,103,70,37.3,,,2
89,145,90,125,37.6,dizziness|breathlessness,diabetes,2
19,139,93,121,37.5,,,2
76,162,86,64,39.8,fever|breathlessness,diabetes|asthma,1
36,186,106,98,38.5,breathlessness,hypertension|asthma,2
29,121,65,109,36.5,chest pain|breathlessness,asthma|hypertension,1
60,118,69,116,39.5,breathlessness,hypertension|asthma,1
74,108,74,139,38.6,,asthma|hypertension,2
62,157,61,78,36.4,fever,hypertension|asthma,0
70,178,66,67,37.9,,,2
52,123,96,74,38.9,fever|dizziness,diabetes,1
74,169,60,110,38.1,,asthma,1
71,147,105,80,38.2,,asthma,0
69,173,86,123,38.3,breathlessness,diabetes|hypertension,2
28,108,101,119,37.2,,diabetes,1
49,131,78,129,36.0,fever|breathlessness,,2
90,182,106,79,36.3,fever,,2
18,135,89,91,36.1,chest pain,asthma,0
68,111,102,63,39.4,dizziness|chest pain,hypertension|diabetes,1
67,177,96,67,39.2,chest pain|fever,,2
74,118,95,85,37.6,chest pain,asthma,0
24,119,109,136,37.3,chest pain,,2
24,143,98,138,36.5,chest pain|breathlessness,,2
39,155,110,132,36.1,,,2
78,100,108,119,38.4,fever|dizziness,diabetes,1
88,149,105,140,37.8,,asthma|diabetes,2
19,100,74,83,39.5,fever,asthma|hypertension,1
66,111,94,94,38.1,,,0
36,126,102,134,36.2,fever|chest pain,hypertension,2
47,123,60,74,38.7,,,1
29,136,97,69,36.3,breathlessness|fever,,0
69,161,110,94,39.6,dizziness|fever,diabetes|hypertension,1
39,139,72,134,36.9,,diabetes|hypertension,2
19,146,70,81,39.6,,diabetes|hypertension,1
19,180,108,78,36.3,fever|chest pain,hypertension|asthma,2
89,130,110,86,38.4,dizziness|breathlessness,,0
23,141,83,135,38.9,dizziness,hypertension,2
53,121,107,132,38.3,,,2
33,187,104,79,38.1,breathlessness|dizziness,hypertension|asthma,2
69,167,81,135,37.2,breathlessness,asthma,2
88,111,81,123,39.5,,asthma|diabetes,2
80,168,93,106,36.2,breathlessness|dizziness,asthma,1
44,111,99,65,36.4,,,0
87,187,108,107,39.9,,diabetes|hypertension,2
49,166,97,98,37.1,dizziness,,0
69,140,108,91,39.9,chest pain|fever,hypertension,1
39,145,83,128,36.0,,diabetes,2
31,121,81,62,37.9,dizziness,asthma|hypertension,0
73,101,95,92,38.5,breathlessness,,0
22,132,66,74,38.0,dizziness,asthma|diabetes,0
35,153,71,64,38.2,dizziness,diabetes|hypertension,0
82,133,110,80,39.9,fever|chest pain,,1
56,127,68,135,37.5,fever|chest pain,,2
70,144,80,133,36.0,breathlessness|dizziness,hypertension,2
90,154,61,68,37.8,dizziness,,0
32,127,80,124,37.4,fever,hypertension,2
19,145,91,125,37.6,,,2
83,190,99,135,37.2,,hypertension|asthma,2
88,102,101,80,38.8,fever,,1
73,186,109,76,39.0,,diabetes|hypertension,2
50,172,107,122,37.8,,,2
59,160,71,89,38.4,breathlessness,asthma|hypertension,0
39,175,102,72,39.5,breathlessness,asthma,2
36,173,60,137,40.0,fever|breathlessness,asthma|hypertension,2
24,180,80,131,37.4,,diabetes,2
25,155,73,80,39.9,chest pain|dizziness,,1
59,139,100,103,39.8,dizziness|breathlessness,,1
44,177,93,132,39.8,breathlessness|fever,hypertension|diabetes,2
72,135,78,76,38.0,,asthma,0
28,131,81,119,38.9,dizziness,asthma,1
52,147,71,103,39.5,,asthma|hypertension,1
33,110,64,76,38.1,fever,hypertension,0
24,125,61,140,37.5,breathlessness|fever,,2
79,102,87,68,38.2,fever|dizziness,hypertension|diabetes,0
60,103,89,97,38.8,breathlessness|fever,,1
86,171,102,116,38.8,fever,,2
26,187,80,137,37.5,,asthma,2
49,184,61,138,39.9,breathlessness,hypertension,2
76,158,94,65,37.1,fever|dizziness,diabetes|hypertension,0
68,185,85,70,39.2,chest pain,,2
55,125,93,133,39.0,dizziness|chest pain,hypertension|diabetes,2
18,151,81,110,36.8,,diabetes,1
87,135,95,112,37.8,,asthma,1
84,104,102,109,36.4,breathlessness|fever,asthma|hypertension,1
59,121,73,110,39.6,breathlessness,,1
75,129,103,121,39.4,fever,hypertension,2
59,179,68,110,36.9,,,2
55,106,68,115,38.7,dizziness,diabetes,1
46,158,101,134,36.4,chest pain|breathlessness,,2
68,180,97,77,39.4,breathlessness|fever,diabetes|asthma,2
69,140,86,132,39.8,,diabetes|hypertension,2
26,169,88,110,37.1,,asthma,1
73,115,103,89,39.8,fever|breathlessness,hypertension|diabetes,1
76,158,109,122,37.5,,diabetes,2
57,104,79,119,37.4,fever,diabetes|hypertension,1
50,111,81,135,36.7,dizziness|breathlessness,diabetes|hypertension,2
78,116,73,140,37.2,breathlessness|fever,asthma,2
90,111,102,131,36.7,,diabetes|hypertension,2
32,115,102,77,36.8,breathlessness|fever,asthma|hypertension,0
47,178,66,74,39.9,breathlessness,,2
86,160,85,108,39.9,breathlessness|chest pain,hypertension|asthma,1
82,170,73,91,38.5,dizziness,hypertension|asthma,0
42,156,61,105,37.4,chest pain|fever,,1
82,186,69,90,38.3,,,2
67,183,82,119,38.6,dizziness|chest pain,hypertension|asthma,2
28,125,72,65,38.6,dizziness|breathlessness,asthma|hypertension,1
22,141,98,82,39.1,chest pain|fever,diabetes,1
44,121,74,130,36.0,chest pain|breathlessness,hypertension|diabetes,2
69,119,77,74,37.0,,,0
53,168,102,131,39.1,dizziness|chest pain,,2
53,104,63,86,37.1,dizziness|breathlessness,diabetes,0
43,150,89,74,39.4,fever,asthma,1
71,103,65,128,36.8,,hypertension|diabetes,2
20,132,71,126,37.9,fever,asthma|hypertension,2
57,176,101,127,37.4,dizziness,,2
50,172,61,134,36.8,dizziness|breathlessness,asthma|hypertension,2
45,101,99,140,38.5,,,2
59,118,102,136,36.8,,diabetes|hypertension,2
66,164,74,78,36.5,breathlessness,,0
49,113,101,60,38.0,,diabetes,0
68,163,70,90,36.6,breathlessness,hypertension,0
88,184,94,82,37.5,,hypertension|diabetes,2
28,120,81,94,39.6,breathlessness|chest pain,diabetes,1
32,127,90,77,39.5,chest pain,asthma,1
21,142,107,70,37.8,,,0
52,129,106,116,40.0,,diabetes,1
87,185,102,68,37.1,breathlessness,asthma|hypertension,2
33,115,102,100,39.6,,hypertension,1
49,140,76,133,38.5,fever|dizziness,asthma|diabetes,2
60,169,98,86,38.6,,hypertension,1
58,109,105,78,39.6,,,1
26,145,93,80,37.0,breathlessness,,0
51,103,70,120,37.5,fever|dizziness,diabetes|asthma,1
77,124,102,64,39.3,breathlessness|chest pain,,1
44,135,72,67,37.3,fever|dizziness,hypertension,0
24,128,66,117,37.1,fever,hypertension|diabetes,1
23,147,84,85,38.6,chest pain|breathlessness,diabetes,1
27,107,87,69,36.1,breathlessness,,0
56,186,105,63,38.4,,,2
71,188,74,65,36.4,,,2
83,129,90,76,38.2,,,0
26,175,88,127,37.6,,,2
32,128,85,77,36.2,breathlessness|fever,diabetes|asthma,0
46,177,100,122,39.8,breathlessness,diabetes,2
75,165,97,80,37.4,,diabetes,0
70,145,86,62,36.9,dizziness,diabetes,0
30,169,103,92,39.1,,asthma|diabetes,1
68,175,90,88,38.2,breathlessness,,2
79,136,68,75,37.8,breathlessness|dizziness,,0
75,158,92,91,37.4,fever|dizziness,,0
25,149,87,94,39.2,dizziness|fever,diabetes,1
90,172,99,98,37.9,,diabetes,2
22,167,110,135,36.3,dizziness,asthma|diabetes,2
85,165,97,60,36.3,breathlessness,hypertension,0
44,124,84,129,38.0,fever|dizziness,diabetes|hypertension,2
27,151,99,104,37.9,,asthma|hypertension,1
46,114,77,129,37.9,,diabetes,2
53,154,69,69,37.3,fever,hypertension|diabetes,0
36,146,67,108,38.5,chest pain|fever,,1
74,138,70,129,36.7,,asthma|hypertension,2
72,113,67,127,38.9,,,2
70,121,90,110,36.3,dizziness,asthma|diabetes,1
57,112,80,60,38.1,,,0
78,128,66,133,36.7,,,2
76,142,98,98,38.9,dizziness|chest pain,,1
43,121,74,113,39.3,,,1
90,107,106,107,38.4,dizziness|breathlessness,,1
77,185,103,111,39.2,dizziness,diabetes,2
44,146,99,83,38.7,dizziness|chest pain,hypertension|asthma,1
52,178,60,88,39.0,breathlessness|chest pain,,2
47,131,102,61,36.0,breathlessness,diabetes,0
29,165,91,122,39.0,chest pain|dizziness,hypertension|asthma,2
44,128,60,67,36.7,,hypertension,0
33,140,76,105,39.6,fever,hypertension,1
85,115,100,115,37.6,,,1
75,126,73,139,38.7,fever,diabetes,2
88,167,97,101,39.5,fever,hypertension,1
61,160,65,127,38.7,breathlessness|chest pain,,2
77,157,104,69,38.1,dizziness,hypertension,0
20,112,103,125,37.2,,diabetes,2
73,146,73,114,40.0,,diabetes|asthma,1
59,162,85,61,36.9,,,0
74,125,90,136,37.6,,hypertension,2
64,130,105,61,36.1,,diabetes|hypertension,0
64,153,104,140,38.5,fever|chest pain,asthma,2
65,101,108,65,36.4,breathlessness,hypertension|asthma,0
39,171,78,74,36.2,chest pain|dizziness,asthma|diabetes,2
71,168,77,107,37.0,fever|chest pain,asthma,1
75,156,66,134,37.4,,diabetes,2
43,102,89,80,39.7,,asthma|diabetes,1
18,187,94,96,37.6,fever|dizziness,,2
87,113,98,74,38.1,,hypertension,0
29,118,96,139,37.0,chest pain|breathlessness,,2
44,168,83,75,38.8,dizziness|chest pain,hypertension|diabetes,1
87,144,79,125,37.0,,hypertension|asthma,2
81,177,108,100,38.1,dizziness,diabetes,2
41,165,64,116,36.8,,diabetes,1
20,153,93,105,39.3,,,1
43,172,73,106,37.7,fever,,2
69,124,76,135,38.8,,diabetes,2
45,179,91,90,36.4,breathlessness,diabetes,2
21,121,89,139,38.8,breathlessness,diabetes|hypertension,2
77,183,76,71,37.5,breathlessness,,2
64,189,98,76,37.1,,diabetes|asthma,2
21,120,70,88,36.8,fever|chest pain,,0
85,175,71,117,36.3,breathlessness,,2
24,130,83,137,38.7,,diabetes|asthma,2
62,148,107,66,37.1,chest pain,hypertension|diabetes,0
71,131,82,123,36.4,,asthma,2
75,183,108,81,38.1,,hypertension|asthma,2
29,180,85,118,39.9,chest pain,,2
72,104,62,105,37.9,dizziness,,1
38,101,85,76,38.7,breathlessness|dizziness,,1
64,153,69,110,38.2,,hypertension,1
72,181,109,108,39.8,chest pain,asthma,2
63,188,110,129,39.8,fever|breathlessness,diabetes,2
19,189,63,125,37.3,dizziness|fever,asthma,2
81,155,75,124,37.9,,,2
88,177,85,75,36.3,,asthma|hypertension,2
23,150,103,62,38.8,fever,asthma,1
84,185,74,112,39.1,chest pain,asthma|diabetes,2
25,153,81,94,37.6,,diabetes,0
29,133,84,67,38.7,,diabetes,1
87,141,64,132,37.9,,diabetes,2
40,160,98,106,37.2,chest pain|breathlessness,,1
46,168,70,131,37.3,chest pain,,2
36,124,83,111,36.9,dizziness|chest pain,,1
69,186,73,131,37.7,chest pain|dizziness,diabetes|hypertension,2
34,108,94,122,39.6,chest pain,hypertension|diabetes,2
43,188,95,99,39.0,,diabetes,2
68,187,80,88,36.8,,asthma|hypertension,2
27,173,101,130,39.0,dizziness|fever,,2
70,107,91,101,38.7,,asthma|diabetes,1
70,163,91,135,38.3,,asthma|diabetes,2
26,110,73,84,36.4,,,0
37,119,82,64,39.4,,hypertension,1
58,176,63,82,37.0,chest pain|fever,,2
82,122,70,107,38.2,,,1
78,134,103,81,37.5,fever,diabetes,0
26,140,82,128,37.6,,,2
20,139,95,91,39.0,chest pain|breathlessness,asthma,1
47,160,81,96,39.2,,diabetes|asthma,1
63,133,107,96,39.5,,diabetes|asthma,1
29,114,84,137,38.3,breathlessness,asthma|hypertension,2
34,167,73,133,37.6,chest pain,hypertension|diabetes,2
87,104,98,134,37.7,,,2
63,111,78,134,39.1,breathlessness|fever,hypertension,2
85,100,102,107,38.8,,diabetes|asthma,1
24,120,105,75,37.4,chest pain,asthma|hypertension,0
64,155,96,128,39.7,,diabetes|asthma,2
56,119,81,129,39.6,,,2
85,116,60,140,36.5,chest pain,diabetes,2
30,141,68,131,37.4,,,2
66,176,87,137,39.3,,diabetes,2
66,155,87,121,38.6,,diabetes,2
80,150,83,113,37.2,dizziness|breathlessness,hypertension,1
63,183,102,137,37.1,fever,,2
42,112,105,115,37.4,,,1
27,139,96,119,36.9,chest pain|breathlessness,hypertension|diabetes,1
46,153,100,129,39.0,,diabetes,2
58,184,76,88,37.3,,hypertension,2
59,123,77,68,38.8,,hypertension|asthma,1
88,159,97,83,36.6,breathlessness|chest pain,asthma|diabetes,0
73,173,106,99,38.5,,diabetes|asthma,2
36,159,84,121,37.0,chest pain|dizziness,hypertension,2
28,155,89,108,38.6,fever,asthma|diabetes,1
76,131,64,63,37.2,dizziness|fever,diabetes,0
43,190,71,124,37.4,breathlessness,,2
70,101,98,135,38.1,fever|dizziness,,2
24,187,80,83,37.0,breathlessness,,2
79,185,80,89,36.3,fever,diabetes,2
60,171,71,88,36.4,dizziness,asthma,2
75,154,110,133,38.8,fever|chest pain,hypertension|diabetes,2
28,114,70,95,37.9,chest pain,,0
31,181,110,120,38.0,breathlessness,,2
61,148,101,83,39.7,chest pain,,1
81,115,93,84,38.2,,asthma,0
27,101,65,125,39.8,,hypertension,2
49,173,83,135,37.0,breathlessness,,2
24,165,69,139,38.7,dizziness|chest pain,,2
33,117,63,102,39.3,chest pain,asthma|diabetes,1
76,144,61,87,39.2,breathlessness|chest pain,,1
19,180,68,100,39.9,breathlessness|chest pain,asthma|hypertension,2
87,181,95,114,37.7,,hypertension,2
77,106,98,84,37.2,chest pain|fever,hypertension|diabetes,0
70,183,65,103,38.3,chest pain|dizziness,asthma|hypertension,2
59,169,105,76,39.9,chest pain,asthma|hypertension,1
72,142,97,126,38.8,chest pain|breathlessness,,2
78,100,95,115,38.2,,hypertension|asthma,1
76,177,85,92,36.6,chest pain|fever,hypertension,2
38,155,89,131,36.9,chest pain|fever,,2
52,133,83,137,36.8,,diabetes,2
31,149,89,103,38.9,breathlessness|chest pain,,1
19,164,91,131,38.3,,hypertension|asthma,2
73,151,61,128,38.2,chest pain|breathlessness,,2
78,157,66,117,37.5,fever,,1
57,159,83,67,39.2,breathlessness,,1
24,158,70,67,39.6,fever|chest pain,,1
57,183,76,98,38.7,,diabetes,2
67,143,107,114,38.5,,hypertension|diabetes,1
57,149,87,113,39.2,dizziness|fever,diabetes,1
62,101,98,120,37.0,breathlessness|dizziness,asthma|hypertension,1
83,122,70,90,39.8,,hypertension|diabetes,1
48,129,69,71,39.8,chest pain|breathlessness,asthma|diabetes,1
73,148,60,89,38.6,,asthma,1
39,141,108,119,38.5,breathlessness,diabetes,1
75,149,95,120,39.9,dizziness|chest pain,hypertension,1
37,181,74,67,38.0,,hypertension|diabetes,2
65,159,70,88,39.0,fever|dizziness,,1
79,128,71,121,36.5,breathlessness,diabetes|asthma,2
61,100,68,126,36.9,breathlessness,diabetes,2
90,185,83,92,38.4,dizziness,hypertension,2
45,114,90,89,36.2,dizziness,,0
58,178,99,69,38.5,,hypertension|asthma,2
71,120,86,126,36.2,breathlessness,asthma|hypertension,2
30,190,73,62,39.7,breathlessness,,2
23,132,63,79,37.1,,asthma|diabetes,0
71,144,81,131,39.5,chest pain|dizziness,asthma,2
26,103,108,94,38.1,,,0
49,187,100,90,38.0,chest pain|dizziness,hypertension|asthma,2
24,168,62,126,39.6,breathlessness|chest pain,diabetes,2
44,132,74,62,38.0,dizziness|fever,asthma|hypertension,0
21,121,94,123,39.3,,diabetes,2
22,182,61,90,38.6,chest pain,diabetes,2
50,107,77,86,37.6,,asthma|hypertension,0
34,135,102,91,39.6,dizziness,hypertension|diabetes,1
18,105,99,106,36.9,chest pain|fever,,1
18,172,95,97,38.6,,diabetes,2
44,115,73,135,39.6,,,2
64,106,103,116,36.0,dizziness|fever,diabetes,1
48,143,64,131,38.4,fever|dizziness,hypertension,2
80,125,73,82,38.2,,,0
73,171,74,89,38.0,chest pain|fever,,2
76,140,63,84,37.4,,diabetes|asthma,0
21,127,68,133,36.2,,hypertension|asthma,2
53,130,92,79,37.1,dizziness,asthma,0
54,102,65,109,36.1,dizziness|breathlessness,asthma|diabetes,1
88,135,94,113,37.2,fever,diabetes,1
69,168,93,130,36.3,fever|breathlessness,asthma|hypertension,2
71,117,90,84,38.4,fever|breathlessness,asthma|diabetes,0
35,159,109,71,37.4,,diabetes,0
64,132,70,93,37.4,fever,hypertension|diabetes,0
66,182,71,116,37.2,fever|breathlessness,,2
27,137,63,114,37.5,chest pain|dizziness,hypertension,1
61,136,78,83,39.6,,hypertension,1
65,107,80,97,39.4,breathlessness,,1
73,102,77,127,38.7,breathlessness|chest pain,diabetes,2
28,126,107,108,36.6,,diabetes,1
72,188,61,127,39.9,,hypertension,2
38,127,67,92,38.2,,hypertension,0
50,118,74,101,36.8,fever|dizziness,diabetes|asthma,1
28,144,70,97,37.3,,asthma,0
46,122,64,73,38.3,chest pain,hypertension|asthma,0
63,178,70,105,39.8,,diabetes|hypertension,2
24,133,62,108,38.5,,hypertension|asthma,1
29,180,77,93,40.0,chest pain,asthma|diabetes,2
27,146,72,102,37.5,fever|dizziness,,1
73,167,87,100,37.9,breathlessness|dizziness,diabetes,0
34,104,65,62,38.7,,,1
80,165,76,125,38.2,,diabetes|asthma,2
31,135,97,119,39.4,breathlessness,,1
70,118,90,86,39.8,,,1
50,146,108,140,36.9,fever|breathlessness,,2
24,180,73,106,37.9,chest pain|breathlessness,,2
58,113,82,92,39.4,,hypertension,1
73,165,75,111,39.2,dizziness,asthma|diabetes,1
49,146,65,131,37.4,breathlessness|chest pain,hypertension|diabetes,2
56,116,100,80,36.8,chest pain,hypertension,0
22,136,73,88,36.7,,,0
46,171,69,127,39.4,chest pain|dizziness,asthma|diabetes,2
65,183,90,140,36.6,dizziness,,2
55,189,60,94,39.7,fever|dizziness,diabetes,2
24,178,63,63,39.1,,,2
40,146,105,98,37.5,,,0
34,140,109,74,38.4,,,0
21,159,79,66,36.8,dizziness|breathlessness,asthma|hypertension,0
29,167,91,102,39.1,breathlessness,diabetes,1
63,182,81,68,38.6,chest pain|fever,hypertension|diabetes,2
52,164,75,128,38.3,,asthma|hypertension,2
25,183,92,99,39.1,,,2
49,120,72,126,38.1,,,2
36,189,96,71,39.2,breathlessness|dizziness,diabetes|asthma,2
33,123,60,137,36.6,fever,hypertension,2
22,155,71,92,36.8,dizziness,hypertension,0
78,144,88,100,37.2,,hypertension|diabetes,0
43,150,83,127,36.5,fever|chest pain,asthma,2
49,169,68,122,37.4,,diabetes,2
24,163,77,82,39.1,breathlessness|dizziness,hypertension|asthma,1
78,174,103,79,37.3,,,2
26,120,75,62,39.5,,diabetes,1
47,181,64,107,38.1,chest pain,asthma,2
35,120,61,137,37.3,fever,,2
68,173,97,112,36.3,fever|chest pain,asthma|diabetes,2
49,115,96,116,36.8,fever,hypertension|asthma,1
87,165,73,92,39.5,chest pain|fever,,1
38,187,98,111,39.7,chest pain|fever,hypertension,2
61,184,94,96,36.5,chest pain|fever,hypertension,2
31,124,63,98,36.9,dizziness,asthma|hypertension,0
89,113,94,91,39.8,fever,diabetes,1
34,101,95,87,38.9,breathlessness,diabetes,1
50,173,92,66,37.0,dizziness,asthma|hypertension,2
58,100,84,109,37.9,dizziness|chest pain,hypertension|diabetes,1
55,159,105,63,39.1,,diabetes|hypertension,1
28,105,91,61,37.1,chest pain|dizziness,diabetes|asthma,0
64,119,67,105,37.8,fever,hypertension,1
59,163,87,91,36.2,,asthma,0
33,164,75,108,37.8,chest pain|breathlessness,diabetes,1
78,159,95,106,39.0,,diabetes|asthma,1
60,102,92,90,38.0,chest pain|dizziness,diabetes|hypertension,0
84,140,63,137,39.0,,hypertension|asthma,2
33,129,72,73,39.6,,diabetes,1
25,148,79,134,38.0,,hypertension|diabetes,2
78,153,78,113,36.1,dizziness,hypertension|diabetes,1
47,143,63,64,38.0,,asthma|diabetes,0
79,118,83,98,37.5,chest pain|breathlessness,diabetes|asthma,0
68,140,84,107,36.4,breathlessness,hypertension,1
47,165,89,101,38.1,breathlessness,,1
41,122,103,126,38.8,chest pain|dizziness,asthma|diabetes,2
69,158,100,129,37.9,,,2
73,151,88,69,37.3,dizziness,diabetes,0
63,142,77,94,38.2,,hypertension|asthma,0
82,125,86,96,38.0,breathlessness|dizziness,diabetes,0
83,159,81,62,38.0,breathlessness|chest pain,,0
50,127,106,96,38.3,breathlessness|chest pain,hypertension|asthma,0
89,125,95,89,36.7,dizziness|breathlessness,,0
80,145,61,99,39.3,,,1
41,162,63,84,36.9,chest pain,hypertension,0
23,153,107,133,39.5,,,2
90,110,76,115,37.6,chest pain|dizziness,asthma|diabetes,1
44,153,108,70,36.5,breathlessness|dizziness,diabetes|hypertension,0
72,117,77,129,38.2,breathlessness,diabetes|asthma,2
69,162,95,100,39.5,breathlessness|fever,asthma,1
19,110,66,113,38.2,fever,asthma,1
49,159,91,61,36.5,chest pain,,0
45,157,70,80,37.8,dizziness|breathlessness,hypertension,0
30,125,74,138,36.7,breathlessness,asthma|diabetes,2
90,130,106,121,36.1,,diabetes,2
38,189,97,110,39.9,chest pain,,2
49,182,70,117,39.0,dizziness|fever,asthma,2
86,111,95,133,36.3,chest pain|breathlessness,diabetes|asthma,2
87,122,106,104,38.9,fever,hypertension|diabetes,1
25,114,85,95,36.1,,,0
18,131,92,75,38.0,,diabetes|hypertension,0
41,153,103,84,39.7,,diabetes,1
64,184,84,79,36.8,,hypertension,2
19,153,75,106,37.5,,asthma|hypertension,1
18,161,100,111,38.1,,asthma|hypertension,1
74,169,91,127,36.4,breathlessness,diabetes|hypertension,2
86,188,107,61,39.9,,,2
30,152,99,120,39.2,fever|breathlessness,asthma|diabetes,1
34,172,110,139,39.3,dizziness,asthma|diabetes,2
79,143,80,125,39.0,chest pain|breathlessness,diabetes|asthma,2
76,169,102,140,38.3,breathlessness,asthma|hypertension,2
76,125,108,130,37.1,fever,,2
20,185,63,104,36.6,breathlessness,,2
19,109,95,138,39.7,,,2
34,183,67,68,37.6,dizziness,asthma|hypertension,2
18,113,91,136,39.2,,asthma|diabetes,2
66,119,99,132,36.9,dizziness,hypertension,2
46,113,64,60,37.4,breathlessness|chest pain,diabetes|hypertension,0
80,102,96,118,36.3,,,1
89,132,68,83,38.7,fever,hypertension,1
70,135,62,130,39.6,dizziness,asthma,2
42,171,103,121,37.7,breathlessness|dizziness,diabetes,2
85,132,81,92,39.5,fever,asthma,1
83,182,107,119,36.1,dizziness|breathlessness,hypertension,2
29,105,101,83,39.1,breathlessness,,1
38,178,106,112,36.3,,,2
72,110,103,105,36.1,fever,,1
56,105,84,77,39.0,,,1
19,184,68,73,37.6,,hypertension,2
24,134,88,68,38.5,,hypertension,0
75,128,82,74,39.7,fever|breathlessness,asthma,1
30,147,81,120,36.6,breathlessness,asthma,1
49,116,78,103,38.8,fever|dizziness,asthma,1
29,130,105,135,36.2,,hypertension,2
82,175,95,134,39.8,breathlessness,,2
87,171,76,140,38.6,breathlessness,,2
47,134,71,98,39.3,,hypertension|asthma,1
87,169,100,97,38.1,,,0
20,153,78,71,37.2,breathlessness,diabetes,0
57,145,96,69,39.1,dizziness,hypertension,1
26,115,72,126,39.1,chest pain|dizziness,diabetes|hypertension,2
24,109,87,63,38.0,chest pain,asthma|hypertension,0
59,119,110,71,38.6,fever|breathlessness,hypertension,1
63,116,92,84,38.2,chest pain,,0
90,124,64,107,36.7,chest pain,hypertension|diabetes,1
66,104,94,116,37.7,breathlessness,hypertension,1
49,146,106,91,39.5,chest pain|fever,diabetes,1
64,127,94,61,37.7,fever|dizziness,,0
48,154,62,119,36.5,chest pain,diabetes|hypertension,1
88,127,98,131,38.0,breathlessness,hypertension|diabetes,2
50,115,106,96,38.5,dizziness,hypertension,0
34,156,76,71,36.0,,diabetes,0
46,107,81,102,39.1,chest pain,asthma,1
35,142,101,107,38.2,,asthma,1
24,167,102,106,36.3,fever,hypertension|diabetes,1
87,182,102,96,37.6,,hypertension|asthma,2
52,177,81,112,38.4,dizziness,asthma,2
71,173,86,96,36.4,dizziness|breathlessness,,2
72,145,75,98,38.0,dizziness|chest pain,hypertension|diabetes,0
70,105,85,76,40.0,,,1
49,124,86,107,37.9,dizziness,diabetes,1
69,157,87,92,39.1,chest pain|breathlessness,asthma|hypertension,1
38,173,72,65,38.3,fever,hypertension,2
87,164,63,111,38.6,,asthma,1
73,153,91,97,37.1,dizziness,diabetes,0
73,127,87,97,38.2,,,0
53,123,62,92,39.0,,asthma,1
46,125,101,97,36.9,dizziness,hypertension,0
75,145,83,100,36.1,chest pain|fever,,0
72,114,103,89,39.8,,hypertension,1
34,141,74,86,39.7,,diabetes|asthma,1
22,167,99,134,37.6,fever|chest pain,hypertension|diabetes,2
60,113,71,125,36.2,chest pain,,2
60,122,77,71,37.9,,diabetes|hypertension,0
33,126,81,69,37.3,,asthma,0
37,171,65,117,36.3,fever,diabetes,2
23,118,83,106,37.7,fever,hypertension|asthma,1
76,117,86,126,36.4,,diabetes,2
36,143,62,126,36.0,breathlessness|chest pain,hypertension,2
32,175,110,134,37.4,chest pain|fever,diabetes,2
23,122,84,113,39.9,breathlessness|chest pain,asthma,1
76,178,78,78,36.3,dizziness|fever,,2
21,158,84,134,38.6,chest pain,hypertension,2
88,163,96,128,36.4,,,2
31,118,69,140,37.5,fever,diabetes|asthma,2
26,163,89,83,39.7,,diabetes,1
83,115,94,122,39.1,chest pain,,2
82,185,71,101,37.6,breathlessness,,2
84,100,95,71,37.4,,asthma,0
60,151,99,139,37.5,breathlessness|fever,diabetes,2
27,104,99,61,39.2,chest pain|fever,hypertension,1
90,168,99,133,37.3,,asthma|hypertension,2
85,126,63,77,37.2,,hypertension|asthma,0
45,161,60,110,38.9,,diabetes,1
74,141,97,88,36.5,breathlessness|chest pain,asthma|diabetes,0
38,152,99,96,38.9,,diabetes|asthma,1
65,135,89,132,36.0,fever,hypertension|diabetes,2
52,135,70,120,37.7,breathlessness,hypertension,1
84,100,80,111,37.3,dizziness,,1
37,102,65,129,37.3,,,2
60,163,73,122,38.7,,diabetes,2
84,174,69,112,39.6,fever,,2
48,110,74,131,36.6,chest pain|breathlessness,hypertension|asthma,2
76,176,101,116,37.8,dizziness|breathlessness,,2
24,181,60,135,37.7,dizziness,diabetes|asthma,2
49,107,88,63,39.3,dizziness,,1
64,183,99,69,36.9,chest pain,,2
21,132,95,93,37.9,dizziness|breathlessness,hypertension|asthma,0
71,181,94,133,37.1,breathlessness,,2
75,185,106,94,36.2,,diabetes|asthma,2
55,154,89,60,36.3,fever,asthma|hypertension,0
31,164,76,87,36.5,breathlessness,hypertension|asthma,0
22,177,72,88,39.2,,hypertension,2
52,151,97,78,38.7,,,1
78,146,88,137,37.6,,diabetes|hypertension,2
68,176,95,63,36.9,,asthma,2
51,166,81,129,38.4,dizziness,asthma|diabetes,2
85,138,84,66,38.8,fever,hypertension,1
79,156,81,82,39.1,,diabetes,1
42,141,77,76,37.9,,diabetes|asthma,0
64,151,67,113,36.7,breathlessness,hypertension,1
42,117,110,96,36.6,chest pain,hypertension,0
55,148,95,93,37.5,,diabetes,0
85,180,95,131,39.6,,asthma|diabetes,2
67,118,72,60,37.3,dizziness|breathlessness,asthma,0
42,133,106,87,37.8,,diabetes,0
41,190,78,107,38.7,chest pain,hypertension,2
74,181,74,102,38.7,,diabetes,2
87,140,75,90,38.4,,,0
31,143,85,91,36.8,chest pain,,0
43,163,76,115,38.6,chest pain|dizziness,diabetes,1
81,148,92,67,39.5,dizziness,diabetes,1
82,164,68,113,38.8,chest pain|dizziness,,1
21,177,90,130,37.5,chest pain,,2
21,190,85,113,39.0,fever,hypertension,2
35,101,86,113,38.4,,,1
20,117,81,99,37.8,dizziness,hypertension,0
29,127,89,81,39.1,dizziness,asthma|hypertension,1
76,133,80,79,38.6,breathlessness|dizziness,asthma,1
47,151,95,106,39.7,breathlessness,asthma|hypertension,1
25,184,69,72,38.9,breathlessness,asthma,2
74,131,91,79,36.6,dizziness|breathlessness,,0
90,117,106,68,36.6,dizziness,hypertension|asthma,0
60,162,71,76,37.3,,asthma|diabetes,0
76,119,88,78,39.6,fever,,1
41,122,66,117,38.3,fever,,1
39,120,74,69,39.9,breathlessness|chest pain,,1
70,175,80,132,36.7,dizziness|breathlessness,diabetes|hypertension,2
33,103,79,139,38.1,breathlessness,hypertension|asthma,2
46,156,63,116,38.7,,asthma,1
62,119,106,79,38.0,breathlessness|fever,diabetes,0
23,173,78,112,36.5,chest pain|fever,,2
31,128,109,84,37.1,fever,asthma|diabetes,0
57,185,74,88,38.6,,,2
85,173,108,88,37.3,,diabetes,2
80,145,83,138,40.0,dizziness|fever,hypertension|diabetes,2
71,127,103,83,37.7,,diabetes|hypertension,0
60,165,103,112,39.6,fever,,1
64,182,81,121,37.0,dizziness|chest pain,diabetes|asthma,2
80,118,78,86,38.2,dizziness,,0
63,116,91,120,37.2,dizziness|breathlessness,hypertension|diabetes,1
85,154,77,83,38.7,breathlessness,asthma,1
29,157,89,136,39.0,fever|chest pain,hypertension,2
88,110,100,111,39.6,,hypertension|asthma,1
21,147,63,119,38.2,,asthma|diabetes,1
72,161,82,83,38.6,,,1
85,135,75,111,36.8,,diabetes,1
41,161,104,83,36.7,chest pain|dizziness,diabetes,0
54,158,81,110,37.8,,diabetes|asthma,1
25,169,90,60,36.8,chest pain|dizziness,,0
88,106,85,136,37.7,dizziness,,2
78,144,108,83,38.8,chest pain,,1
20,106,102,88,38.0,dizziness,asthma|hypertension,0
87,169,80,135,36.9,fever|breathlessness,,2
39,131,79,79,36.7,chest pain|dizziness,,0
57,139,71,88,39.7,fever,diabetes|asthma,1
77,148,88,115,37.0,,hypertension|diabetes,1
39,164,110,127,39.6,chest pain,hypertension|asthma,2
35,150,68,131,39.7,,diabetes|asthma,2
70,128,89,125,36.5,fever,asthma|hypertension,2
83,127,92,109,37.2,dizziness,hypertension|asthma,1
65,135,98,72,38.6,fever|chest pain,asthma|diabetes,1
66,171,84,115,37.0,,diabetes|hypertension,2
29,160,80,98,38.1,,diabetes|hypertension,0
90,183,70,110,36.0,,,2
37,158,89,138,36.8,dizziness,diabetes|asthma,2
66,188,93,113,38.5,dizziness|breathlessness,asthma|diabetes,2
84,156,74,100,36.1,dizziness,asthma,0
89,175,69,98,36.8,,diabetes,2
18,119,105,116,36.9,breathlessness,,1
80,106,101,113,38.8,,hypertension,1
90,117,75,136,39.9,breathlessness|chest pain,hypertension,2
48,153,99,77,37.6,,asthma,0
55,153,70,69,39.9,fever,,1
60,166,89,62,38.3,,,0
38,130,81,86,38.8,,asthma,1
55,115,110,80,38.6,dizziness|fever,,1
24,176,80,95,39.5,fever|chest pain,,2
57,140,74,136,39.8,dizziness|breathlessness,diabetes,2
20,147,110,90,36.8,fever,diabetes|hypertension,0
43,161,87,94,36.7,chest pain,diabetes,0
18,107,94,86,38.7,fever,,1
40,188,67,84,39.5,,diabetes,2
62,115,72,109,39.5,breathlessness|dizziness,diabetes|hypertension,1
89,119,95,61,37.8,chest pain|fever,hypertension,0
24,151,106,132,38.3,,asthma|diabetes,2
88,118,105,79,39.9,fever,hypertension,1
59,135,80,66,37.3,dizziness,,0
85,139,110,109,36.1,breathlessness|fever,,1
53,145,80,80,38.0,,hypertension,0
20,177,63,136,38.1,,hypertension,2
83,155,60,97,38.4,breathlessness,asthma,0
44,146,81,135,37.5,,diabetes|asthma,2
52,175,83,61,37.0,breathlessness|chest pain,diabetes,2
21,176,63,105,37.0,dizziness|fever,asthma|hypertension,2
25,181,75,103,39.7,dizziness,asthma|hypertension,2
61,109,68,75,36.2,,asthma|diabetes,0
24,168,82,107,39.5,,hypertension|diabetes,1
28,155,109,91,36.2,chest pain|breathlessness,hypertension,0
21,144,90,77,39.4,breathlessness|dizziness,hypertension|diabetes,1
60,102,72,121,37.7,,,2
25,133,86,99,36.3,chest pain,,0
86,171,64,113,37.7,fever|breathlessness,hypertension|diabetes,2
41,183,92,134,39.2,dizziness,,2
73,149,63,100,39.9,fever|dizziness,,1
82,171,65,75,36.9,chest pain,asthma|hypertension,2
64,129,108,67,37.9,chest pain,,0
57,145,74,138,38.1,dizziness|breathlessness,asthma,2
57,153,102,89,38.4,chest pain|fever,hypertension|asthma,0
56,179,97,66,36.4,,hypertension,2
79,169,66,89,37.3,dizziness,asthma,0
77,164,107,125,39.1,,hypertension|asthma,2
81,162,106,71,37.1,fever,,0
71,148,61,64,39.4,chest pain,,1
37,142,66,105,36.4,,,1
54,113,61,61,38.1,dizziness|fever,asthma,0
62,185,80,108,38.7,chest pain|fever,diabetes,2
59,124,105,110,36.1,chest pain|fever,diabetes,1
62,157,73,92,37.6,dizziness,asthma,0
51,127,64,138,36.6,dizziness,hypertension|diabetes,2
59,142,72,136,38.8,breathlessness|dizziness,,2
57,100,90,134,38.9,fever|breathlessness,,2
81,126,71,103,36.2,breathlessness,asthma,1
39,186,61,110,38.8,breathlessness,diabetes,2
59,186,87,62,37.0,dizziness,,2
41,143,107,123,37.3,,,2
76,109,80,64,38.9,dizziness|chest pain,,1
35,116,104,130,37.8,fever|breathlessness,diabetes|asthma,2
44,126,76,109,39.0,,hypertension,1
53,161,62,122,39.2,,,2
35,116,107,91,37.5,,diabetes|asthma,0
61,184,81,99,39.8,chest pain|fever,diabetes|asthma,2
83,163,62,86,37.6,,diabetes|hypertension,0
33,161,72,118,38.2,,asthma|hypertension,1
35,133,107,138,36.3,dizziness|fever,diabetes,2
71,184,98,135,36.4,fever|breathlessness,,2
42,117,72,60,37.7,fever|dizziness,asthma,0
48,111,67,92,39.3,,diabetes,1
76,184,64,89,37.9,chest pain,asthma|diabetes,2
86,124,104,111,37.4,dizziness,asthma,1
79,121,63,117,38.6,breathlessness|fever,,1
53,123,70,70,37.4,dizziness|fever,,0
39,126,87,66,38.3,,,0
75,133,103,94,36.4,breathlessness,diabetes|asthma,0
29,137,97,111,39.7,breathlessness|chest pain,,1
64,153,63,109,38.5,,diabetes,1
83,103,110,86,39.5,,hypertension,1
85,132,69,140,39.1,dizziness,asthma|hypertension,2
43,190,86,122,38.3,dizziness|chest pain,hypertension,2
23,166,109,139,39.6,chest pain|dizziness,,2
29,157,90,128,38.8,,diabetes,2
31,138,110,74,37.6,dizziness,diabetes|hypertension,0
27,153,94,135,40.0,dizziness,,2
79,174,63,68,38.5,,,2
63,173,77,86,37.2,fever|breathlessness,hypertension|asthma,2
80,130,103,80,38.0,breathlessness|chest pain,asthma,0
56,111,77,119,36.5,,asthma,1
62,137,85,82,38.8,breathlessness,,1
80,163,61,62,39.4,dizziness|fever,,1
50,146,97,105,38.2,breathlessness|dizziness,asthma|hypertension,1
60,181,72,89,39.5,chest pain,diabetes|asthma,2
22,100,72,107,36.8,,,1
69,175,61,76,36.9,chest pain|dizziness,hypertension|asthma,2
58,142,69,122,37.5,,asthma|hypertension,2
42,113,110,68,37.0,chest pain,asthma,0
39,107,99,83,39.6,breathlessness,diabetes|hypertension,1
42,100,77,76,36.6,,hypertension|diabetes,0
34,124,65,60,36.6,chest pain|breathlessness,hypertension|asthma,0
87,153,75,88,40.0,breathlessness,asthma|diabetes,1
70,168,108,63,38.1,dizziness,asthma,0
75,101,107,127,36.3,,diabetes,2
59,185,61,128,37.7,breathlessness|chest pain,asthma|hypertension,2
37,133,84,100,36.1,dizziness|breathlessness,asthma|diabetes,0
81,133,72,102,38.9,chest pain|dizziness,asthma|hypertension,1
90,135,72,73,39.1,dizziness|chest pain,hypertension|asthma,1
53,131,63,97,36.6,chest pain|dizziness,asthma|diabetes,0
80,187,73,87,39.1,dizziness|chest pain,diabetes,2
76,109,83,74,36.2,dizziness|breathlessness,diabetes|hypertension,0
77,103,105,100,40.0,chest pain|breathlessness,asthma,1
38,102,103,102,36.8,fever,,1
85,119,88,93,38.2,chest pain,asthma,0
46,104,90,101,37.9,,diabetes|asthma,1
52,140,75,140,36.5,fever,,2
50,121,63,129,36.5,,,2
53,116,85,116,37.1,fever,diabetes|asthma,1
22,136,100,89,37.6,chest pain|fever,,0
22,174,88,133,37.2,,asthma,2
46,110,102,71,36.7,,asthma,0
37,159,105,136,38.4,,asthma,2
26,125,71,109,36.0,,,1
66,113,101,100,38.9,dizziness|breathlessness,asthma,1
39,106,89,74,36.5,breathlessness|dizziness,diabetes,0
48,114,86,85,38.6,breathlessness,,1
68,106,75,102,36.6,chest pain|fever,diabetes,1
74,109,67,76,38.5,breathlessness,diabetes,0
24,147,100,133,38.8,chest pain|fever,diabetes|hypertension,2
73,174,74,108,38.5,,,2
23,143,89,98,38.1,,asthma|hypertension,0
32,165,88,102,39.8,fever|chest pain,hypertension,1
53,135,77,115,38.3,breathlessness,hypertension|asthma,1
33,187,88,77,36.9,,,2
40,123,88,93,39.1,chest pain,diabetes|asthma,1
69,119,102,129,39.3,,diabetes,2
74,185,89,130,38.3,fever,hypertension,2
52,115,87,80,38.2,chest pain|breathlessness,diabetes|hypertension,0
44,151,95,75,36.2,,,0
73,110,89,100,36.2,,,0
62,118,83,129,37.7,,asthma|hypertension,2
64,134,100,90,38.9,,,1
51,100,90,61,37.8,fever,diabetes,0
40,161,87,62,39.1,chest pain|fever,,1
76,100,64,74,36.8,,hypertension,0
33,135,96,139,36.7,fever|breathlessness,hypertension|asthma,2
64,174,110,116,37.1,breathlessness,hypertension|diabetes,2
21,147,92,76,36.8,chest pain|dizziness,diabetes,0
26,154,61,120,39.1,fever,diabetes,1
76,153,81,124,37.7,breathlessness|fever,asthma,2
55,173,63,106,39.3,,hypertension,2
56,168,90,69,38.5,dizziness,diabetes,0
48,115,64,140,38.3,dizziness,hypertension|asthma,2
80,111,97,62,39.6,,asthma|diabetes,1
19,123,92,108,38.1,,asthma,1
72,128,81,132,39.0,,asthma,2
60,104,86,67,38.3,dizziness,,0
80,119,70,128,39.1,dizziness,asthma|hypertension,2
40,161,109,120,38.8,,diabetes|hypertension,1
69,171,87,92,39.8,,hypertension|asthma,2
89,147,91,79,36.6,dizziness|chest pain,hypertension,0
19,100,64,125,38.3,fever|breathlessness,,2
73,181,97,74,36.5,,diabetes,2
71,129,68,62,39.2,breathlessness,asthma,1
52,157,84,72,39.1,fever,diabetes|asthma,1
39,140,87,77,36.2,,asthma,0
57,169,89,76,37.8,,hypertension,0
69,151,65,82,36.1,dizziness|breathlessness,,0
75,139,67,118,36.8,chest pain,,1
86,128,61,74,39.0,fever,diabetes|hypertension,1
50,142,94,123,40.0,,hypertension,2
70,162,86,111,37.9,,hypertension|diabetes,1
76,137,101,94,38.6,,diabetes|asthma,1
54,132,61,104,38.1,chest pain,diabetes|hypertension,1
69,165,88,100,38.8,chest pain|dizziness,,1
39,144,76,126,36.3,dizziness,asthma,2
65,178,93,102,38.0,chest pain,,2
73,177,73,80,36.3,dizziness,hypertension|diabetes,2
20,143,100,68,36.1,,,0
40,183,99,111,38.6,,diabetes|asthma,2
65,135,86,106,36.9,chest pain|fever,diabetes,1
88,104,95,86,37.1,chest pain,diabetes,0
72,124,107,109,38.7,breathlessness,,1
32,133,64,117,37.4,fever,diabetes|hypertension,1
44,171,66,124,38.7,fever,diabetes|hypertension,2
23,137,74,68,39.8,chest pain,,1
28,163,90,121,37.9,,,2
20,187,79,98,38.5,dizziness|breathlessness,,2
59,159,61,95,36.8,,asthma,0
33,111,74,81,37.3,dizziness|fever,,0
19,100,105,67,37.5,chest pain|dizziness,asthma,0
75,165,86,97,39.4,,diabetes|asthma,1
68,166,95,74,39.5,breathlessness|fever,diabetes,1
18,157,90,77,38.9,,,1
63,107,63,88,38.1,,asthma,0
76,130,78,109,38.9,breathlessness|chest pain,diabetes,1
21,137,88,66,36.1,breathlessness,hypertension|asthma,0
55,135,63,133,37.8,chest pain|fever,diabetes|hypertension,2
53,125,72,66,36.1,,,0
80,129,102,80,36.1,breathlessness,diabetes|hypertension,0
67,133,75,112,36.1,,diabetes|asthma,1
51,164,63,115,38.8,dizziness|breathlessness,diabetes,1
26,189,92,118,38.7,fever|breathlessness,,2
43,128,75,89,39.7,,hypertension,1
21,160,93,67,36.1,dizziness,diabetes,0
22,166,107,116,36.8,breathlessness|chest pain,diabetes,1
50,101,83,103,39.6,breathlessness|dizziness,diabetes|hypertension,1
66,106,90,126,37.6,fever|breathlessness,asthma|diabetes,2
68,136,98,116,38.8,dizziness,diabetes,1
42,100,63,93,37.6,breathlessness|fever,asthma,0
26,173,96,135,38.9,,asthma,2
43,132,99,132,37.6,,hypertension|diabetes,2
44,141,104,129,38.0,breathlessness,diabetes,2
61,152,84,78,37.8,dizziness,,0
77,148,60,82,38.4,breathlessness|dizziness,hypertension|diabetes,0
68,116,74,106,39.4,,asthma|diabetes,1
22,115,106,69,37.5,,asthma,0
52,128,70,90,37.1,dizziness,asthma|hypertension,0
41,149,88,98,39.0,breathlessness|dizziness,hypertension,1
70,159,61,75,38.1,chest pain,asthma|diabetes,0
52,117,86,102,39.5,breathlessness|chest pain,diabetes,1
34,103,75,125,38.6,,,2
81,145,85,74,39.0,breathlessness|dizziness,diabetes,1
26,186,73,102,36.8,,diabetes|asthma,2
63,168,104,94,38.6,,asthma|hypertension,1
30,102,67,131,37.8,breathlessness|dizziness,asthma|hypertension,2
36,181,65,128,37.2,,,2
71,103,81,93,39.2,fever,hypertension|asthma,1
84,114,86,131,37.9,breathlessness|dizziness,,2
38,115,76,66,37.5,,diabetes,0
87,171,92,112,38.3,fever,hypertension|diabetes,2
38,189,86,108,36.2,fever,,2
81,156,86,75,36.7,chest pain|dizziness,hypertension|diabetes,0
86,119,106,81,37.8,dizziness,asthma|hypertension,0
55,189,109,93,36.8,chest pain|fever,asthma|diabetes,2
37,180,98,97,36.4,,asthma,2
73,108,81,134,38.0,,diabetes,2
36,128,82,90,36.5,dizziness|chest pain,hypertension|asthma,0
60,162,98,63,39.4,fever,hypertension,1
57,152,61,92,37.4,breathlessness,asthma|diabetes,0
60,157,69,138,38.1,dizziness,,2
46,173,95,112,39.0,chest pain,diabetes|hypertension,2
41,144,66,120,38.5,fever|breathlessness,asthma|hypertension,1
58,123,69,79,38.0,fever|dizziness,diabetes,0
76,164,85,121,38.7,,,2
74,185,63,77,39.7,,,2
21,107,61,99,40.0,fever,hypertension,1
37,121,103,115,39.1,chest pain,asthma,1
70,135,84,84,37.4,,,0
76,188,92,67,38.0,breathlessness|fever,hypertension|asthma,2
54,186,63,105,38.1,,asthma|hypertension,2
18,125,107,93,38.1,dizziness,diabetes,0
80,152,74,79,38.3,dizziness|chest pain,hypertension|diabetes,0
81,139,71,78,36.2,,asthma|hypertension,0
48,172,66,125,38.1,fever,hypertension|asthma,2
64,114,86,119,37.1,chest pain|dizziness,diabetes|asthma,1
39,125,92,87,36.3,,asthma,0
81,152,78,119,39.9,dizziness,asthma|diabetes,1
86,142,83,87,39.6,,asthma,1
90,112,86,101,38.4,,,1
85,122,80,137,37.8,chest pain,,2
75,163,102,85,36.3,,,0
23,168,75,67,37.0,fever,,0
27,132,77,67,39.4,fever,asthma,1
87,147,76,120,38.0,,,1
18,184,106,131,36.8,fever|chest pain,asthma|diabetes,2
41,190,108,138,37.6,,asthma|diabetes,2
87,107,73,114,36.8,breathlessness,asthma|hypertension,1
78,141,84,60,39.7,fever,hypertension,1
36,190,97,101,36.8,dizziness,diabetes,2
23,141,69,139,39.1,chest pain|fever,hypertension,2
48,165,86,63,39.2,dizziness,diabetes,1
55,157,70,128,38.8,dizziness|chest pain,hypertension,2
54,175,110,90,39.6,dizziness,asthma|hypertension,2
37,167,101,82,37.6,breathlessness,diabetes|asthma,0
72,161,87,119,38.9,,diabetes|hypertension,1
90,187,79,126,38.7,,asthma|hypertension,2
74,111,95,92,37.5,,asthma,0
65,176,104,71,36.9,,diabetes|asthma,2
77,150,80,68,37.2,fever,diabetes|asthma,0
86,115,98,69,37.2,fever|chest pain,diabetes|asthma,0
65,137,76,140,39.6,breathlessness|chest pain,diabetes,2
73,182,65,85,38.1,,hypertension,2
84,178,61,92,37.2,,hypertension,2
29,142,106,66,37.6,,asthma|diabetes,0
47,101,86,71,38.5,breathlessness|dizziness,hypertension,0
58,128,98,129,38.9,dizziness,,2
83,177,93,80,36.4,fever,asthma,2
30,172,85,135,37.4,,hypertension,2
47,149,86,138,39.6,chest pain|fever,asthma|hypertension,2
39,167,68,75,39.4,chest pain,,1
80,121,77,69,39.0,chest pain|breathlessness,asthma|diabetes,1
66,184,83,95,37.7,,diabetes|asthma,2
38,110,75,134,36.0,,diabetes|hypertension,2
51,134,100,128,40.0,breathlessness,,2
65,169,81,66,38.6,dizziness,,1
75,177,75,87,39.1,chest pain,,2
69,142,74,107,38.9,breathlessness,,1
25,150,81,60,37.9,breathlessness|fever,,0
73,153,66,71,39.3,,asthma,1
50,160,84,108,37.1,chest pain|dizziness,asthma|diabetes,1
35,140,85,132,37.6,fever|chest pain,diabetes|asthma,2
50,152,97,116,38.7,chest pain,,1
51,131,104,122,38.9,fever,asthma|hypertension,2
34,150,72,113,39.4,chest pain,,1
67,185,109,75,36.5,,diabetes,2
47,118,63,81,38.0,chest pain|breathlessness,hypertension|diabetes,0
61,187,85,115,36.7,,hypertension|diabetes,2
32,109,83,127,36.7,,asthma|hypertension,2
75,124,63,114,38.7,dizziness,,1
72,127,68,80,37.1,breathlessness,hypertension|asthma,0
53,100,82,106,37.0,fever|chest pain,diabetes|asthma,1
23,150,89,90,37.6,fever|chest pain,diabetes|hypertension,0
58,182,90,98,39.2,breathlessness,diabetes,2
70,136,61,92,38.3,breathlessness,asthma,0
41,176,98,118,38.2,,hypertension,2
22,108,95,139,37.7,dizziness|fever,hypertension|asthma,2
56,178,93,96,37.5,,asthma|hypertension,2
27,103,90,70,39.2,chest pain,hypertension,1
69,158,84,100,37.4,,diabetes|asthma,0
71,136,63,100,38.0,chest pain|fever,hypertension|diabetes,0
35,181,84,60,39.5,fever|breathlessness,,2
59,170,68,103,36.7,chest pain,,1
22,120,99,97,37.3,breathlessness|fever,hypertension|asthma,0
55,179,66,123,39.7,,hypertension,2
23,190,76,127,39.5,dizziness,diabetes|asthma,2
18,153,89,69,37.5,breathlessness|dizziness,,0
85,150,70,108,36.1,,asthma,1
26,105,89,67,37.7,fever,diabetes,0
25,145,69,91,38.4,,,0
35,175,71,97,38.8,,diabetes,2
87,123,82,127,37.7,chest pain,diabetes,2
35,137,73,60,37.7,dizziness|fever,asthma,0
79,156,72,98,37.8,dizziness,,0
58,182,107,74,38.6,fever|breathlessness,hypertension,2
33,170,99,95,37.9,breathlessness|dizziness,asthma|hypertension,0
70,156,101,123,38.4,,,2
22,142,91,67,36.4,chest pain,,0
24,104,75,137,38.7,chest pain|dizziness,diabetes|asthma,2
57,112,67,90,38.7,dizziness,,1
28,138,110,63,37.6,fever,,0
77,188,99,71,37.8,,,2
33,148,106,117,36.1,chest pain|breathlessness,hypertension|diabetes,1
90,118,110,81,39.5,fever|dizziness,hypertension|diabetes,1
36,139,81,96,36.1,breathlessness,diabetes,0
20,123,99,129,37.4,breathlessness,,2
90,111,96,70,38.8,,hypertension|asthma,1
39,125,90,74,37.4,fever|chest pain,hypertension,0
84,162,109,73,38.9,breathlessness|dizziness,hypertension|asthma,1
67,164,94,140,37.4,,,2
43,165,108,89,36.3,,,0
56,124,95,72,36.9,dizziness|breathlessness,diabetes|hypertension,0
68,172,103,92,36.8,,hypertension,2
68,164,63,84,39.8,chest pain,,1
42,134,61,133,38.7,breathlessness,,2
71,182,96,77,36.2,fever,diabetes|asthma,2
35,149,67,99,37.4,breathlessness,,0
82,120,102,114,37.6,chest pain,diabetes|asthma,1
32,124,92,80,39.4,,diabetes,1
44,112,87,124,38.5,fever|chest pain,,2
73,159,64,135,39.0,,asthma|diabetes,2
55,149,101,76,37.0,,diabetes|asthma,0
60,134,105,78,36.3,,diabetes,0
77,110,88,133,39.6,,hypertension|diabetes,2
55,139,67,138,36.4,breathlessness,asthma|diabetes,2
60,175,99,69,39.8,chest pain|dizziness,diabetes|hypertension,2
62,118,93,115,37.5,,hypertension|asthma,1
87,187,88,98,39.2,,hypertension,2
23,186,83,125,36.6,dizziness|fever,asthma|hypertension,2
26,112,103,138,37.6,,diabetes,2
35,173,98,129,38.4,,diabetes|asthma,2
56,166,110,91,36.0,,diabetes,0
42,101,86,138,36.5,fever,hypertension|diabetes,2
59,132,75,120,39.3,breathlessness,asthma,1
60,119,94,137,36.9,breathlessness,,2
77,153,107,85,39.2,dizziness,hypertension|asthma,1
76,122,106,139,39.6,breathlessness|dizziness,asthma,2
83,177,85,61,38.2,chest pain|breathlessness,,2
78,107,105,71,39.1,,asthma|hypertension,1
30,142,61,117,37.8,dizziness,diabetes,1
31,120,102,66,39.3,dizziness|breathlessness,,1
25,183,95,137,37.2,dizziness|chest pain,diabetes|hypertension,2
26,107,60,115,39.6,dizziness,diabetes|asthma,1
53,182,65,94,36.1,,asthma,2
89,105,101,120,37.4,,asthma|hypertension,1
65,130,110,119,39.4,dizziness,diabetes|hypertension,1
68,144,96,136,37.9,fever,,2
77,164,92,124,38.6,,hypertension,2
57,127,76,136,38.1,,,2
50,145,94,126,38.5,fever,,2
23,127,62,95,37.8,dizziness|breathlessness,asthma|hypertension,0
24,142,60,140,39.8,fever,diabetes|hypertension,2
51,153,89,127,37.9,dizziness|fever,hypertension,2
73,124,87,120,38.2,chest pain,asthma|hypertension,1
23,132,64,108,38.0,,,1
85,167,89,61,38.5,,,0
42,174,108,78,38.2,dizziness,diabetes|asthma,2
40,152,84,109,37.9,,,1
23,189,65,89,39.9,,hypertension|diabetes,2
42,110,61,94,38.5,,,0
23,178,100,86,37.0,chest pain|fever,diabetes|asthma,2
59,126,63,119,37.5,chest pain|dizziness,asthma,1
57,165,88,87,38.1,dizziness,asthma|hypertension,0
50,157,68,98,37.9,,diabetes|asthma,0
34,184,102,120,38.2,chest pain|breathlessness,asthma|hypertension,2
78,178,94,114,38.8,breathlessness|fever,,2
69,139,64,136,38.0,chest pain|dizziness,diabetes,2
80,101,74,90,37.5,breathlessness|chest pain,diabetes,0
27,184,109,75,36.1,,diabetes|hypertension,2
55,114,105,63,37.8,dizziness|fever,diabetes|asthma,0
65,158,71,103,38.5,,,1
62,168,70,63,39.4,fever,asthma,1
87,171,83,116,36.1,fever|dizziness,,2
29,103,64,127,36.1,breathlessness|dizziness,,2
30,142,65,72,38.8,fever|breathlessness,asthma|diabetes,1
70,153,110,110,38.1,fever,diabetes,1
66,131,94,80,36.9,breathlessness|fever,,0
42,112,76,64,39.5,,,1
85,173,80,109,39.8,,,2
40,145,109,102,38.3,dizziness|breathlessness,diabetes|asthma,1
78,136,91,140,37.6,,,2
46,123,77,76,36.9,fever|chest pain,asthma,0
87,127,101,103,36.7,dizziness|chest pain,diabetes|asthma,1
62,172,82,66,38.2,chest pain|fever,asthma|diabetes,2
75,118,99,101,37.6,,,1
76,136,61,105,38.9,dizziness,,1
36,188,84,128,39.9,dizziness,,2
39,155,88,118,39.6,dizziness,hypertension,1
70,179,104,140,39.7,fever|chest pain,hypertension|diabetes,2
89,129,97,120,38.7,breathlessness,hypertension|diabetes,1
46,189,74,128,36.1,breathlessness|fever,asthma,2
41,140,66,112,36.6,,diabetes|asthma,1
80,186,74,126,39.4,,,2
35,130,64,111,39.6,breathlessness|fever,asthma,1
34,123,79,96,39.4,,hypertension,1
57,109,94,81,39.1,fever|breathlessness,asthma,1
43,176,93,83,38.1,,,2
31,154,84,121,39.0,,,2
25,162,63,68,37.2,dizziness|chest pain,diabetes,0
76,137,78,104,38.1,dizziness,hypertension,1
60,112,89,81,39.7,dizziness,diabetes,1
54,185,97,104,38.9,,,2
31,157,64,78,38.7,,,1
38,160,66,73,39.0,breathlessness|fever,diabetes|asthma,1
70,149,101,101,39.7,,asthma,1
83,154,109,104,38.8,fever|chest pain,hypertension,1
55,125,85,92,37.7,breathlessness|chest pain,asthma|hypertension,0
26,114,79,129,37.8,dizziness,,2
90,166,62,123,39.1,fever,hypertension,2
89,102,62,115,38.5,fever,diabetes,1
88,135,67,108,39.3,chest pain,hypertension|asthma,1
71,113,69,108,37.8,breathlessness|dizziness,diabetes|hypertension,1
65,150,100,77,37.9,fever,asthma|diabetes,0
23,179,95,115,38.6,breathlessness,,2
63,108,110,95,37.4,,hypertension|diabetes,0
81,151,69,127,39.5,fever|breathlessness,,2
64,164,60,102,36.7,chest pain|breathlessness,,1
86,168,83,124,36.2,,diabetes|asthma,2
76,155,94,127,39.5,fever|chest pain,asthma,2
87,144,93,129,37.8,chest pain|breathlessness,hypertension,2
44,164,94,80,38.8,chest pain,diabetes|asthma,1
47,171,81,132,37.8,,diabetes|asthma,2
35,151,87,114,38.3,,diabetes,1
18,127,107,133,36.9,,diabetes|asthma,2
40,115,60,91,39.5,chest pain|dizziness,diabetes|hypertension,1
62,134,108,129,38.7,,hypertension,2
30,111,68,122,39.6,breathlessness|chest pain,,2
45,150,98,133,36.1,,,2
80,102,85,139,40.0,,diabetes|hypertension,2
72,189,82,138,38.9,breathlessness,,2
85,174,99,101,37.0,breathlessness|fever,asthma|hypertension,2
36,106,79,114,38.1,fever,,1
66,183,103,130,38.3,chest pain|breathlessness,diabetes,2
63,117,86,136,37.6,chest pain|breathlessness,asthma|diabetes,2
71,116,66,95,36.4,,hypertension,0
59,158,101,128,39.5,fever|breathlessness,asthma|diabetes,2
79,144,94,137,38.8,,hypertension,2
79,103,103,128,36.0,fever|chest pain,,2
76,189,61,125,38.8,breathlessness,,2
36,171,68,64,37.6,dizziness|breathlessness,hypertension|diabetes,2
85,102,100,83,37.8,chest pain|dizziness,asthma,0
41,112,89,92,36.9,dizziness,,0
42,128,93,79,38.3,dizziness|fever,asthma|diabetes,0
37,101,86,122,39.1,,diabetes,2
61,156,78,87,39.7,dizziness,,1
54,152,76,107,36.5,,,1
46,155,74,136,38.6,,,2
47,158,65,125,39.1,,asthma|diabetes,2
75,115,68,106,39.7,fever|chest pain,hypertension|diabetes,1
83,159,110,60,40.0,,,1
59,143,64,125,39.7,breathlessness|fever,asthma|diabetes,2
86,120,90,92,37.9,fever|chest pain,hypertension|asthma,0
32,158,107,89,39.4,,,1
57,162,96,70,36.0,fever,,0
49,184,103,71,38.4,,,2
37,121,89,120,36.3,chest pain,asthma,1
78,140,73,82,37.4,chest pain|dizziness,asthma,0
83,136,93,66,36.0,,hypertension|asthma,0
48,180,107,93,37.1,,,2
86,114,84,117,39.7,chest pain|fever,,1
62,156,101,137,36.5,,asthma,2
55,135,100,121,38.7,,asthma,2
58,166,66,112,36.5,,asthma,1
41,187,109,137,38.5,,diabetes|asthma,2
39,148,77,74,37.2,,diabetes,0
63,147,81,77,36.1,,asthma,0
22,137,87,110,36.7,,diabetes|asthma,1
72,132,78,102,36.5,,,1
19,140,97,133,38.3,fever,,2
21,158,75,92,36.7,fever,asthma,0
21,145,95,100,36.1,fever|chest pain,hypertension|diabetes,0
77,111,72,84,36.3,fever|chest pain,,0
79,160,92,120,39.7,chest pain|dizziness,diabetes|asthma,1
51,156,101,91,38.3,chest pain,diabetes,0
76,120,95,83,39.0,,diabetes|asthma,1
42,169,73,107,38.4,,,1
70,133,100,66,36.2,,hypertension|diabetes,0
59,165,81,132,38.4,,hypertension|asthma,2
58,107,75,62,37.7,,diabetes,0
60,114,83,76,39.5,fever|breathlessness,diabetes|hypertension,1
81,163,102,104,38.5,chest pain|fever,asthma,1
65,124,87,83,37.5,,asthma,0
26,109,98,62,39.8,dizziness|fever,hypertension,1
48,171,97,64,38.0,,asthma|hypertension,2
44,134,98,137,39.4,chest pain,diabetes|asthma,2
46,110,81,124,39.0,dizziness,,2
46,119,73,93,38.4,,hypertension|diabetes,0
26,118,60,94,38.6,dizziness,,1
28,144,62,91,40.0,chest pain,diabetes,1
67,146,83,101,38.9,fever|chest pain,,1
18,121,104,134,37.1,fever|chest pain,,2
51,168,83,133,36.2,fever,hypertension,2
35,121,82,92,38.4,breathlessness|chest pain,asthma|hypertension,0
55,165,73,66,38.2,,diabetes|hypertension,0
68,127,106,133,38.3,,,2
74,174,85,124,37.6,dizziness|breathlessness,,2
59,112,77,97,37.7,breathlessness,hypertension|asthma,0
24,152,109,89,39.8,dizziness,,1
84,169,97,85,36.0,,,0
43,172,82,113,39.3,dizziness|chest pain,hypertension,2
29,112,80,139,38.8,chest pain|breathlessness,asthma|hypertension,2
29,113,77,81,37.9,,diabetes|hypertension,0
18,181,79,78,37.1,,diabetes,2
83,168,70,62,37.7,fever,,0
29,151,75,103,39.0,chest pain,,1
42,143,91,110,36.8,breathlessness,asthma|diabetes,1
76,110,77,122,36.4,breathlessness|chest pain,diabetes|asthma,2
23,117,62,79,38.0,dizziness|breathlessness,hypertension|diabetes,0
22,104,89,128,39.7,dizziness|chest pain,,2
82,110,77,62,36.2,fever,diabetes|hypertension,0
24,180,89,137,38.5,,asthma|diabetes,2
20,156,87,75,36.3,,,0
83,184,61,137,38.5,,asthma|diabetes,2
43,140,87,122,36.1,,diabetes|asthma,2
84,153,101,69,36.7,dizziness|fever,diabetes,0
19,164,95,75,38.2,dizziness|chest pain,diabetes|hypertension,0
74,151,72,109,36.6,breathlessness,diabetes|asthma,1
77,146,85,95,38.7,dizziness,asthma|diabetes,1
27,141,74,123,39.9,,asthma,2
63,141,73,77,37.5,,,0
84,104,88,93,36.4,dizziness,,0
74,102,96,110,39.9,,,1
19,118,70,106,38.0,fever|chest pain,asthma|diabetes,1
25,108,109,80,37.3,dizziness,hypertension,0
23,147,102,103,36.2,,hypertension,1
20,172,92,140,40.0,breathlessness,diabetes,2
84,106,109,95,39.5,breathlessness,hypertension|diabetes,1
86,117,99,131,37.2,dizziness,diabetes,2
69,158,87,120,36.8,breathlessness|chest pain,diabetes,1
50,114,102,94,38.6,chest pain|fever,diabetes|asthma,1
68,116,73,78,36.6,fever|breathlessness,hypertension,0
55,179,96,73,39.9,fever,,2
72,151,102,99,37.8,dizziness,hypertension,0
50,130,104,115,38.6,breathlessness|fever,diabetes|hypertension,1
44,140,103,104,38.5,dizziness,diabetes|hypertension,1
57,138,63,72,36.2,,diabetes|asthma,0
30,116,108,123,36.7,chest pain|dizziness,hypertension|diabetes,2
89,176,101,99,38.1,,asthma|hypertension,2
77,164,62,94,37.4,breathlessness,hypertension,0
19,170,80,97,39.2,chest pain,diabetes|asthma,1
39,187,75,67,37.2,fever,,2
27,161,104,109,39.6,fever,diabetes,1
62,133,78,60,39.6,,asthma,1
28,135,70,68,40.0,,,1
38,173,90,100,38.5,dizziness|chest pain,diabetes|hypertension,2
25,115,64,138,37.5,,asthma,2
82,186,93,83,38.4,chest pain|dizziness,diabetes,2
61,189,74,69,36.7,dizziness,,2
73,186,87,127,38.4,fever,,2
71,161,92,90,37.2,,,0
81,144,102,99,39.9,chest pain|dizziness,asthma|diabetes,1
19,129,99,140,36.1,chest pain,,2
78,156,77,81,39.8,chest pain|breathlessness,hypertension,1
61,184,63,103,37.8,dizziness|chest pain,asthma|diabetes,2
72,158,74,74,37.0,breathlessness|fever,diabetes|asthma,0
25,139,68,70,36.7,,,0
72,127,93,87,39.0,,hypertension|diabetes,1
32,134,94,95,37.2,fever,,0
90,188,64,96,39.1,,,2
77,105,105,109,36.2,fever|breathlessness,,1
30,178,92,106,36.8,,diabetes,2
88,109,110,127,37.7,,,2
61,116,102,135,36.5,,,2
59,163,94,97,36.3,chest pain|breathlessness,diabetes|hypertension,0
36,165,84,63,36.6,,hypertension|asthma,0
35,174,110,124,37.6,fever,diabetes|hypertension,2
86,132,98,67,37.7,,hypertension,0
31,111,96,100,37.7,chest pain,,0
54,101,92,120,37.7,fever|breathlessness,,1
24,153,83,77,38.9,breathlessness|dizziness,hypertension|diabetes,1
36,186,62,118,39.1,,,2
26,174,80,111,39.3,,diabetes|hypertension,2
36,149,69,101,36.8,fever|dizziness,asthma,1
44,116,97,104,39.8,chest pain,asthma,1
33,188,101,137,36.8,fever|dizziness,diabetes,2
44,169,81,117,36.8,fever|dizziness,diabetes,1
78,138,107,110,39.3,dizziness|chest pain,,1
55,182,102,93,38.7,,,2
65,140,67,85,39.2,,asthma,1
56,124,104,64,37.6,,hypertension|diabetes,0
71,180,70,117,39.8,,,2
25,161,98,123,36.5,chest pain,,2
46,172,96,119,38.6,,,2
58,136,109,74,38.2,,,0
52,178,67,100,37.6,breathlessness,diabetes|hypertension,2
68,114,62,103,36.9,dizziness|fever,diabetes,1
74,143,75,124,38.5,breathlessness,asthma,2
72,132,76,77,37.8,chest pain,diabetes|hypertension,0
73,168,80,135,37.7,,,2
42,100,95,140,38.9,,asthma|hypertension,2
64,176,94,64,39.3,,,2
43,183,86,135,38.9,,asthma|hypertension,2
80,178,86,67,38.4,chest pain,asthma|diabetes,2
34,122,61,133,36.4,,diabetes,2
64,142,110,90,36.9,fever|breathlessness,diabetes|asthma,0
43,104,94,126,39.5,chest pain|dizziness,hypertension|diabetes,2
39,147,79,117,38.1,fever|breathlessness,hypertension,1
18,171,68,92,39.6,,diabetes,2
57,169,84,70,37.5,,hypertension|diabetes,0
49,112,74,91,37.1,chest pain,asthma|hypertension,0
23,153,103,88,36.3,chest pain|breathlessness,diabetes|hypertension,0
41,155,88,72,39.1,,,1
61,154,98,60,39.1,chest pain|fever,asthma,1
54,127,98,112,36.1,fever|dizziness,hypertension,1
37,117,99,100,37.5,dizziness|fever,,0
29,178,74,119,37.3,,,2
81,190,96,98,36.1,fever,,2
32,171,82,89,39.3,,,2
77,185,106,102,39.4,,asthma|hypertension,2
28,139,76,134,38.0,chest pain|fever,,2
44,109,90,74,36.4,dizziness|chest pain,hypertension|diabetes,0
90,170,75,73,39.3,dizziness|fever,asthma,1
63,179,70,102,36.8,dizziness|chest pain,,2
76,125,65,115,37.3,,diabetes|hypertension,1
69,149,103,85,38.1,dizziness|chest pain,asthma,0
33,136,94,64,36.6,fever,,0
65,102,106,138,39.8,breathlessness|dizziness,diabetes|hypertension,2
82,166,82,78,38.9,,,1
67,169,63,84,36.9,dizziness|fever,hypertension|diabetes,0
19,183,66,61,38.6,,asthma|diabetes,2
33,123,84,130,39.8,dizziness,asthma|diabetes,2
42,129,103,111,39.8,fever|breathlessness,diabetes|hypertension,1
18,117,101,135,39.0,chest pain,,2
36,157,80,112,38.4,breathlessness,,1
45,103,74,99,37.9,fever,hypertension|asthma,0
59,137,97,112,39.3,,diabetes|asthma,1
31,183,73,83,36.8,dizziness,,2
26,181,79,99,39.8,breathlessness,asthma,2
80,154,61,125,38.3,breathlessness|dizziness,hypertension|diabetes,2
86,165,109,113,36.1,breathlessness,diabetes,1
50,143,97,76,38.2,breathlessness|chest pain,,0
60,134,105,110,37.9,chest pain,diabetes,1
32,114,98,85,38.0,breathlessness|chest pain,asthma,0
52,103,84,132,37.9,chest pain|fever,asthma|hypertension,2
85,120,87,94,38.4,,diabetes,0
85,161,89,68,39.5,,,1
55,126,60,92,39.2,,,1
70,156,103,127,36.9,,hypertension,2
44,142,93,114,39.4,chest pain,hypertension|asthma,1
64,164,82,88,38.0,chest pain,asthma,0
32,134,78,129,38.2,fever,,2
73,131,65,74,39.9,,hypertension,1
25,103,110,136,38.9,dizziness|chest pain,asthma,2
88,163,74,74,36.7,chest pain|fever,hypertension|asthma,0
46,114,66,113,36.3,fever,asthma|diabetes,1
54,148,64,70,37.3,,asthma|hypertension,0
75,169,79,85,39.1,,asthma|hypertension,1
23,112,72,126,37.6,chest pain,asthma|diabetes,2
54,189,106,74,38.2,fever,hypertension|asthma,2
69,168,108,93,36.4,,,0
50,162,108,92,37.2,,asthma,0
81,179,84,122,39.2,chest pain,,2
22,102,88,61,38.7,dizziness|fever,diabetes|asthma,1
86,174,70,95,36.9,breathlessness,,2
46,103,67,83,39.2,chest pain|breathlessness,asthma,1
49,151,74,96,37.8,,,0
47,113,87,87,36.1,dizziness|chest pain,diabetes,0
50,160,66,66,39.0,fever,,1
58,111,106,116,36.4,,asthma,1
57,183,98,105,36.4,breathlessness|fever,,2
26,106,81,131,37.1,,,2
65,104,63,118,38.4,chest pain|dizziness,asthma|hypertension,1
59,164,99,110,38.7,,,1
27,173,73,72,37.3,fever|dizziness,,2
61,102,81,61,39.7,,hypertension|asthma,1
49,136,102,97,38.0,,diabetes,0
52,149,109,128,39.4,,diabetes,2
64,132,97,122,38.3,dizziness|breathlessness,,2
49,187,74,103,39.0,,hypertension|asthma,2
30,145,85,78,37.5,fever,,0
76,122,63,137,36.1,fever|chest pain,asthma|diabetes,2
51,125,95,61,39.4,,hypertension,1
58,137,110,126,37.7,,diabetes,2
39,179,88,73,39.0,,hypertension,2
73,139,77,85,38.1,,,0
24,169,90,140,38.7,fever|dizziness,diabetes|asthma,2
49,128,105,126,39.8,dizziness,diabetes|hypertension,2
31,156,73,86,38.6,fever|dizziness,,1
48,147,78,70,38.7,chest pain|breathlessness,hypertension,1
69,111,78,139,36.8,dizziness,,2
39,100,110,83,39.3,chest pain,,1
32,181,105,85,39.1,fever|chest pain,diabetes|hypertension,2
75,132,105,102,39.6,breathlessness,,1
18,103,103,119,38.1,,,1
25,141,69,111,38.9,dizziness,,1
29,158,78,80,37.1,fever,asthma|diabetes,0
80,110,64,72,38.8,dizziness,,1
59,138,92,70,39.2,chest pain,hypertension,1
42,153,85,114,39.0,,,1
78,115,60,83,38.1,breathlessness,asthma|hypertension,0
50,127,106,110,37.8,breathlessness,asthma|diabetes,1
63,174,76,70,36.7,chest pain,,2
45,104,60,79,39.6,,diabetes|hypertension,1
22,131,99,140,38.9,,,2
33,183,101,90,39.0,chest pain|breathlessness,hypertension,2
56,129,67,75,38.3,dizziness|chest pain,,0
37,168,85,101,38.8,fever|breathlessness,hypertension|asthma,1
27,188,107,70,38.2,fever|dizziness,diabetes|asthma,2
29,147,62,132,36.6,fever|breathlessness,diabetes|asthma,2
89,182,63,87,37.7,,asthma,2
22,135,70,69,39.4,dizziness,,1
65,140,62,97,37.8,dizziness,hypertension,0
46,151,87,104,40.0,fever|dizziness,hypertension|asthma,1
24,152,68,105,36.2,,asthma,1
31,164,105,89,37.4,dizziness|chest pain,,0
34,182,110,66,36.7,,asthma|hypertension,2
41,115,77,134,38.4,breathlessness|fever,,2
68,139,100,93,39.0,fever|dizziness,,1
37,104,77,120,37.2,fever,diabetes|hypertension,1
82,168,78,130,38.2,,,2
80,121,66,126,37.0,,,2
43,174,78,78,38.3,breathlessness|chest pain,asthma|diabetes,2
19,146,84,99,39.9,,asthma,1
28,138,73,90,38.0,breathlessness|fever,,0
32,190,61,66,37.8,breathlessness|fever,asthma,2
69,144,72,104,37.4,breathlessness|dizziness,,1
55,185,105,130,36.1,chest pain|dizziness,asthma|hypertension,2
40,126,101,103,38.7,dizziness,,1
50,172,80,83,38.8,,,2
34,184,106,81,36.3,fever|dizziness,diabetes,2
26,182,70,134,39.2,chest pain,asthma|hypertension,2
88,145,78,99,36.0,,hypertension,0
73,138,97,135,37.5,chest pain|fever,,2
74,132,92,132,39.0,dizziness|chest pain,hypertension,2
83,145,100,61,39.7,breathlessness,asthma|diabetes,1
85,187,104,112,39.3,chest pain|dizziness,hypertension,2
74,177,70,107,39.4,fever|dizziness,asthma,2
62,106,75,99,39.4,breathlessness|dizziness,diabetes,1
42,190,61,107,39.6,chest pain|fever,asthma,2
35,168,84,102,37.8,breathlessness|dizziness,diabetes,1
70,139,77,85,38.7,fever|breathlessness,hypertension,1
82,129,95,96,36.6,breathlessness|dizziness,asthma,0
45,161,95,87,39.0,fever|dizziness,hypertension|diabetes,1
37,143,110,135,37.3,,asthma,2
39,139,72,79,38.2,,,0
33,149,80,107,38.7,fever|dizziness,asthma,1
66,143,92,83,39.0,,,1
60,152,104,107,36.1,,hypertension|asthma,1
39,106,86,63,39.7,dizziness,diabetes,1
24,113,81,96,38.3,dizziness,asthma|hypertension,0
82,145,82,111,39.3,fever,,1
41,143,102,140,37.2,breathlessness|chest pain,diabetes,2
29,134,74,77,39.8,breathlessness,,1
54,178,102,62,36.2,breathlessness,,2
82,146,63,112,38.7,,,1
66,152,75,105,37.8,fever,hypertension,1
65,121,108,130,36.0,,,2
85,108,77,139,39.0,,,2
86,112,109,101,36.3,fever|breathlessness,asthma|hypertension,1
59,190,86,88,38.7,,diabetes|hypertension,2
26,173,102,112,36.7,,asthma,2
29,135,72,132,38.9,,asthma|hypertension,2
89,136,86,61,36.4,,,0
49,117,92,95,36.4,breathlessness|fever,,0
85,185,105,118,36.4,,asthma|hypertension,2
57,154,105,92,38.1,,hypertension,0
86,183,99,97,37.1,breathlessness|chest pain,hypertension,2
67,153,105,105,38.2,fever|breathlessness,diabetes|asthma,1
63,104,94,83,38.8,,diabetes|asthma,1
61,144,99,127,37.9,breathlessness|fever,hypertension|diabetes,2
20,177,79,64,39.9,,asthma,2
76,174,110,94,37.1,chest pain|breathlessness,diabetes,2
55,146,74,67,39.1,,hypertension|diabetes,1
38,100,81,126,36.4,fever,,2
71,175,92,93,38.1,dizziness|chest pain,diabetes,2
66,153,80,86,39.2,fever,,1
27,188,71,137,38.8,,diabetes,2
74,174,73,119,39.0,,hypertension,2
76,167,110,110,39.6,chest pain|dizziness,hypertension,1
39,146,82,136,37.3,,asthma|diabetes,2
89,119,69,110,37.2,dizziness,hypertension,1
86,188,107,120,36.8,chest pain|fever,,2
30,173,68,86,38.8,chest pain,asthma|hypertension,2
75,127,103,140,40.0,,asthma|hypertension,2
72,184,93,112,39.0,dizziness,,2
86,156,104,102,39.8,,diabetes|asthma,1
18,103,68,119,39.3,dizziness|breathlessness,diabetes|hypertension,1
18,151,110,80,37.1,,,0
79,108,91,118,39.3,,diabetes|asthma,1
64,177,94,109,38.2,breathlessness|dizziness,hypertension|diabetes,2
35,158,72,111,39.8,dizziness|breathlessness,,1
71,137,108,66,36.0,dizziness|breathlessness,asthma,0
41,189,77,70,38.1,dizziness,hypertension,2
37,166,60,72,36.5,fever|breathlessness,asthma|diabetes,0
67,152,60,110,39.0,,,1
32,140,63,106,39.5,chest pain,hypertension,1
53,186,86,131,36.2,,,2
18,168,83,78,36.6,dizziness,diabetes|asthma,0
49,111,88,126,38.9,breathlessness,hypertension,2
88,122,70,64,36.3,,,0
57,173,92,70,37.7,breathlessness|fever,,2
78,119,92,105,36.1,fever|chest pain,asthma,1
28,129,78,126,37.3,,,2
28,160,73,117,36.1,chest pain,,1
71,153,77,103,38.1,,,1
48,144,92,117,38.2,,diabetes|asthma,1
37,129,72,100,37.6,,diabetes|hypertension,0
75,144,84,93,36.4,fever,,0
83,167,80,69,39.4,chest pain|dizziness,diabetes|asthma,1
69,145,66,60,39.4,chest pain|breathlessness,asthma,1
51,150,60,110,39.3,,,1
37,128,60,91,38.7,dizziness|breathlessness,diabetes,1
34,159,77,114,36.6,dizziness|breathlessness,,1
44,115,79,120,39.5,chest pain,,1
59,186,69,77,38.9,breathlessness,asthma,2
18,124,60,125,39.4,,diabetes|asthma,2
69,106,90,71,38.1,breathlessness|dizziness,,0
55,122,71,86,39.5,chest pain|dizziness,asthma,1
49,176,78,110,37.3,chest pain|fever,hypertension,2
52,120,106,122,37.2,chest pain|fever,,2
79,138,93,127,39.0,fever|breathlessness,asthma|diabetes,2
63,132,71,90,39.2,,diabetes,1
47,171,74,89,39.2,,diabetes|asthma,2
48,112,85,75,38.0,,hypertension|diabetes,0
70,155,100,109,37.6,fever|breathlessness,diabetes,1
90,115,86,131,37.1,chest pain,diabetes,2
47,184,83,117,36.7,chest pain,diabetes|hypertension,2
44,182,71,94,36.4,,diabetes,2
64,117,84,107,36.4,dizziness|breathlessness,asthma,1
56,184,61,67,36.2,,hypertension,2
66,154,109,125,36.4,breathlessness,,2
51,126,92,137,37.1,,,2
80,159,81,80,37.1,dizziness|breathlessness,diabetes|asthma,0
74,154,93,133,38.8,dizziness,diabetes,2
90,150,76,87,38.8,,hypertension|diabetes,1
73,147,90,83,39.9,breathlessness,diabetes,1
37,186,82,73,39.0,,,2
21,115,109,77,38.9,,diabetes,1
77,162,71,124,37.0,,diabetes|hypertension,2
61,150,94,91,39.4,fever|dizziness,asthma|hypertension,1
46,125,104,60,38.4,dizziness|breathlessness,hypertension,0
70,143,70,125,37.7,breathlessness|chest pain,hypertension,2
90,150,107,96,38.9,,hypertension|asthma,1
48,115,99,103,38.8,,diabetes,1
70,178,82,67,39.6,,hypertension|asthma,2
73,154,100,117,39.7,dizziness|fever,,1
33,104,80,136,36.3,dizziness,,2
30,149,85,105,37.6,,asthma,1
44,109,91,68,37.8,dizziness,,0
56,182,90,71,38.4,chest pain,hypertension|asthma,2
90,149,97,100,36.2,,asthma|diabetes,0
40,116,104,68,38.7,,diabetes|hypertension,1
51,187,108,68,36.2,fever|breathlessness,asthma|diabetes,2
75,149,103,97,39.2,breathlessness|chest pain,,1
26,170,86,62,38.9,,,1
51,132,61,85,38.5,chest pain|breathlessness,,0
29,105,84,112,37.7,dizziness|fever,asthma|diabetes,1
20,144,82,89,38.2,fever,,0
84,187,76,98,36.7,breathlessness,,2
74,126,83,126,37.2,fever,asthma|hypertension,2
39,136,67,106,37.5,chest pain|fever,hypertension,1
78,179,110,132,37.4,chest pain|dizziness,diabetes|asthma,2
31,180,105,132,38.7,,,2
62,162,101,67,38.4,fever,asthma,0
18,111,96,135,37.6,,diabetes,2
53,106,101,118,36.1,,,1
50,102,84,62,38.7,fever|breathlessness,hypertension,1
56,102,87,120,36.0,dizziness|fever,hypertension,1
89,107,86,96,38.6,,diabetes|asthma,1
81,161,106,69,37.0,chest pain|dizziness,hypertension,0
45,159,107,93,36.8,,,0
72,169,75,85,36.1,dizziness,,0
50,120,93,102,37.9,chest pain,hypertension,1
26,180,107,88,36.1,fever,hypertension,2
86,135,79,106,38.5,,asthma,1
79,145,70,109,36.8,,diabetes|hypertension,1
66,164,73,107,36.2,fever|breathlessness,,1
83,178,83,88,37.6,breathlessness,hypertension|diabetes,2
28,160,76,120,39.2,chest pain|dizziness,,1
46,104,65,94,37.4,chest pain,asthma,0
87,120,77,114,37.5,dizziness,diabetes|asthma,1
27,159,100,127,37.9,,hypertension,2
61,115,80,67,36.7,fever,,0
57,110,71,82,39.5,breathlessness|fever,,1
75,130,97,66,38.9,,asthma,1
74,102,69,117,37.3,dizziness|breathlessness,,1
26,134,90,78,37.7,chest pain|breathlessness,,0
30,156,71,85,36.3,fever,hypertension|asthma,0
52,178,98,61,39.9,fever,diabetes,2
84,179,98,136,37.2,dizziness,,2
70,114,101,76,36.5,,hypertension|asthma,0
24,174,78,89,37.1,,diabetes|hypertension,2
62,124,105,129,39.4,,,2
40,105,98,72,38.1,,,0
65,153,96,117,36.3,chest pain|dizziness,hypertension,1
39,151,63,103,38.2,chest pain,asthma,1
36,175,102,91,37.6,breathlessness|fever,asthma|hypertension,2
83,103,74,94,39.0,,asthma,1
58,143,74,98,38.9,fever|dizziness,diabetes,1
73,171,65,81,38.4,chest pain,hypertension,2
57,169,63,64,39.1,chest pain|breathlessness,asthma,1
38,138,83,84,39.2,fever|dizziness,,1
72,124,107,117,38.7,,asthma,1
71,183,105,131,38.9,chest pain,diabetes|hypertension,2
54,118,60,117,39.4,,hypertension|asthma,1
22,140,90,104,39.1,,asthma|diabetes,1
18,109,107,104,36.0,,asthma,1
62,117,82,66,38.9,,diabetes,1
49,114,64,66,36.3,chest pain|breathlessness,,0
83,125,85,73,38.2,chest pain|dizziness,asthma,0
44,184,66,83,36.0,chest pain,,2
64,180,63,69,38.1,,,2
25,156,90,97,38.3,fever,,0
88,152,66,129,37.3,,asthma,2
67,128,65,80,38.3,chest pain,diabetes,0
74,151,91,107,39.7,dizziness|breathlessness,,1
30,145,99,62,37.8,chest pain,,0
62,170,94,64,38.4,breathlessness|chest pain,,0
85,183,61,65,37.1,dizziness,,2
39,178,62,66,37.9,fever|dizziness,,2
47,175,77,119,39.9,dizziness,hypertension|asthma,2
60,100,104,62,38.4,,diabetes|asthma,0
30,145,71,90,39.1,fever|dizziness,,1
57,119,73,61,37.1,dizziness|fever,,0
29,122,69,81,38.5,dizziness|chest pain,asthma,0
68,120,78,100,37.5,,,0
24,176,106,63,39.7,breathlessness|dizziness,,2
44,133,66,77,39.7,,asthma|hypertension,1
19,180,92,118,37.7,dizziness|fever,hypertension|asthma,2
18,112,87,109,38.6,dizziness|chest pain,diabetes|hypertension,1
83,170,77,114,39.8,breathlessness,asthma|hypertension,1
24,137,79,94,37.0,,,0
